ISO-10303-21;
HEADER;
/* Generated by software containing ST-Developer
 * from STEP Tools, Inc. (www.steptools.com) 
 */

FILE_DESCRIPTION(
/* description */ (''),
/* implementation_level */ '2;1');

FILE_NAME(
/* name */ 'Pliers Side (Assembly).step',
/* time_stamp */ '2026-05-06T13:41:40+10:00',
/* author */ (''),
/* organization */ (''),
/* preprocessor_version */ 'ST-DEVELOPER v20.1',
/* originating_system */ 'Autodesk Translation Framework v15.8.0.0',
/* authorisation */ '');

FILE_SCHEMA (('AUTOMOTIVE_DESIGN { 1 0 10303 214 3 1 1 }'));
ENDSEC;

DATA;
#10=MECHANICAL_DESIGN_GEOMETRIC_PRESENTATION_REPRESENTATION('',(#23,#24),
#7245);
#11=ITEM_DEFINED_TRANSFORMATION($,$,#3753,#4203);
#12=ITEM_DEFINED_TRANSFORMATION($,$,#3980,#4204);
#13=(
REPRESENTATION_RELATIONSHIP($,$,#7259,#7258)
REPRESENTATION_RELATIONSHIP_WITH_TRANSFORMATION(#11)
SHAPE_REPRESENTATION_RELATIONSHIP()
);
#14=(
REPRESENTATION_RELATIONSHIP($,$,#7260,#7258)
REPRESENTATION_RELATIONSHIP_WITH_TRANSFORMATION(#12)
SHAPE_REPRESENTATION_RELATIONSHIP()
);
#15=CONTEXT_DEPENDENT_SHAPE_REPRESENTATION(#13,#7256);
#16=CONTEXT_DEPENDENT_SHAPE_REPRESENTATION(#14,#7257);
#17=NEXT_ASSEMBLY_USAGE_OCCURRENCE('Pliers Side v34:1',
'Pliers Side v34:1','Pliers Side v34:1',#7262,#7263,'Pliers Side v34:1');
#18=NEXT_ASSEMBLY_USAGE_OCCURRENCE('Pliers Side v36:1',
'Pliers Side v36:1','Pliers Side v36:1',#7262,#7264,'Pliers Side v36:1');
#19=SHAPE_REPRESENTATION_RELATIONSHIP('SRR','None',#7259,#21);
#20=SHAPE_REPRESENTATION_RELATIONSHIP('SRR','None',#7260,#22);
#21=ADVANCED_BREP_SHAPE_REPRESENTATION('',(#25),#7243);
#22=ADVANCED_BREP_SHAPE_REPRESENTATION('',(#26),#7244);
#23=STYLED_ITEM('',(#7277),#25);
#24=STYLED_ITEM('',(#7278),#26);
#25=MANIFOLD_SOLID_BREP('Body1',#3727);
#26=MANIFOLD_SOLID_BREP('Body1',#3728);
#27=CONICAL_SURFACE('',#3932,9.5,1.05165021254837);
#28=CONICAL_SURFACE('',#4160,9.37596526541079,1.05165021254837);
#29=TOROIDAL_SURFACE('',#3769,2.15,0.15);
#30=TOROIDAL_SURFACE('',#3771,5.25,1.5);
#31=TOROIDAL_SURFACE('',#3778,5.25,1.5);
#32=TOROIDAL_SURFACE('',#3813,5.25,1.5);
#33=TOROIDAL_SURFACE('',#3820,5.25,1.5);
#34=TOROIDAL_SURFACE('',#3822,5.25,1.5);
#35=TOROIDAL_SURFACE('',#3829,5.25,1.5);
#36=TOROIDAL_SURFACE('',#3831,5.25,1.5);
#37=TOROIDAL_SURFACE('',#3838,5.25,1.5);
#38=TOROIDAL_SURFACE('',#3840,5.25,1.5);
#39=TOROIDAL_SURFACE('',#3847,5.25,1.5);
#40=TOROIDAL_SURFACE('',#3849,5.25,1.5);
#41=TOROIDAL_SURFACE('',#3856,5.25,1.5);
#42=TOROIDAL_SURFACE('',#3858,5.25,1.5);
#43=TOROIDAL_SURFACE('',#3865,5.25,1.5);
#44=TOROIDAL_SURFACE('',#3867,3.15,0.15);
#45=TOROIDAL_SURFACE('',#3871,14.35,0.15);
#46=TOROIDAL_SURFACE('',#3875,3.15,0.15);
#47=TOROIDAL_SURFACE('',#3892,3.15,0.15);
#48=TOROIDAL_SURFACE('',#3895,14.35,0.15);
#49=TOROIDAL_SURFACE('',#3898,2.15,0.15);
#50=TOROIDAL_SURFACE('',#3995,5.25,1.5);
#51=TOROIDAL_SURFACE('',#4001,5.25,1.5);
#52=TOROIDAL_SURFACE('',#4005,5.25,1.5);
#53=TOROIDAL_SURFACE('',#4011,5.25,1.5);
#54=TOROIDAL_SURFACE('',#4015,14.6,0.15);
#55=TOROIDAL_SURFACE('',#4019,2.15,0.15);
#56=TOROIDAL_SURFACE('',#4041,5.25,1.5);
#57=TOROIDAL_SURFACE('',#4075,5.25,1.5);
#58=TOROIDAL_SURFACE('',#4077,5.25,1.5);
#59=TOROIDAL_SURFACE('',#4084,5.25,1.5);
#60=TOROIDAL_SURFACE('',#4088,5.25,1.5);
#61=TOROIDAL_SURFACE('',#4095,5.25,1.5);
#62=TOROIDAL_SURFACE('',#4097,5.25,1.5);
#63=TOROIDAL_SURFACE('',#4104,5.25,1.5);
#64=TOROIDAL_SURFACE('',#4106,5.25,1.5);
#65=TOROIDAL_SURFACE('',#4113,5.25,1.5);
#66=TOROIDAL_SURFACE('',#4115,2.15,0.15);
#67=TOROIDAL_SURFACE('',#4118,14.6,0.15);
#68=TOROIDAL_SURFACE('',#4121,2.15,0.15);
#69=CYLINDRICAL_SURFACE('',#3766,2.);
#70=CYLINDRICAL_SURFACE('',#3775,3.75);
#71=CYLINDRICAL_SURFACE('',#3817,3.75);
#72=CYLINDRICAL_SURFACE('',#3826,3.75);
#73=CYLINDRICAL_SURFACE('',#3835,3.75);
#74=CYLINDRICAL_SURFACE('',#3844,3.75);
#75=CYLINDRICAL_SURFACE('',#3853,3.75);
#76=CYLINDRICAL_SURFACE('',#3862,3.75);
#77=CYLINDRICAL_SURFACE('',#3899,14.5);
#78=CYLINDRICAL_SURFACE('',#3900,3.);
#79=CYLINDRICAL_SURFACE('',#3901,5.);
#80=CYLINDRICAL_SURFACE('',#3902,14.4);
#81=CYLINDRICAL_SURFACE('',#3903,6.);
#82=CYLINDRICAL_SURFACE('',#3904,3.);
#83=CYLINDRICAL_SURFACE('',#3906,14.5);
#84=CYLINDRICAL_SURFACE('',#3926,3.);
#85=CYLINDRICAL_SURFACE('',#3928,5.);
#86=CYLINDRICAL_SURFACE('',#3929,5.);
#87=CYLINDRICAL_SURFACE('',#3930,13.);
#88=CYLINDRICAL_SURFACE('',#3934,6.00000000000001);
#89=CYLINDRICAL_SURFACE('',#3935,5.);
#90=CYLINDRICAL_SURFACE('',#3937,1.);
#91=CYLINDRICAL_SURFACE('',#3938,2.1);
#92=CYLINDRICAL_SURFACE('',#3939,3.);
#93=CYLINDRICAL_SURFACE('',#3941,20.);
#94=CYLINDRICAL_SURFACE('',#3943,16.0078105935821);
#95=CYLINDRICAL_SURFACE('',#3944,0.2);
#96=CYLINDRICAL_SURFACE('',#3946,0.2);
#97=CYLINDRICAL_SURFACE('',#3948,0.2);
#98=CYLINDRICAL_SURFACE('',#3950,0.2);
#99=CYLINDRICAL_SURFACE('',#3952,0.2);
#100=CYLINDRICAL_SURFACE('',#3954,0.2);
#101=CYLINDRICAL_SURFACE('',#3956,0.2);
#102=CYLINDRICAL_SURFACE('',#3958,0.2);
#103=CYLINDRICAL_SURFACE('',#3960,0.2);
#104=CYLINDRICAL_SURFACE('',#3962,0.2);
#105=CYLINDRICAL_SURFACE('',#3964,0.2);
#106=CYLINDRICAL_SURFACE('',#3966,0.2);
#107=CYLINDRICAL_SURFACE('',#3968,14.5);
#108=CYLINDRICAL_SURFACE('',#4034,2.);
#109=CYLINDRICAL_SURFACE('',#4037,14.35);
#110=CYLINDRICAL_SURFACE('',#4039,4.99999999999999);
#111=CYLINDRICAL_SURFACE('',#4046,3.75);
#112=CYLINDRICAL_SURFACE('',#4081,3.75);
#113=CYLINDRICAL_SURFACE('',#4086,3.75);
#114=CYLINDRICAL_SURFACE('',#4087,3.75);
#115=CYLINDRICAL_SURFACE('',#4092,3.75);
#116=CYLINDRICAL_SURFACE('',#4101,3.75);
#117=CYLINDRICAL_SURFACE('',#4110,3.75);
#118=CYLINDRICAL_SURFACE('',#4123,2.);
#119=CYLINDRICAL_SURFACE('',#4125,5.);
#120=CYLINDRICAL_SURFACE('',#4126,14.35);
#121=CYLINDRICAL_SURFACE('',#4127,5.);
#122=CYLINDRICAL_SURFACE('',#4128,5.);
#123=CYLINDRICAL_SURFACE('',#4129,3.);
#124=CYLINDRICAL_SURFACE('',#4151,2.);
#125=CYLINDRICAL_SURFACE('',#4154,14.75);
#126=CYLINDRICAL_SURFACE('',#4155,2.);
#127=CYLINDRICAL_SURFACE('',#4156,2.);
#128=CYLINDRICAL_SURFACE('',#4157,14.75);
#129=CYLINDRICAL_SURFACE('',#4158,5.75000000000001);
#130=CYLINDRICAL_SURFACE('',#4162,12.75);
#131=CYLINDRICAL_SURFACE('',#4166,19.);
#132=CYLINDRICAL_SURFACE('',#4167,5.);
#133=CYLINDRICAL_SURFACE('',#4168,16.0078105935821);
#134=CYLINDRICAL_SURFACE('',#4169,0.2);
#135=CYLINDRICAL_SURFACE('',#4170,0.2);
#136=CYLINDRICAL_SURFACE('',#4172,0.2);
#137=CYLINDRICAL_SURFACE('',#4174,0.2);
#138=CYLINDRICAL_SURFACE('',#4176,0.2);
#139=CYLINDRICAL_SURFACE('',#4178,0.2);
#140=CYLINDRICAL_SURFACE('',#4180,0.2);
#141=CYLINDRICAL_SURFACE('',#4182,0.2);
#142=CYLINDRICAL_SURFACE('',#4184,0.2);
#143=CYLINDRICAL_SURFACE('',#4186,0.2);
#144=CYLINDRICAL_SURFACE('',#4188,0.2);
#145=CYLINDRICAL_SURFACE('',#4190,0.2);
#146=FACE_BOUND('',#1196,.T.);
#147=FACE_BOUND('',#1197,.T.);
#148=FACE_BOUND('',#1198,.T.);
#149=FACE_BOUND('',#1199,.T.);
#150=FACE_BOUND('',#1200,.T.);
#151=FACE_BOUND('',#1201,.T.);
#152=FACE_BOUND('',#1202,.T.);
#153=FACE_BOUND('',#1211,.T.);
#154=FACE_BOUND('',#1212,.T.);
#155=FACE_BOUND('',#1213,.T.);
#156=FACE_BOUND('',#1214,.T.);
#157=FACE_BOUND('',#1215,.T.);
#158=FACE_BOUND('',#1216,.T.);
#159=FACE_BOUND('',#1217,.T.);
#160=FACE_BOUND('',#1218,.T.);
#161=FACE_BOUND('',#1241,.T.);
#162=FACE_BOUND('',#1309,.T.);
#163=FACE_BOUND('',#1310,.T.);
#164=FACE_BOUND('',#1311,.T.);
#165=FACE_BOUND('',#1312,.T.);
#166=FACE_BOUND('',#1313,.T.);
#167=FACE_BOUND('',#1321,.T.);
#168=FACE_BOUND('',#1329,.T.);
#169=FACE_BOUND('',#1330,.T.);
#170=FACE_BOUND('',#1331,.T.);
#171=FACE_BOUND('',#1332,.T.);
#172=FACE_BOUND('',#1333,.T.);
#173=LINE('',#5558,#419);
#174=LINE('',#5648,#420);
#175=LINE('',#5781,#421);
#176=LINE('',#5794,#422);
#177=LINE('',#5804,#423);
#178=LINE('',#5812,#424);
#179=LINE('',#5814,#425);
#180=LINE('',#5818,#426);
#181=LINE('',#5820,#427);
#182=LINE('',#5824,#428);
#183=LINE('',#5826,#429);
#184=LINE('',#5830,#430);
#185=LINE('',#5832,#431);
#186=LINE('',#5836,#432);
#187=LINE('',#5838,#433);
#188=LINE('',#5842,#434);
#189=LINE('',#5844,#435);
#190=LINE('',#5848,#436);
#191=LINE('',#5850,#437);
#192=LINE('',#5854,#438);
#193=LINE('',#5856,#439);
#194=LINE('',#5860,#440);
#195=LINE('',#5862,#441);
#196=LINE('',#5866,#442);
#197=LINE('',#5868,#443);
#198=LINE('',#5872,#444);
#199=LINE('',#5874,#445);
#200=LINE('',#5878,#446);
#201=LINE('',#5882,#447);
#202=LINE('',#5886,#448);
#203=LINE('',#5918,#449);
#204=LINE('',#5932,#450);
#205=LINE('',#5946,#451);
#206=LINE('',#5960,#452);
#207=LINE('',#5974,#453);
#208=LINE('',#5988,#454);
#209=LINE('',#6025,#455);
#210=LINE('',#6047,#456);
#211=LINE('',#6066,#457);
#212=LINE('',#6068,#458);
#213=LINE('',#6070,#459);
#214=LINE('',#6071,#460);
#215=LINE('',#6073,#461);
#216=LINE('',#6075,#462);
#217=LINE('',#6078,#463);
#218=LINE('',#6081,#464);
#219=LINE('',#6085,#465);
#220=LINE('',#6088,#466);
#221=LINE('',#6092,#467);
#222=LINE('',#6096,#468);
#223=LINE('',#6100,#469);
#224=LINE('',#6102,#470);
#225=LINE('',#6106,#471);
#226=LINE('',#6108,#472);
#227=LINE('',#6112,#473);
#228=LINE('',#6114,#474);
#229=LINE('',#6118,#475);
#230=LINE('',#6120,#476);
#231=LINE('',#6124,#477);
#232=LINE('',#6126,#478);
#233=LINE('',#6130,#479);
#234=LINE('',#6132,#480);
#235=LINE('',#6136,#481);
#236=LINE('',#6138,#482);
#237=LINE('',#6142,#483);
#238=LINE('',#6144,#484);
#239=LINE('',#6148,#485);
#240=LINE('',#6150,#486);
#241=LINE('',#6154,#487);
#242=LINE('',#6156,#488);
#243=LINE('',#6160,#489);
#244=LINE('',#6162,#490);
#245=LINE('',#6171,#491);
#246=LINE('',#6173,#492);
#247=LINE('',#6174,#493);
#248=LINE('',#6176,#494);
#249=LINE('',#6178,#495);
#250=LINE('',#6179,#496);
#251=LINE('',#6182,#497);
#252=LINE('',#6186,#498);
#253=LINE('',#6189,#499);
#254=LINE('',#6191,#500);
#255=LINE('',#6214,#501);
#256=LINE('',#6217,#502);
#257=LINE('',#6218,#503);
#258=LINE('',#6220,#504);
#259=LINE('',#6222,#505);
#260=LINE('',#6225,#506);
#261=LINE('',#6227,#507);
#262=LINE('',#6228,#508);
#263=LINE('',#6231,#509);
#264=LINE('',#6232,#510);
#265=LINE('',#6234,#511);
#266=LINE('',#6236,#512);
#267=LINE('',#6237,#513);
#268=LINE('',#6239,#514);
#269=LINE('',#6241,#515);
#270=LINE('',#6242,#516);
#271=LINE('',#6244,#517);
#272=LINE('',#6246,#518);
#273=LINE('',#6247,#519);
#274=LINE('',#6249,#520);
#275=LINE('',#6251,#521);
#276=LINE('',#6252,#522);
#277=LINE('',#6254,#523);
#278=LINE('',#6256,#524);
#279=LINE('',#6257,#525);
#280=LINE('',#6259,#526);
#281=LINE('',#6261,#527);
#282=LINE('',#6262,#528);
#283=LINE('',#6264,#529);
#284=LINE('',#6266,#530);
#285=LINE('',#6267,#531);
#286=LINE('',#6269,#532);
#287=LINE('',#6271,#533);
#288=LINE('',#6272,#534);
#289=LINE('',#6274,#535);
#290=LINE('',#6276,#536);
#291=LINE('',#6277,#537);
#292=LINE('',#6279,#538);
#293=LINE('',#6281,#539);
#294=LINE('',#6283,#540);
#295=LINE('',#6496,#541);
#296=LINE('',#6506,#542);
#297=LINE('',#6650,#543);
#298=LINE('',#6652,#544);
#299=LINE('',#6655,#545);
#300=LINE('',#6662,#546);
#301=LINE('',#6666,#547);
#302=LINE('',#6669,#548);
#303=LINE('',#6672,#549);
#304=LINE('',#6685,#550);
#305=LINE('',#6694,#551);
#306=LINE('',#6701,#552);
#307=LINE('',#6709,#553);
#308=LINE('',#6711,#554);
#309=LINE('',#6715,#555);
#310=LINE('',#6717,#556);
#311=LINE('',#6721,#557);
#312=LINE('',#6723,#558);
#313=LINE('',#6727,#559);
#314=LINE('',#6729,#560);
#315=LINE('',#6733,#561);
#316=LINE('',#6735,#562);
#317=LINE('',#6739,#563);
#318=LINE('',#6741,#564);
#319=LINE('',#6745,#565);
#320=LINE('',#6747,#566);
#321=LINE('',#6751,#567);
#322=LINE('',#6753,#568);
#323=LINE('',#6757,#569);
#324=LINE('',#6759,#570);
#325=LINE('',#6763,#571);
#326=LINE('',#6765,#572);
#327=LINE('',#6769,#573);
#328=LINE('',#6771,#574);
#329=LINE('',#6775,#575);
#330=LINE('',#6779,#576);
#331=LINE('',#6783,#577);
#332=LINE('',#6845,#578);
#333=LINE('',#6850,#579);
#334=LINE('',#6852,#580);
#335=LINE('',#6863,#581);
#336=LINE('',#6877,#582);
#337=LINE('',#6891,#583);
#338=LINE('',#6937,#584);
#339=LINE('',#6938,#585);
#340=LINE('',#6940,#586);
#341=LINE('',#6942,#587);
#342=LINE('',#6945,#588);
#343=LINE('',#6947,#589);
#344=LINE('',#6948,#590);
#345=LINE('',#6951,#591);
#346=LINE('',#6954,#592);
#347=LINE('',#6957,#593);
#348=LINE('',#6958,#594);
#349=LINE('',#6961,#595);
#350=LINE('',#6965,#596);
#351=LINE('',#6967,#597);
#352=LINE('',#6971,#598);
#353=LINE('',#6973,#599);
#354=LINE('',#6977,#600);
#355=LINE('',#6979,#601);
#356=LINE('',#6983,#602);
#357=LINE('',#6985,#603);
#358=LINE('',#6989,#604);
#359=LINE('',#6991,#605);
#360=LINE('',#6995,#606);
#361=LINE('',#6997,#607);
#362=LINE('',#7001,#608);
#363=LINE('',#7003,#609);
#364=LINE('',#7007,#610);
#365=LINE('',#7009,#611);
#366=LINE('',#7013,#612);
#367=LINE('',#7015,#613);
#368=LINE('',#7019,#614);
#369=LINE('',#7021,#615);
#370=LINE('',#7025,#616);
#371=LINE('',#7027,#617);
#372=LINE('',#7041,#618);
#373=LINE('',#7044,#619);
#374=LINE('',#7045,#620);
#375=LINE('',#7047,#621);
#376=LINE('',#7049,#622);
#377=LINE('',#7051,#623);
#378=LINE('',#7053,#624);
#379=LINE('',#7055,#625);
#380=LINE('',#7060,#626);
#381=LINE('',#7064,#627);
#382=LINE('',#7068,#628);
#383=LINE('',#7107,#629);
#384=LINE('',#7166,#630);
#385=LINE('',#7168,#631);
#386=LINE('',#7170,#632);
#387=LINE('',#7172,#633);
#388=LINE('',#7173,#634);
#389=LINE('',#7175,#635);
#390=LINE('',#7177,#636);
#391=LINE('',#7178,#637);
#392=LINE('',#7180,#638);
#393=LINE('',#7182,#639);
#394=LINE('',#7183,#640);
#395=LINE('',#7185,#641);
#396=LINE('',#7187,#642);
#397=LINE('',#7188,#643);
#398=LINE('',#7190,#644);
#399=LINE('',#7192,#645);
#400=LINE('',#7193,#646);
#401=LINE('',#7195,#647);
#402=LINE('',#7197,#648);
#403=LINE('',#7198,#649);
#404=LINE('',#7200,#650);
#405=LINE('',#7202,#651);
#406=LINE('',#7203,#652);
#407=LINE('',#7205,#653);
#408=LINE('',#7207,#654);
#409=LINE('',#7208,#655);
#410=LINE('',#7210,#656);
#411=LINE('',#7212,#657);
#412=LINE('',#7213,#658);
#413=LINE('',#7215,#659);
#414=LINE('',#7217,#660);
#415=LINE('',#7218,#661);
#416=LINE('',#7220,#662);
#417=LINE('',#7222,#663);
#418=LINE('',#7224,#664);
#419=VECTOR('',#4219,10.);
#420=VECTOR('',#4240,10.);
#421=VECTOR('',#4257,3.75);
#422=VECTOR('',#4268,10.);
#423=VECTOR('',#4277,10.);
#424=VECTOR('',#4284,10.);
#425=VECTOR('',#4285,10.);
#426=VECTOR('',#4288,10.);
#427=VECTOR('',#4289,10.);
#428=VECTOR('',#4292,10.);
#429=VECTOR('',#4293,10.);
#430=VECTOR('',#4296,10.);
#431=VECTOR('',#4297,10.);
#432=VECTOR('',#4300,10.);
#433=VECTOR('',#4301,10.);
#434=VECTOR('',#4304,10.);
#435=VECTOR('',#4305,10.);
#436=VECTOR('',#4308,10.);
#437=VECTOR('',#4309,10.);
#438=VECTOR('',#4312,10.);
#439=VECTOR('',#4313,10.);
#440=VECTOR('',#4316,10.);
#441=VECTOR('',#4317,10.);
#442=VECTOR('',#4320,10.);
#443=VECTOR('',#4321,10.);
#444=VECTOR('',#4324,10.);
#445=VECTOR('',#4325,10.);
#446=VECTOR('',#4328,10.);
#447=VECTOR('',#4331,10.);
#448=VECTOR('',#4334,10.);
#449=VECTOR('',#4369,3.75);
#450=VECTOR('',#4388,3.75);
#451=VECTOR('',#4407,3.75);
#452=VECTOR('',#4426,3.75);
#453=VECTOR('',#4445,3.75);
#454=VECTOR('',#4464,3.75);
#455=VECTOR('',#4497,10.);
#456=VECTOR('',#4520,10.);
#457=VECTOR('',#4539,3.);
#458=VECTOR('',#4542,3.);
#459=VECTOR('',#4545,10.);
#460=VECTOR('',#4546,10.);
#461=VECTOR('',#4549,10.);
#462=VECTOR('',#4552,6.);
#463=VECTOR('',#4555,3.);
#464=VECTOR('',#4558,3.);
#465=VECTOR('',#4563,3.);
#466=VECTOR('',#4566,10.);
#467=VECTOR('',#4569,10.);
#468=VECTOR('',#4572,10.);
#469=VECTOR('',#4575,10.);
#470=VECTOR('',#4576,10.);
#471=VECTOR('',#4579,10.);
#472=VECTOR('',#4580,10.);
#473=VECTOR('',#4583,10.);
#474=VECTOR('',#4584,10.);
#475=VECTOR('',#4587,10.);
#476=VECTOR('',#4588,10.);
#477=VECTOR('',#4591,10.);
#478=VECTOR('',#4592,10.);
#479=VECTOR('',#4595,10.);
#480=VECTOR('',#4596,10.);
#481=VECTOR('',#4599,10.);
#482=VECTOR('',#4600,10.);
#483=VECTOR('',#4603,10.);
#484=VECTOR('',#4604,10.);
#485=VECTOR('',#4607,10.);
#486=VECTOR('',#4608,10.);
#487=VECTOR('',#4611,10.);
#488=VECTOR('',#4612,10.);
#489=VECTOR('',#4615,10.);
#490=VECTOR('',#4616,10.);
#491=VECTOR('',#4627,3.);
#492=VECTOR('',#4630,10.);
#493=VECTOR('',#4631,10.);
#494=VECTOR('',#4634,10.);
#495=VECTOR('',#4637,4.99999999999999);
#496=VECTOR('',#4638,10.);
#497=VECTOR('',#4641,13.);
#498=VECTOR('',#4646,9.5);
#499=VECTOR('',#4651,6.00000000000001);
#500=VECTOR('',#4654,4.99999999999999);
#501=VECTOR('',#4659,10.);
#502=VECTOR('',#4664,10.);
#503=VECTOR('',#4665,10.);
#504=VECTOR('',#4668,10.);
#505=VECTOR('',#4671,10.);
#506=VECTOR('',#4676,10.);
#507=VECTOR('',#4679,10.);
#508=VECTOR('',#4680,10.);
#509=VECTOR('',#4685,10.);
#510=VECTOR('',#4686,10.);
#511=VECTOR('',#4689,10.);
#512=VECTOR('',#4692,10.);
#513=VECTOR('',#4693,10.);
#514=VECTOR('',#4696,10.);
#515=VECTOR('',#4699,10.);
#516=VECTOR('',#4700,10.);
#517=VECTOR('',#4703,10.);
#518=VECTOR('',#4706,10.);
#519=VECTOR('',#4707,10.);
#520=VECTOR('',#4710,10.);
#521=VECTOR('',#4713,10.);
#522=VECTOR('',#4714,10.);
#523=VECTOR('',#4717,10.);
#524=VECTOR('',#4720,10.);
#525=VECTOR('',#4721,10.);
#526=VECTOR('',#4724,10.);
#527=VECTOR('',#4727,10.);
#528=VECTOR('',#4728,10.);
#529=VECTOR('',#4731,10.);
#530=VECTOR('',#4734,10.);
#531=VECTOR('',#4735,10.);
#532=VECTOR('',#4738,10.);
#533=VECTOR('',#4741,10.);
#534=VECTOR('',#4742,10.);
#535=VECTOR('',#4745,10.);
#536=VECTOR('',#4748,10.);
#537=VECTOR('',#4749,10.);
#538=VECTOR('',#4752,10.);
#539=VECTOR('',#4755,10.);
#540=VECTOR('',#4758,10.);
#541=VECTOR('',#4795,10.);
#542=VECTOR('',#4804,10.);
#543=VECTOR('',#4895,10.);
#544=VECTOR('',#4896,10.);
#545=VECTOR('',#4899,10.);
#546=VECTOR('',#4902,10.);
#547=VECTOR('',#4907,10.);
#548=VECTOR('',#4910,10.);
#549=VECTOR('',#4913,10.);
#550=VECTOR('',#4928,3.75);
#551=VECTOR('',#4933,10.);
#552=VECTOR('',#4940,10.);
#553=VECTOR('',#4947,10.);
#554=VECTOR('',#4948,10.);
#555=VECTOR('',#4951,10.);
#556=VECTOR('',#4952,10.);
#557=VECTOR('',#4955,10.);
#558=VECTOR('',#4956,10.);
#559=VECTOR('',#4959,10.);
#560=VECTOR('',#4960,10.);
#561=VECTOR('',#4963,10.);
#562=VECTOR('',#4964,10.);
#563=VECTOR('',#4967,10.);
#564=VECTOR('',#4968,10.);
#565=VECTOR('',#4971,10.);
#566=VECTOR('',#4972,10.);
#567=VECTOR('',#4975,10.);
#568=VECTOR('',#4976,10.);
#569=VECTOR('',#4979,10.);
#570=VECTOR('',#4980,10.);
#571=VECTOR('',#4983,10.);
#572=VECTOR('',#4984,10.);
#573=VECTOR('',#4987,10.);
#574=VECTOR('',#4988,10.);
#575=VECTOR('',#4991,10.);
#576=VECTOR('',#4994,10.);
#577=VECTOR('',#4997,10.);
#578=VECTOR('',#5026,3.75);
#579=VECTOR('',#5035,3.75);
#580=VECTOR('',#5038,3.75);
#581=VECTOR('',#5051,3.75);
#582=VECTOR('',#5070,3.75);
#583=VECTOR('',#5089,3.75);
#584=VECTOR('',#5114,10.);
#585=VECTOR('',#5115,10.);
#586=VECTOR('',#5118,10.);
#587=VECTOR('',#5121,10.);
#588=VECTOR('',#5126,6.);
#589=VECTOR('',#5129,10.);
#590=VECTOR('',#5130,2.);
#591=VECTOR('',#5133,10.);
#592=VECTOR('',#5136,10.);
#593=VECTOR('',#5139,10.);
#594=VECTOR('',#5140,10.);
#595=VECTOR('',#5143,10.);
#596=VECTOR('',#5146,10.);
#597=VECTOR('',#5147,10.);
#598=VECTOR('',#5150,10.);
#599=VECTOR('',#5151,10.);
#600=VECTOR('',#5154,10.);
#601=VECTOR('',#5155,10.);
#602=VECTOR('',#5158,10.);
#603=VECTOR('',#5159,10.);
#604=VECTOR('',#5162,10.);
#605=VECTOR('',#5163,10.);
#606=VECTOR('',#5166,10.);
#607=VECTOR('',#5167,10.);
#608=VECTOR('',#5170,10.);
#609=VECTOR('',#5171,10.);
#610=VECTOR('',#5174,10.);
#611=VECTOR('',#5175,10.);
#612=VECTOR('',#5178,10.);
#613=VECTOR('',#5179,10.);
#614=VECTOR('',#5182,10.);
#615=VECTOR('',#5183,10.);
#616=VECTOR('',#5186,10.);
#617=VECTOR('',#5187,10.);
#618=VECTOR('',#5200,10.);
#619=VECTOR('',#5205,2.);
#620=VECTOR('',#5206,2.);
#621=VECTOR('',#5209,10.);
#622=VECTOR('',#5212,10.);
#623=VECTOR('',#5215,2.);
#624=VECTOR('',#5218,2.);
#625=VECTOR('',#5221,2.);
#626=VECTOR('',#5228,6.00000000000001);
#627=VECTOR('',#5233,9.5);
#628=VECTOR('',#5238,13.);
#629=VECTOR('',#5243,10.);
#630=VECTOR('',#5248,10.);
#631=VECTOR('',#5251,10.);
#632=VECTOR('',#5254,10.);
#633=VECTOR('',#5257,10.);
#634=VECTOR('',#5258,10.);
#635=VECTOR('',#5261,10.);
#636=VECTOR('',#5264,10.);
#637=VECTOR('',#5265,10.);
#638=VECTOR('',#5268,10.);
#639=VECTOR('',#5271,10.);
#640=VECTOR('',#5272,10.);
#641=VECTOR('',#5275,10.);
#642=VECTOR('',#5278,10.);
#643=VECTOR('',#5279,10.);
#644=VECTOR('',#5282,10.);
#645=VECTOR('',#5285,10.);
#646=VECTOR('',#5286,10.);
#647=VECTOR('',#5289,10.);
#648=VECTOR('',#5292,10.);
#649=VECTOR('',#5293,10.);
#650=VECTOR('',#5296,10.);
#651=VECTOR('',#5299,10.);
#652=VECTOR('',#5300,10.);
#653=VECTOR('',#5303,10.);
#654=VECTOR('',#5306,10.);
#655=VECTOR('',#5307,10.);
#656=VECTOR('',#5310,10.);
#657=VECTOR('',#5313,10.);
#658=VECTOR('',#5314,10.);
#659=VECTOR('',#5317,10.);
#660=VECTOR('',#5320,10.);
#661=VECTOR('',#5321,10.);
#662=VECTOR('',#5324,10.);
#663=VECTOR('',#5327,10.);
#664=VECTOR('',#5330,10.);
#665=CIRCLE('',#3755,2.);
#666=CIRCLE('',#3756,14.5);
#667=CIRCLE('',#3757,3.);
#668=CIRCLE('',#3758,5.);
#669=CIRCLE('',#3759,5.25);
#670=CIRCLE('',#3760,5.25);
#671=CIRCLE('',#3761,5.25);
#672=CIRCLE('',#3762,5.25);
#673=CIRCLE('',#3763,5.25);
#674=CIRCLE('',#3764,5.25);
#675=CIRCLE('',#3765,5.25);
#676=CIRCLE('',#3767,2.);
#677=CIRCLE('',#3768,2.);
#678=CIRCLE('',#3770,0.150000000000001);
#679=CIRCLE('',#3772,1.5);
#680=CIRCLE('',#3773,3.75);
#681=CIRCLE('',#3774,3.75);
#682=CIRCLE('',#3776,3.75);
#683=CIRCLE('',#3777,3.75);
#684=CIRCLE('',#3779,5.25);
#685=CIRCLE('',#3780,1.5);
#686=CIRCLE('',#3782,5.);
#687=CIRCLE('',#3783,5.);
#688=CIRCLE('',#3784,14.5);
#689=CIRCLE('',#3785,1.);
#690=CIRCLE('',#3786,5.);
#691=CIRCLE('',#3787,16.0078105935821);
#692=CIRCLE('',#3788,0.2);
#693=CIRCLE('',#3789,0.2);
#694=CIRCLE('',#3790,0.2);
#695=CIRCLE('',#3791,0.2);
#696=CIRCLE('',#3792,0.2);
#697=CIRCLE('',#3793,0.2);
#698=CIRCLE('',#3794,0.2);
#699=CIRCLE('',#3795,0.2);
#700=CIRCLE('',#3796,0.2);
#701=CIRCLE('',#3797,0.2);
#702=CIRCLE('',#3798,0.2);
#703=CIRCLE('',#3799,0.2);
#704=CIRCLE('',#3800,3.);
#705=CIRCLE('',#3801,20.);
#706=CIRCLE('',#3802,6.);
#707=CIRCLE('',#3803,5.);
#708=CIRCLE('',#3804,14.4);
#709=CIRCLE('',#3805,2.1);
#710=CIRCLE('',#3806,5.25);
#711=CIRCLE('',#3807,5.25);
#712=CIRCLE('',#3808,5.25);
#713=CIRCLE('',#3809,5.25);
#714=CIRCLE('',#3810,13.);
#715=CIRCLE('',#3811,5.25);
#716=CIRCLE('',#3812,5.25);
#717=CIRCLE('',#3814,1.5);
#718=CIRCLE('',#3815,3.75);
#719=CIRCLE('',#3816,3.75);
#720=CIRCLE('',#3818,3.75);
#721=CIRCLE('',#3819,3.75);
#722=CIRCLE('',#3821,1.5);
#723=CIRCLE('',#3823,1.5);
#724=CIRCLE('',#3824,3.75);
#725=CIRCLE('',#3825,3.75);
#726=CIRCLE('',#3827,3.75);
#727=CIRCLE('',#3828,3.75);
#728=CIRCLE('',#3830,1.5);
#729=CIRCLE('',#3832,1.5);
#730=CIRCLE('',#3833,3.75);
#731=CIRCLE('',#3834,3.75);
#732=CIRCLE('',#3836,3.75);
#733=CIRCLE('',#3837,3.75);
#734=CIRCLE('',#3839,1.5);
#735=CIRCLE('',#3841,1.5);
#736=CIRCLE('',#3842,3.75);
#737=CIRCLE('',#3843,3.75);
#738=CIRCLE('',#3845,3.75);
#739=CIRCLE('',#3846,3.75);
#740=CIRCLE('',#3848,1.5);
#741=CIRCLE('',#3850,1.5);
#742=CIRCLE('',#3851,3.75);
#743=CIRCLE('',#3852,3.75);
#744=CIRCLE('',#3854,3.75);
#745=CIRCLE('',#3855,3.75);
#746=CIRCLE('',#3857,1.5);
#747=CIRCLE('',#3859,1.5);
#748=CIRCLE('',#3860,3.75);
#749=CIRCLE('',#3861,3.75);
#750=CIRCLE('',#3863,3.75);
#751=CIRCLE('',#3864,3.75);
#752=CIRCLE('',#3866,1.5);
#753=CIRCLE('',#3868,0.15);
#754=CIRCLE('',#3869,3.);
#755=CIRCLE('',#3870,3.15);
#756=CIRCLE('',#3872,0.15);
#757=CIRCLE('',#3873,14.5);
#758=CIRCLE('',#3874,14.35);
#759=CIRCLE('',#3876,3.);
#760=CIRCLE('',#3877,3.15);
#761=CIRCLE('',#3879,5.);
#762=CIRCLE('',#3880,1.);
#763=CIRCLE('',#3881,14.5);
#764=CIRCLE('',#3882,5.);
#765=CIRCLE('',#3883,5.);
#766=CIRCLE('',#3884,3.15);
#767=CIRCLE('',#3885,14.35);
#768=CIRCLE('',#3886,2.15);
#769=CIRCLE('',#3887,2.1);
#770=CIRCLE('',#3888,14.4);
#771=CIRCLE('',#3889,5.);
#772=CIRCLE('',#3890,6.);
#773=CIRCLE('',#3891,6.00000000000001);
#774=CIRCLE('',#3893,0.150000000000002);
#775=CIRCLE('',#3894,3.);
#776=CIRCLE('',#3896,0.150000000000001);
#777=CIRCLE('',#3897,14.5);
#778=CIRCLE('',#3905,3.);
#779=CIRCLE('',#3907,14.5);
#780=CIRCLE('',#3909,20.);
#781=CIRCLE('',#3910,3.);
#782=CIRCLE('',#3911,0.2);
#783=CIRCLE('',#3912,0.2);
#784=CIRCLE('',#3913,0.2);
#785=CIRCLE('',#3914,0.2);
#786=CIRCLE('',#3915,0.2);
#787=CIRCLE('',#3916,0.2);
#788=CIRCLE('',#3917,0.2);
#789=CIRCLE('',#3918,0.2);
#790=CIRCLE('',#3919,0.2);
#791=CIRCLE('',#3920,0.2);
#792=CIRCLE('',#3921,0.2);
#793=CIRCLE('',#3922,0.2);
#794=CIRCLE('',#3923,16.0078105935821);
#795=CIRCLE('',#3924,5.);
#796=CIRCLE('',#3925,3.);
#797=CIRCLE('',#3931,13.);
#798=CIRCLE('',#3933,6.00000000000001);
#799=CIRCLE('',#3982,5.25);
#800=CIRCLE('',#3983,5.25);
#801=CIRCLE('',#3984,5.25);
#802=CIRCLE('',#3985,5.25);
#803=CIRCLE('',#3986,2.);
#804=CIRCLE('',#3987,14.75);
#805=CIRCLE('',#3988,2.);
#806=CIRCLE('',#3989,5.);
#807=CIRCLE('',#3990,5.25);
#808=CIRCLE('',#3991,5.25);
#809=CIRCLE('',#3992,5.25);
#810=CIRCLE('',#3993,5.25);
#811=CIRCLE('',#3994,5.25);
#812=CIRCLE('',#3996,5.25);
#813=CIRCLE('',#3997,1.5);
#814=CIRCLE('',#3998,3.75);
#815=CIRCLE('',#3999,3.75);
#816=CIRCLE('',#4000,5.25);
#817=CIRCLE('',#4002,1.5);
#818=CIRCLE('',#4003,3.75);
#819=CIRCLE('',#4004,3.75);
#820=CIRCLE('',#4006,5.25);
#821=CIRCLE('',#4007,1.5);
#822=CIRCLE('',#4008,3.75);
#823=CIRCLE('',#4009,3.75);
#824=CIRCLE('',#4010,5.25);
#825=CIRCLE('',#4012,1.5);
#826=CIRCLE('',#4013,3.75);
#827=CIRCLE('',#4014,3.75);
#828=CIRCLE('',#4016,0.15);
#829=CIRCLE('',#4017,14.75);
#830=CIRCLE('',#4018,14.6);
#831=CIRCLE('',#4020,2.);
#832=CIRCLE('',#4021,2.15);
#833=CIRCLE('',#4023,2.);
#834=CIRCLE('',#4024,14.35);
#835=CIRCLE('',#4025,5.);
#836=CIRCLE('',#4026,5.);
#837=CIRCLE('',#4027,2.15);
#838=CIRCLE('',#4028,14.6);
#839=CIRCLE('',#4029,2.15);
#840=CIRCLE('',#4030,2.);
#841=CIRCLE('',#4031,14.35);
#842=CIRCLE('',#4032,4.99999999999999);
#843=CIRCLE('',#4033,5.75000000000001);
#844=CIRCLE('',#4035,2.);
#845=CIRCLE('',#4038,14.35);
#846=CIRCLE('',#4040,4.99999999999999);
#847=CIRCLE('',#4042,5.25);
#848=CIRCLE('',#4043,1.5);
#849=CIRCLE('',#4044,3.75);
#850=CIRCLE('',#4045,3.75);
#851=CIRCLE('',#4047,3.75);
#852=CIRCLE('',#4048,3.75);
#853=CIRCLE('',#4050,5.);
#854=CIRCLE('',#4051,14.35);
#855=CIRCLE('',#4052,2.);
#856=CIRCLE('',#4053,5.);
#857=CIRCLE('',#4054,16.0078105935821);
#858=CIRCLE('',#4055,0.2);
#859=CIRCLE('',#4056,0.2);
#860=CIRCLE('',#4057,0.2);
#861=CIRCLE('',#4058,0.2);
#862=CIRCLE('',#4059,0.2);
#863=CIRCLE('',#4060,0.2);
#864=CIRCLE('',#4061,0.2);
#865=CIRCLE('',#4062,0.2);
#866=CIRCLE('',#4063,0.2);
#867=CIRCLE('',#4064,0.2);
#868=CIRCLE('',#4065,0.2);
#869=CIRCLE('',#4066,0.2);
#870=CIRCLE('',#4067,3.);
#871=CIRCLE('',#4068,19.);
#872=CIRCLE('',#4069,5.);
#873=CIRCLE('',#4070,5.);
#874=CIRCLE('',#4071,5.25);
#875=CIRCLE('',#4072,5.25);
#876=CIRCLE('',#4073,5.25);
#877=CIRCLE('',#4074,5.25);
#878=CIRCLE('',#4076,1.5);
#879=CIRCLE('',#4078,1.5);
#880=CIRCLE('',#4079,3.75);
#881=CIRCLE('',#4080,3.75);
#882=CIRCLE('',#4082,3.75);
#883=CIRCLE('',#4083,3.75);
#884=CIRCLE('',#4085,1.5);
#885=CIRCLE('',#4089,1.5);
#886=CIRCLE('',#4090,3.75);
#887=CIRCLE('',#4091,3.75);
#888=CIRCLE('',#4093,3.75);
#889=CIRCLE('',#4094,3.75);
#890=CIRCLE('',#4096,1.5);
#891=CIRCLE('',#4098,1.5);
#892=CIRCLE('',#4099,3.75);
#893=CIRCLE('',#4100,3.75);
#894=CIRCLE('',#4102,3.75);
#895=CIRCLE('',#4103,3.75);
#896=CIRCLE('',#4105,1.5);
#897=CIRCLE('',#4107,1.5);
#898=CIRCLE('',#4108,3.75);
#899=CIRCLE('',#4109,3.75);
#900=CIRCLE('',#4111,3.75);
#901=CIRCLE('',#4112,3.75);
#902=CIRCLE('',#4114,1.5);
#903=CIRCLE('',#4116,0.15);
#904=CIRCLE('',#4117,2.);
#905=CIRCLE('',#4119,0.15);
#906=CIRCLE('',#4120,14.75);
#907=CIRCLE('',#4122,2.);
#908=CIRCLE('',#4130,3.);
#909=CIRCLE('',#4133,0.2);
#910=CIRCLE('',#4134,0.2);
#911=CIRCLE('',#4135,0.2);
#912=CIRCLE('',#4136,0.2);
#913=CIRCLE('',#4137,0.2);
#914=CIRCLE('',#4138,0.2);
#915=CIRCLE('',#4139,0.2);
#916=CIRCLE('',#4140,0.2);
#917=CIRCLE('',#4141,0.2);
#918=CIRCLE('',#4142,0.2);
#919=CIRCLE('',#4143,0.2);
#920=CIRCLE('',#4144,0.2);
#921=CIRCLE('',#4145,16.0078105935821);
#922=CIRCLE('',#4146,5.);
#923=CIRCLE('',#4147,2.);
#924=CIRCLE('',#4148,14.75);
#925=CIRCLE('',#4149,2.);
#926=CIRCLE('',#4150,19.);
#927=CIRCLE('',#4159,5.75000000000001);
#928=CIRCLE('',#4161,12.75);
#929=CIRCLE('',#4163,12.75);
#930=PLANE('',#3754);
#931=PLANE('',#3781);
#932=PLANE('',#3878);
#933=PLANE('',#3908);
#934=PLANE('',#3927);
#935=PLANE('',#3936);
#936=PLANE('',#3940);
#937=PLANE('',#3942);
#938=PLANE('',#3945);
#939=PLANE('',#3947);
#940=PLANE('',#3949);
#941=PLANE('',#3951);
#942=PLANE('',#3953);
#943=PLANE('',#3955);
#944=PLANE('',#3957);
#945=PLANE('',#3959);
#946=PLANE('',#3961);
#947=PLANE('',#3963);
#948=PLANE('',#3965);
#949=PLANE('',#3967);
#950=PLANE('',#3969);
#951=PLANE('',#3970);
#952=PLANE('',#3971);
#953=PLANE('',#3972);
#954=PLANE('',#3973);
#955=PLANE('',#3974);
#956=PLANE('',#3975);
#957=PLANE('',#3976);
#958=PLANE('',#3977);
#959=PLANE('',#3978);
#960=PLANE('',#3979);
#961=PLANE('',#3981);
#962=PLANE('',#4022);
#963=PLANE('',#4036);
#964=PLANE('',#4049);
#965=PLANE('',#4124);
#966=PLANE('',#4131);
#967=PLANE('',#4132);
#968=PLANE('',#4152);
#969=PLANE('',#4153);
#970=PLANE('',#4164);
#971=PLANE('',#4165);
#972=PLANE('',#4171);
#973=PLANE('',#4173);
#974=PLANE('',#4175);
#975=PLANE('',#4177);
#976=PLANE('',#4179);
#977=PLANE('',#4181);
#978=PLANE('',#4183);
#979=PLANE('',#4185);
#980=PLANE('',#4187);
#981=PLANE('',#4189);
#982=PLANE('',#4191);
#983=PLANE('',#4192);
#984=PLANE('',#4193);
#985=PLANE('',#4194);
#986=PLANE('',#4195);
#987=PLANE('',#4196);
#988=PLANE('',#4197);
#989=PLANE('',#4198);
#990=PLANE('',#4199);
#991=PLANE('',#4200);
#992=PLANE('',#4201);
#993=PLANE('',#4202);
#994=(
BOUNDED_CURVE()
B_SPLINE_CURVE(5,(#5456,#5457,#5458,#5459,#5460,#5461,#5462,#5463,#5464,
#5465,#5466,#5467,#5468,#5469,#5470,#5471,#5472,#5473,#5474,#5475,#5476,
#5477,#5478,#5479),.UNSPECIFIED.,.F.,.F.)
B_SPLINE_CURVE_WITH_KNOTS((6,1,1,1,1,1,1,1,1,1,1,1,1,1,1,1,1,1,1,6),(0.092200959791652,
0.1,0.15,0.2,0.25,0.3,0.35,0.4,0.45,0.5,0.55,0.6,0.65,0.7,0.75,0.8,0.85,
0.9,0.95,0.986218042107815),.UNSPECIFIED.)
CURVE()
GEOMETRIC_REPRESENTATION_ITEM()
RATIONAL_B_SPLINE_CURVE((1.,1.,1.,1.,1.,1.,1.,1.,1.,1.,1.,1.,1.,1.,1.,1.,
1.,1.,1.,1.,1.,1.,1.,1.))
REPRESENTATION_ITEM('')
);
#995=(
BOUNDED_CURVE()
B_SPLINE_CURVE(5,(#5485,#5486,#5487,#5488,#5489,#5490,#5491,#5492,#5493,
#5494,#5495,#5496,#5497,#5498,#5499,#5500,#5501,#5502,#5503,#5504,#5505,
#5506,#5507,#5508),.UNSPECIFIED.,.F.,.F.)
B_SPLINE_CURVE_WITH_KNOTS((6,1,1,1,1,1,1,1,1,1,1,1,1,1,1,1,1,1,1,6),(0.092200959791653,
0.1,0.15,0.2,0.25,0.3,0.35,0.4,0.45,0.5,0.55,0.6,0.65,0.7,0.75,0.8,0.85,
0.9,0.95,0.986218042107814),.UNSPECIFIED.)
CURVE()
GEOMETRIC_REPRESENTATION_ITEM()
RATIONAL_B_SPLINE_CURVE((1.,1.,1.,1.,1.,1.,1.,1.,1.,1.,1.,1.,1.,1.,1.,1.,
1.,1.,1.,1.,1.,1.,1.,1.))
REPRESENTATION_ITEM('')
);
#996=(
BOUNDED_CURVE()
B_SPLINE_CURVE(5,(#6394,#6395,#6396,#6397,#6398,#6399,#6400,#6401,#6402,
#6403,#6404,#6405,#6406,#6407,#6408,#6409,#6410,#6411,#6412,#6413,#6414,
#6415,#6416),.UNSPECIFIED.,.F.,.F.)
B_SPLINE_CURVE_WITH_KNOTS((6,1,1,1,1,1,1,1,1,1,1,1,1,1,1,1,1,1,6),(0.116836660239638,
0.15,0.2,0.25,0.3,0.35,0.4,0.45,0.5,0.55,0.6,0.65,0.7,0.75,0.8,0.85,0.9,
0.95,0.986218042107815),.UNSPECIFIED.)
CURVE()
GEOMETRIC_REPRESENTATION_ITEM()
RATIONAL_B_SPLINE_CURVE((1.,1.,1.,1.,1.,1.,1.,1.,1.,1.,1.,1.,1.,1.,1.,1.,
1.,1.,1.,1.,1.,1.,1.))
REPRESENTATION_ITEM('')
);
#997=(
BOUNDED_CURVE()
B_SPLINE_CURVE(5,(#6422,#6423,#6424,#6425,#6426,#6427,#6428,#6429,#6430,
#6431,#6432,#6433,#6434,#6435,#6436,#6437,#6438,#6439,#6440,#6441,#6442,
#6443,#6444),.UNSPECIFIED.,.F.,.F.)
B_SPLINE_CURVE_WITH_KNOTS((6,1,1,1,1,1,1,1,1,1,1,1,1,1,1,1,1,1,6),(0.116836660239639,
0.15,0.2,0.25,0.3,0.35,0.4,0.45,0.5,0.55,0.6,0.65,0.7,0.75,0.8,0.85,0.9,
0.95,0.986218042107814),.UNSPECIFIED.)
CURVE()
GEOMETRIC_REPRESENTATION_ITEM()
RATIONAL_B_SPLINE_CURVE((1.,1.,1.,1.,1.,1.,1.,1.,1.,1.,1.,1.,1.,1.,1.,1.,
1.,1.,1.,1.,1.,1.,1.))
REPRESENTATION_ITEM('')
);
#998=(
BOUNDED_SURFACE()
B_SPLINE_SURFACE(5,1,((#5405,#5406),(#5407,#5408),(#5409,#5410),(#5411,
#5412),(#5413,#5414),(#5415,#5416),(#5417,#5418),(#5419,#5420),(#5421,#5422),
(#5423,#5424),(#5425,#5426),(#5427,#5428),(#5429,#5430),(#5431,#5432),(#5433,
#5434),(#5435,#5436),(#5437,#5438),(#5439,#5440),(#5441,#5442),(#5443,#5444),
(#5445,#5446),(#5447,#5448),(#5449,#5450),(#5451,#5452),(#5453,#5454)),
 .UNSPECIFIED.,.F.,.F.,.F.)
B_SPLINE_SURFACE_WITH_KNOTS((6,1,1,1,1,1,1,1,1,1,1,1,1,1,1,1,1,1,1,1,6),
(2,2),(0.,0.05,0.1,0.15,0.2,0.25,0.3,0.35,0.4,0.45,0.5,0.55,0.6,0.65,0.7,
0.75,0.8,0.85,0.9,0.95,1.),(0.,1.2),.UNSPECIFIED.)
GEOMETRIC_REPRESENTATION_ITEM()
RATIONAL_B_SPLINE_SURFACE(((1.,1.),(1.,1.),(1.,1.),(1.,1.),(1.,1.),(1.,
1.),(1.,1.),(1.,1.),(1.,1.),(1.,1.),(1.,1.),(1.,1.),(1.,1.),(1.,1.),(1.,
1.),(1.,1.),(1.,1.),(1.,1.),(1.,1.),(1.,1.),(1.,1.),(1.,1.),(1.,1.),(1.,
1.),(1.,1.)))
REPRESENTATION_ITEM('')
SURFACE()
);
#999=(
BOUNDED_SURFACE()
B_SPLINE_SURFACE(5,1,((#6343,#6344),(#6345,#6346),(#6347,#6348),(#6349,
#6350),(#6351,#6352),(#6353,#6354),(#6355,#6356),(#6357,#6358),(#6359,#6360),
(#6361,#6362),(#6363,#6364),(#6365,#6366),(#6367,#6368),(#6369,#6370),(#6371,
#6372),(#6373,#6374),(#6375,#6376),(#6377,#6378),(#6379,#6380),(#6381,#6382),
(#6383,#6384),(#6385,#6386),(#6387,#6388),(#6389,#6390),(#6391,#6392)),
 .UNSPECIFIED.,.F.,.F.,.F.)
B_SPLINE_SURFACE_WITH_KNOTS((6,1,1,1,1,1,1,1,1,1,1,1,1,1,1,1,1,1,1,1,6),
(2,2),(0.,0.05,0.1,0.15,0.2,0.25,0.3,0.35,0.4,0.45,0.5,0.55,0.6,0.65,0.7,
0.75,0.8,0.85,0.9,0.95,1.),(0.,1.2),.UNSPECIFIED.)
GEOMETRIC_REPRESENTATION_ITEM()
RATIONAL_B_SPLINE_SURFACE(((1.,1.),(1.,1.),(1.,1.),(1.,1.),(1.,1.),(1.,
1.),(1.,1.),(1.,1.),(1.,1.),(1.,1.),(1.,1.),(1.,1.),(1.,1.),(1.,1.),(1.,
1.),(1.,1.),(1.,1.),(1.,1.),(1.,1.),(1.,1.),(1.,1.),(1.,1.),(1.,1.),(1.,
1.),(1.,1.)))
REPRESENTATION_ITEM('')
SURFACE()
);
#1000=FACE_OUTER_BOUND('',#1193,.T.);
#1001=FACE_OUTER_BOUND('',#1194,.T.);
#1002=FACE_OUTER_BOUND('',#1195,.T.);
#1003=FACE_OUTER_BOUND('',#1203,.T.);
#1004=FACE_OUTER_BOUND('',#1204,.T.);
#1005=FACE_OUTER_BOUND('',#1205,.T.);
#1006=FACE_OUTER_BOUND('',#1206,.T.);
#1007=FACE_OUTER_BOUND('',#1207,.T.);
#1008=FACE_OUTER_BOUND('',#1208,.T.);
#1009=FACE_OUTER_BOUND('',#1209,.T.);
#1010=FACE_OUTER_BOUND('',#1210,.T.);
#1011=FACE_OUTER_BOUND('',#1219,.T.);
#1012=FACE_OUTER_BOUND('',#1220,.T.);
#1013=FACE_OUTER_BOUND('',#1221,.T.);
#1014=FACE_OUTER_BOUND('',#1222,.T.);
#1015=FACE_OUTER_BOUND('',#1223,.T.);
#1016=FACE_OUTER_BOUND('',#1224,.T.);
#1017=FACE_OUTER_BOUND('',#1225,.T.);
#1018=FACE_OUTER_BOUND('',#1226,.T.);
#1019=FACE_OUTER_BOUND('',#1227,.T.);
#1020=FACE_OUTER_BOUND('',#1228,.T.);
#1021=FACE_OUTER_BOUND('',#1229,.T.);
#1022=FACE_OUTER_BOUND('',#1230,.T.);
#1023=FACE_OUTER_BOUND('',#1231,.T.);
#1024=FACE_OUTER_BOUND('',#1232,.T.);
#1025=FACE_OUTER_BOUND('',#1233,.T.);
#1026=FACE_OUTER_BOUND('',#1234,.T.);
#1027=FACE_OUTER_BOUND('',#1235,.T.);
#1028=FACE_OUTER_BOUND('',#1236,.T.);
#1029=FACE_OUTER_BOUND('',#1237,.T.);
#1030=FACE_OUTER_BOUND('',#1238,.T.);
#1031=FACE_OUTER_BOUND('',#1239,.T.);
#1032=FACE_OUTER_BOUND('',#1240,.T.);
#1033=FACE_OUTER_BOUND('',#1242,.T.);
#1034=FACE_OUTER_BOUND('',#1243,.T.);
#1035=FACE_OUTER_BOUND('',#1244,.T.);
#1036=FACE_OUTER_BOUND('',#1245,.T.);
#1037=FACE_OUTER_BOUND('',#1246,.T.);
#1038=FACE_OUTER_BOUND('',#1247,.T.);
#1039=FACE_OUTER_BOUND('',#1248,.T.);
#1040=FACE_OUTER_BOUND('',#1249,.T.);
#1041=FACE_OUTER_BOUND('',#1250,.T.);
#1042=FACE_OUTER_BOUND('',#1251,.T.);
#1043=FACE_OUTER_BOUND('',#1252,.T.);
#1044=FACE_OUTER_BOUND('',#1253,.T.);
#1045=FACE_OUTER_BOUND('',#1254,.T.);
#1046=FACE_OUTER_BOUND('',#1255,.T.);
#1047=FACE_OUTER_BOUND('',#1256,.T.);
#1048=FACE_OUTER_BOUND('',#1257,.T.);
#1049=FACE_OUTER_BOUND('',#1258,.T.);
#1050=FACE_OUTER_BOUND('',#1259,.T.);
#1051=FACE_OUTER_BOUND('',#1260,.T.);
#1052=FACE_OUTER_BOUND('',#1261,.T.);
#1053=FACE_OUTER_BOUND('',#1262,.T.);
#1054=FACE_OUTER_BOUND('',#1263,.T.);
#1055=FACE_OUTER_BOUND('',#1264,.T.);
#1056=FACE_OUTER_BOUND('',#1265,.T.);
#1057=FACE_OUTER_BOUND('',#1266,.T.);
#1058=FACE_OUTER_BOUND('',#1267,.T.);
#1059=FACE_OUTER_BOUND('',#1268,.T.);
#1060=FACE_OUTER_BOUND('',#1269,.T.);
#1061=FACE_OUTER_BOUND('',#1270,.T.);
#1062=FACE_OUTER_BOUND('',#1271,.T.);
#1063=FACE_OUTER_BOUND('',#1272,.T.);
#1064=FACE_OUTER_BOUND('',#1273,.T.);
#1065=FACE_OUTER_BOUND('',#1274,.T.);
#1066=FACE_OUTER_BOUND('',#1275,.T.);
#1067=FACE_OUTER_BOUND('',#1276,.T.);
#1068=FACE_OUTER_BOUND('',#1277,.T.);
#1069=FACE_OUTER_BOUND('',#1278,.T.);
#1070=FACE_OUTER_BOUND('',#1279,.T.);
#1071=FACE_OUTER_BOUND('',#1280,.T.);
#1072=FACE_OUTER_BOUND('',#1281,.T.);
#1073=FACE_OUTER_BOUND('',#1282,.T.);
#1074=FACE_OUTER_BOUND('',#1283,.T.);
#1075=FACE_OUTER_BOUND('',#1284,.T.);
#1076=FACE_OUTER_BOUND('',#1285,.T.);
#1077=FACE_OUTER_BOUND('',#1286,.T.);
#1078=FACE_OUTER_BOUND('',#1287,.T.);
#1079=FACE_OUTER_BOUND('',#1288,.T.);
#1080=FACE_OUTER_BOUND('',#1289,.T.);
#1081=FACE_OUTER_BOUND('',#1290,.T.);
#1082=FACE_OUTER_BOUND('',#1291,.T.);
#1083=FACE_OUTER_BOUND('',#1292,.T.);
#1084=FACE_OUTER_BOUND('',#1293,.T.);
#1085=FACE_OUTER_BOUND('',#1294,.T.);
#1086=FACE_OUTER_BOUND('',#1295,.T.);
#1087=FACE_OUTER_BOUND('',#1296,.T.);
#1088=FACE_OUTER_BOUND('',#1297,.T.);
#1089=FACE_OUTER_BOUND('',#1298,.T.);
#1090=FACE_OUTER_BOUND('',#1299,.T.);
#1091=FACE_OUTER_BOUND('',#1300,.T.);
#1092=FACE_OUTER_BOUND('',#1301,.T.);
#1093=FACE_OUTER_BOUND('',#1302,.T.);
#1094=FACE_OUTER_BOUND('',#1303,.T.);
#1095=FACE_OUTER_BOUND('',#1304,.T.);
#1096=FACE_OUTER_BOUND('',#1305,.T.);
#1097=FACE_OUTER_BOUND('',#1306,.T.);
#1098=FACE_OUTER_BOUND('',#1307,.T.);
#1099=FACE_OUTER_BOUND('',#1308,.T.);
#1100=FACE_OUTER_BOUND('',#1314,.T.);
#1101=FACE_OUTER_BOUND('',#1315,.T.);
#1102=FACE_OUTER_BOUND('',#1316,.T.);
#1103=FACE_OUTER_BOUND('',#1317,.T.);
#1104=FACE_OUTER_BOUND('',#1318,.T.);
#1105=FACE_OUTER_BOUND('',#1319,.T.);
#1106=FACE_OUTER_BOUND('',#1320,.T.);
#1107=FACE_OUTER_BOUND('',#1322,.T.);
#1108=FACE_OUTER_BOUND('',#1323,.T.);
#1109=FACE_OUTER_BOUND('',#1324,.T.);
#1110=FACE_OUTER_BOUND('',#1325,.T.);
#1111=FACE_OUTER_BOUND('',#1326,.T.);
#1112=FACE_OUTER_BOUND('',#1327,.T.);
#1113=FACE_OUTER_BOUND('',#1328,.T.);
#1114=FACE_OUTER_BOUND('',#1334,.T.);
#1115=FACE_OUTER_BOUND('',#1335,.T.);
#1116=FACE_OUTER_BOUND('',#1336,.T.);
#1117=FACE_OUTER_BOUND('',#1337,.T.);
#1118=FACE_OUTER_BOUND('',#1338,.T.);
#1119=FACE_OUTER_BOUND('',#1339,.T.);
#1120=FACE_OUTER_BOUND('',#1340,.T.);
#1121=FACE_OUTER_BOUND('',#1341,.T.);
#1122=FACE_OUTER_BOUND('',#1342,.T.);
#1123=FACE_OUTER_BOUND('',#1343,.T.);
#1124=FACE_OUTER_BOUND('',#1344,.T.);
#1125=FACE_OUTER_BOUND('',#1345,.T.);
#1126=FACE_OUTER_BOUND('',#1346,.T.);
#1127=FACE_OUTER_BOUND('',#1347,.T.);
#1128=FACE_OUTER_BOUND('',#1348,.T.);
#1129=FACE_OUTER_BOUND('',#1349,.T.);
#1130=FACE_OUTER_BOUND('',#1350,.T.);
#1131=FACE_OUTER_BOUND('',#1351,.T.);
#1132=FACE_OUTER_BOUND('',#1352,.T.);
#1133=FACE_OUTER_BOUND('',#1353,.T.);
#1134=FACE_OUTER_BOUND('',#1354,.T.);
#1135=FACE_OUTER_BOUND('',#1355,.T.);
#1136=FACE_OUTER_BOUND('',#1356,.T.);
#1137=FACE_OUTER_BOUND('',#1357,.T.);
#1138=FACE_OUTER_BOUND('',#1358,.T.);
#1139=FACE_OUTER_BOUND('',#1359,.T.);
#1140=FACE_OUTER_BOUND('',#1360,.T.);
#1141=FACE_OUTER_BOUND('',#1361,.T.);
#1142=FACE_OUTER_BOUND('',#1362,.T.);
#1143=FACE_OUTER_BOUND('',#1363,.T.);
#1144=FACE_OUTER_BOUND('',#1364,.T.);
#1145=FACE_OUTER_BOUND('',#1365,.T.);
#1146=FACE_OUTER_BOUND('',#1366,.T.);
#1147=FACE_OUTER_BOUND('',#1367,.T.);
#1148=FACE_OUTER_BOUND('',#1368,.T.);
#1149=FACE_OUTER_BOUND('',#1369,.T.);
#1150=FACE_OUTER_BOUND('',#1370,.T.);
#1151=FACE_OUTER_BOUND('',#1371,.T.);
#1152=FACE_OUTER_BOUND('',#1372,.T.);
#1153=FACE_OUTER_BOUND('',#1373,.T.);
#1154=FACE_OUTER_BOUND('',#1374,.T.);
#1155=FACE_OUTER_BOUND('',#1375,.T.);
#1156=FACE_OUTER_BOUND('',#1376,.T.);
#1157=FACE_OUTER_BOUND('',#1377,.T.);
#1158=FACE_OUTER_BOUND('',#1378,.T.);
#1159=FACE_OUTER_BOUND('',#1379,.T.);
#1160=FACE_OUTER_BOUND('',#1380,.T.);
#1161=FACE_OUTER_BOUND('',#1381,.T.);
#1162=FACE_OUTER_BOUND('',#1382,.T.);
#1163=FACE_OUTER_BOUND('',#1383,.T.);
#1164=FACE_OUTER_BOUND('',#1384,.T.);
#1165=FACE_OUTER_BOUND('',#1385,.T.);
#1166=FACE_OUTER_BOUND('',#1386,.T.);
#1167=FACE_OUTER_BOUND('',#1387,.T.);
#1168=FACE_OUTER_BOUND('',#1388,.T.);
#1169=FACE_OUTER_BOUND('',#1389,.T.);
#1170=FACE_OUTER_BOUND('',#1390,.T.);
#1171=FACE_OUTER_BOUND('',#1391,.T.);
#1172=FACE_OUTER_BOUND('',#1392,.T.);
#1173=FACE_OUTER_BOUND('',#1393,.T.);
#1174=FACE_OUTER_BOUND('',#1394,.T.);
#1175=FACE_OUTER_BOUND('',#1395,.T.);
#1176=FACE_OUTER_BOUND('',#1396,.T.);
#1177=FACE_OUTER_BOUND('',#1397,.T.);
#1178=FACE_OUTER_BOUND('',#1398,.T.);
#1179=FACE_OUTER_BOUND('',#1399,.T.);
#1180=FACE_OUTER_BOUND('',#1400,.T.);
#1181=FACE_OUTER_BOUND('',#1401,.T.);
#1182=FACE_OUTER_BOUND('',#1402,.T.);
#1183=FACE_OUTER_BOUND('',#1403,.T.);
#1184=FACE_OUTER_BOUND('',#1404,.T.);
#1185=FACE_OUTER_BOUND('',#1405,.T.);
#1186=FACE_OUTER_BOUND('',#1406,.T.);
#1187=FACE_OUTER_BOUND('',#1407,.T.);
#1188=FACE_OUTER_BOUND('',#1408,.T.);
#1189=FACE_OUTER_BOUND('',#1409,.T.);
#1190=FACE_OUTER_BOUND('',#1410,.T.);
#1191=FACE_OUTER_BOUND('',#1411,.T.);
#1192=FACE_OUTER_BOUND('',#1412,.T.);
#1193=EDGE_LOOP('',(#2398,#2399,#2400,#2401));
#1194=EDGE_LOOP('',(#2402,#2403,#2404,#2405));
#1195=EDGE_LOOP('',(#2406,#2407,#2408,#2409,#2410,#2411,#2412,#2413,#2414,
#2415));
#1196=EDGE_LOOP('',(#2416));
#1197=EDGE_LOOP('',(#2417));
#1198=EDGE_LOOP('',(#2418));
#1199=EDGE_LOOP('',(#2419));
#1200=EDGE_LOOP('',(#2420));
#1201=EDGE_LOOP('',(#2421));
#1202=EDGE_LOOP('',(#2422));
#1203=EDGE_LOOP('',(#2423,#2424,#2425,#2426,#2427,#2428));
#1204=EDGE_LOOP('',(#2429,#2430,#2431,#2432,#2433));
#1205=EDGE_LOOP('',(#2434,#2435,#2436,#2437));
#1206=EDGE_LOOP('',(#2438,#2439,#2440,#2441));
#1207=EDGE_LOOP('',(#2442,#2443,#2444,#2445,#2446));
#1208=EDGE_LOOP('',(#2447,#2448,#2449,#2450,#2451,#2452));
#1209=EDGE_LOOP('',(#2453,#2454,#2455,#2456,#2457));
#1210=EDGE_LOOP('',(#2458,#2459,#2460,#2461,#2462,#2463,#2464,#2465,#2466,
#2467,#2468,#2469,#2470,#2471,#2472,#2473,#2474,#2475,#2476,#2477,#2478,
#2479,#2480,#2481,#2482,#2483,#2484,#2485,#2486,#2487,#2488,#2489,#2490,
#2491,#2492,#2493,#2494,#2495,#2496,#2497,#2498,#2499,#2500,#2501,#2502,
#2503,#2504,#2505,#2506,#2507,#2508,#2509,#2510,#2511,#2512,#2513));
#1211=EDGE_LOOP('',(#2514));
#1212=EDGE_LOOP('',(#2515));
#1213=EDGE_LOOP('',(#2516));
#1214=EDGE_LOOP('',(#2517));
#1215=EDGE_LOOP('',(#2518));
#1216=EDGE_LOOP('',(#2519));
#1217=EDGE_LOOP('',(#2520));
#1218=EDGE_LOOP('',(#2521));
#1219=EDGE_LOOP('',(#2522,#2523,#2524,#2525,#2526));
#1220=EDGE_LOOP('',(#2527,#2528,#2529,#2530,#2531,#2532));
#1221=EDGE_LOOP('',(#2533,#2534,#2535,#2536,#2537));
#1222=EDGE_LOOP('',(#2538,#2539,#2540,#2541,#2542));
#1223=EDGE_LOOP('',(#2543,#2544,#2545,#2546,#2547,#2548));
#1224=EDGE_LOOP('',(#2549,#2550,#2551,#2552,#2553));
#1225=EDGE_LOOP('',(#2554,#2555,#2556,#2557,#2558));
#1226=EDGE_LOOP('',(#2559,#2560,#2561,#2562,#2563,#2564));
#1227=EDGE_LOOP('',(#2565,#2566,#2567,#2568,#2569));
#1228=EDGE_LOOP('',(#2570,#2571,#2572,#2573,#2574));
#1229=EDGE_LOOP('',(#2575,#2576,#2577,#2578,#2579,#2580));
#1230=EDGE_LOOP('',(#2581,#2582,#2583,#2584,#2585));
#1231=EDGE_LOOP('',(#2586,#2587,#2588,#2589,#2590));
#1232=EDGE_LOOP('',(#2591,#2592,#2593,#2594,#2595,#2596));
#1233=EDGE_LOOP('',(#2597,#2598,#2599,#2600,#2601));
#1234=EDGE_LOOP('',(#2602,#2603,#2604,#2605,#2606));
#1235=EDGE_LOOP('',(#2607,#2608,#2609,#2610,#2611,#2612));
#1236=EDGE_LOOP('',(#2613,#2614,#2615,#2616,#2617));
#1237=EDGE_LOOP('',(#2618,#2619,#2620,#2621));
#1238=EDGE_LOOP('',(#2622,#2623,#2624,#2625));
#1239=EDGE_LOOP('',(#2626,#2627,#2628,#2629));
#1240=EDGE_LOOP('',(#2630,#2631,#2632,#2633,#2634,#2635,#2636,#2637,#2638,
#2639,#2640,#2641,#2642,#2643,#2644,#2645,#2646));
#1241=EDGE_LOOP('',(#2647));
#1242=EDGE_LOOP('',(#2648,#2649,#2650,#2651));
#1243=EDGE_LOOP('',(#2652,#2653,#2654,#2655));
#1244=EDGE_LOOP('',(#2656,#2657,#2658,#2659));
#1245=EDGE_LOOP('',(#2660,#2661,#2662,#2663));
#1246=EDGE_LOOP('',(#2664,#2665,#2666,#2667));
#1247=EDGE_LOOP('',(#2668,#2669,#2670,#2671));
#1248=EDGE_LOOP('',(#2672,#2673,#2674,#2675));
#1249=EDGE_LOOP('',(#2676,#2677,#2678,#2679));
#1250=EDGE_LOOP('',(#2680,#2681,#2682,#2683));
#1251=EDGE_LOOP('',(#2684,#2685,#2686,#2687));
#1252=EDGE_LOOP('',(#2688,#2689,#2690,#2691,#2692,#2693,#2694,#2695,#2696,
#2697,#2698,#2699,#2700,#2701,#2702,#2703,#2704,#2705,#2706,#2707,#2708,
#2709,#2710,#2711,#2712,#2713,#2714,#2715,#2716,#2717,#2718,#2719,#2720,
#2721,#2722,#2723,#2724,#2725,#2726,#2727,#2728,#2729,#2730,#2731));
#1253=EDGE_LOOP('',(#2732,#2733,#2734,#2735));
#1254=EDGE_LOOP('',(#2736,#2737,#2738,#2739));
#1255=EDGE_LOOP('',(#2740,#2741,#2742,#2743,#2744,#2745,#2746));
#1256=EDGE_LOOP('',(#2747,#2748,#2749,#2750,#2751,#2752,#2753));
#1257=EDGE_LOOP('',(#2754,#2755,#2756,#2757));
#1258=EDGE_LOOP('',(#2758,#2759,#2760,#2761));
#1259=EDGE_LOOP('',(#2762,#2763,#2764,#2765));
#1260=EDGE_LOOP('',(#2766,#2767,#2768,#2769));
#1261=EDGE_LOOP('',(#2770,#2771,#2772,#2773));
#1262=EDGE_LOOP('',(#2774,#2775,#2776,#2777));
#1263=EDGE_LOOP('',(#2778,#2779,#2780,#2781));
#1264=EDGE_LOOP('',(#2782,#2783,#2784,#2785,#2786));
#1265=EDGE_LOOP('',(#2787,#2788,#2789,#2790));
#1266=EDGE_LOOP('',(#2791,#2792,#2793,#2794));
#1267=EDGE_LOOP('',(#2795,#2796,#2797,#2798));
#1268=EDGE_LOOP('',(#2799,#2800,#2801,#2802,#2803,#2804,#2805));
#1269=EDGE_LOOP('',(#2806,#2807,#2808,#2809));
#1270=EDGE_LOOP('',(#2810,#2811,#2812,#2813));
#1271=EDGE_LOOP('',(#2814,#2815,#2816,#2817));
#1272=EDGE_LOOP('',(#2818,#2819,#2820,#2821));
#1273=EDGE_LOOP('',(#2822,#2823,#2824,#2825));
#1274=EDGE_LOOP('',(#2826,#2827,#2828,#2829));
#1275=EDGE_LOOP('',(#2830,#2831,#2832,#2833));
#1276=EDGE_LOOP('',(#2834,#2835,#2836,#2837));
#1277=EDGE_LOOP('',(#2838,#2839,#2840,#2841));
#1278=EDGE_LOOP('',(#2842,#2843,#2844,#2845));
#1279=EDGE_LOOP('',(#2846,#2847,#2848,#2849));
#1280=EDGE_LOOP('',(#2850,#2851,#2852,#2853));
#1281=EDGE_LOOP('',(#2854,#2855,#2856,#2857));
#1282=EDGE_LOOP('',(#2858,#2859,#2860,#2861));
#1283=EDGE_LOOP('',(#2862,#2863,#2864,#2865));
#1284=EDGE_LOOP('',(#2866,#2867,#2868,#2869));
#1285=EDGE_LOOP('',(#2870,#2871,#2872,#2873));
#1286=EDGE_LOOP('',(#2874,#2875,#2876,#2877));
#1287=EDGE_LOOP('',(#2878,#2879,#2880,#2881));
#1288=EDGE_LOOP('',(#2882,#2883,#2884,#2885));
#1289=EDGE_LOOP('',(#2886,#2887,#2888,#2889));
#1290=EDGE_LOOP('',(#2890,#2891,#2892,#2893));
#1291=EDGE_LOOP('',(#2894,#2895,#2896,#2897));
#1292=EDGE_LOOP('',(#2898,#2899,#2900,#2901));
#1293=EDGE_LOOP('',(#2902,#2903,#2904,#2905));
#1294=EDGE_LOOP('',(#2906,#2907,#2908,#2909));
#1295=EDGE_LOOP('',(#2910,#2911,#2912,#2913));
#1296=EDGE_LOOP('',(#2914,#2915,#2916,#2917));
#1297=EDGE_LOOP('',(#2918,#2919,#2920,#2921));
#1298=EDGE_LOOP('',(#2922,#2923,#2924,#2925));
#1299=EDGE_LOOP('',(#2926,#2927,#2928,#2929));
#1300=EDGE_LOOP('',(#2930,#2931,#2932,#2933));
#1301=EDGE_LOOP('',(#2934,#2935,#2936,#2937));
#1302=EDGE_LOOP('',(#2938,#2939,#2940,#2941));
#1303=EDGE_LOOP('',(#2942,#2943,#2944,#2945));
#1304=EDGE_LOOP('',(#2946,#2947,#2948,#2949));
#1305=EDGE_LOOP('',(#2950,#2951,#2952,#2953));
#1306=EDGE_LOOP('',(#2954,#2955,#2956,#2957));
#1307=EDGE_LOOP('',(#2958,#2959,#2960,#2961));
#1308=EDGE_LOOP('',(#2962,#2963,#2964,#2965,#2966,#2967,#2968,#2969,#2970,
#2971,#2972,#2973,#2974,#2975,#2976,#2977,#2978));
#1309=EDGE_LOOP('',(#2979));
#1310=EDGE_LOOP('',(#2980));
#1311=EDGE_LOOP('',(#2981));
#1312=EDGE_LOOP('',(#2982));
#1313=EDGE_LOOP('',(#2983));
#1314=EDGE_LOOP('',(#2984,#2985,#2986,#2987,#2988,#2989,#2990));
#1315=EDGE_LOOP('',(#2991,#2992,#2993,#2994,#2995,#2996,#2997));
#1316=EDGE_LOOP('',(#2998,#2999,#3000,#3001,#3002,#3003,#3004));
#1317=EDGE_LOOP('',(#3005,#3006,#3007,#3008,#3009,#3010,#3011));
#1318=EDGE_LOOP('',(#3012,#3013,#3014,#3015));
#1319=EDGE_LOOP('',(#3016,#3017,#3018,#3019,#3020));
#1320=EDGE_LOOP('',(#3021,#3022,#3023,#3024,#3025,#3026,#3027,#3028,#3029,
#3030,#3031,#3032));
#1321=EDGE_LOOP('',(#3033));
#1322=EDGE_LOOP('',(#3034,#3035,#3036,#3037,#3038,#3039,#3040));
#1323=EDGE_LOOP('',(#3041,#3042,#3043,#3044));
#1324=EDGE_LOOP('',(#3045,#3046,#3047,#3048));
#1325=EDGE_LOOP('',(#3049,#3050,#3051,#3052,#3053));
#1326=EDGE_LOOP('',(#3054,#3055,#3056,#3057,#3058));
#1327=EDGE_LOOP('',(#3059,#3060,#3061,#3062,#3063,#3064));
#1328=EDGE_LOOP('',(#3065,#3066,#3067,#3068,#3069,#3070,#3071,#3072,#3073,
#3074,#3075,#3076,#3077,#3078,#3079,#3080,#3081,#3082,#3083,#3084,#3085,
#3086,#3087,#3088,#3089,#3090,#3091,#3092,#3093,#3094,#3095,#3096,#3097,
#3098,#3099,#3100,#3101,#3102,#3103,#3104,#3105,#3106,#3107,#3108,#3109,
#3110,#3111,#3112,#3113,#3114,#3115,#3116,#3117,#3118,#3119,#3120,#3121,
#3122,#3123,#3124,#3125,#3126,#3127));
#1329=EDGE_LOOP('',(#3128));
#1330=EDGE_LOOP('',(#3129));
#1331=EDGE_LOOP('',(#3130));
#1332=EDGE_LOOP('',(#3131));
#1333=EDGE_LOOP('',(#3132));
#1334=EDGE_LOOP('',(#3133,#3134,#3135,#3136,#3137));
#1335=EDGE_LOOP('',(#3138,#3139,#3140,#3141,#3142));
#1336=EDGE_LOOP('',(#3143,#3144,#3145,#3146,#3147,#3148));
#1337=EDGE_LOOP('',(#3149,#3150,#3151,#3152,#3153));
#1338=EDGE_LOOP('',(#3154,#3155,#3156,#3157,#3158,#3159));
#1339=EDGE_LOOP('',(#3160,#3161,#3162,#3163,#3164,#3165));
#1340=EDGE_LOOP('',(#3166,#3167,#3168,#3169,#3170));
#1341=EDGE_LOOP('',(#3171,#3172,#3173,#3174,#3175,#3176));
#1342=EDGE_LOOP('',(#3177,#3178,#3179,#3180,#3181));
#1343=EDGE_LOOP('',(#3182,#3183,#3184,#3185,#3186));
#1344=EDGE_LOOP('',(#3187,#3188,#3189,#3190,#3191,#3192));
#1345=EDGE_LOOP('',(#3193,#3194,#3195,#3196,#3197));
#1346=EDGE_LOOP('',(#3198,#3199,#3200,#3201,#3202));
#1347=EDGE_LOOP('',(#3203,#3204,#3205,#3206,#3207,#3208));
#1348=EDGE_LOOP('',(#3209,#3210,#3211,#3212,#3213));
#1349=EDGE_LOOP('',(#3214,#3215,#3216,#3217,#3218,#3219));
#1350=EDGE_LOOP('',(#3220,#3221,#3222,#3223));
#1351=EDGE_LOOP('',(#3224,#3225,#3226,#3227,#3228));
#1352=EDGE_LOOP('',(#3229,#3230,#3231,#3232,#3233));
#1353=EDGE_LOOP('',(#3234,#3235,#3236,#3237));
#1354=EDGE_LOOP('',(#3238,#3239,#3240,#3241));
#1355=EDGE_LOOP('',(#3242,#3243,#3244,#3245));
#1356=EDGE_LOOP('',(#3246,#3247,#3248,#3249,#3250));
#1357=EDGE_LOOP('',(#3251,#3252,#3253,#3254,#3255,#3256));
#1358=EDGE_LOOP('',(#3257,#3258,#3259,#3260));
#1359=EDGE_LOOP('',(#3261,#3262,#3263,#3264));
#1360=EDGE_LOOP('',(#3265,#3266,#3267,#3268,#3269,#3270,#3271,#3272,#3273,
#3274,#3275,#3276,#3277,#3278,#3279,#3280,#3281,#3282,#3283,#3284,#3285,
#3286,#3287,#3288,#3289,#3290,#3291,#3292,#3293,#3294,#3295,#3296,#3297,
#3298,#3299,#3300,#3301,#3302,#3303,#3304,#3305,#3306,#3307,#3308));
#1361=EDGE_LOOP('',(#3309,#3310,#3311,#3312));
#1362=EDGE_LOOP('',(#3313,#3314,#3315,#3316,#3317,#3318));
#1363=EDGE_LOOP('',(#3319,#3320,#3321,#3322));
#1364=EDGE_LOOP('',(#3323,#3324,#3325,#3326));
#1365=EDGE_LOOP('',(#3327,#3328,#3329,#3330));
#1366=EDGE_LOOP('',(#3331,#3332,#3333,#3334));
#1367=EDGE_LOOP('',(#3335,#3336,#3337,#3338));
#1368=EDGE_LOOP('',(#3339,#3340,#3341,#3342));
#1369=EDGE_LOOP('',(#3343,#3344,#3345,#3346));
#1370=EDGE_LOOP('',(#3347,#3348,#3349,#3350));
#1371=EDGE_LOOP('',(#3351));
#1372=EDGE_LOOP('',(#3352,#3353,#3354,#3355));
#1373=EDGE_LOOP('',(#3356,#3357,#3358,#3359));
#1374=EDGE_LOOP('',(#3360,#3361,#3362,#3363));
#1375=EDGE_LOOP('',(#3364,#3365,#3366,#3367,#3368,#3369,#3370,#3371,#3372,
#3373,#3374,#3375));
#1376=EDGE_LOOP('',(#3376,#3377,#3378,#3379));
#1377=EDGE_LOOP('',(#3380,#3381,#3382,#3383,#3384,#3385));
#1378=EDGE_LOOP('',(#3386,#3387,#3388,#3389));
#1379=EDGE_LOOP('',(#3390,#3391,#3392,#3393));
#1380=EDGE_LOOP('',(#3394,#3395,#3396,#3397));
#1381=EDGE_LOOP('',(#3398,#3399,#3400,#3401));
#1382=EDGE_LOOP('',(#3402,#3403,#3404,#3405));
#1383=EDGE_LOOP('',(#3406,#3407,#3408,#3409));
#1384=EDGE_LOOP('',(#3410,#3411,#3412,#3413));
#1385=EDGE_LOOP('',(#3414,#3415,#3416,#3417));
#1386=EDGE_LOOP('',(#3418,#3419,#3420,#3421));
#1387=EDGE_LOOP('',(#3422,#3423,#3424,#3425));
#1388=EDGE_LOOP('',(#3426,#3427,#3428,#3429));
#1389=EDGE_LOOP('',(#3430,#3431,#3432,#3433));
#1390=EDGE_LOOP('',(#3434,#3435,#3436,#3437));
#1391=EDGE_LOOP('',(#3438,#3439,#3440,#3441));
#1392=EDGE_LOOP('',(#3442,#3443,#3444,#3445));
#1393=EDGE_LOOP('',(#3446,#3447,#3448,#3449));
#1394=EDGE_LOOP('',(#3450,#3451,#3452,#3453));
#1395=EDGE_LOOP('',(#3454,#3455,#3456,#3457));
#1396=EDGE_LOOP('',(#3458,#3459,#3460,#3461));
#1397=EDGE_LOOP('',(#3462,#3463,#3464,#3465));
#1398=EDGE_LOOP('',(#3466,#3467,#3468,#3469));
#1399=EDGE_LOOP('',(#3470,#3471,#3472,#3473));
#1400=EDGE_LOOP('',(#3474,#3475,#3476,#3477));
#1401=EDGE_LOOP('',(#3478,#3479,#3480,#3481));
#1402=EDGE_LOOP('',(#3482,#3483,#3484,#3485));
#1403=EDGE_LOOP('',(#3486,#3487,#3488,#3489));
#1404=EDGE_LOOP('',(#3490,#3491,#3492,#3493));
#1405=EDGE_LOOP('',(#3494,#3495,#3496,#3497));
#1406=EDGE_LOOP('',(#3498,#3499,#3500,#3501));
#1407=EDGE_LOOP('',(#3502,#3503,#3504,#3505));
#1408=EDGE_LOOP('',(#3506,#3507,#3508,#3509));
#1409=EDGE_LOOP('',(#3510,#3511,#3512,#3513));
#1410=EDGE_LOOP('',(#3514,#3515,#3516,#3517));
#1411=EDGE_LOOP('',(#3518,#3519,#3520,#3521));
#1412=EDGE_LOOP('',(#3522,#3523,#3524,#3525));
#1413=B_SPLINE_CURVE_WITH_KNOTS('',3,(#5381,#5382,#5383,#5384,#5385,#5386,
#5387),.UNSPECIFIED.,.F.,.F.,(4,3,4),(0.,0.352605876777179,0.617060284360063),
 .UNSPECIFIED.);
#1414=B_SPLINE_CURVE_WITH_KNOTS('',3,(#5389,#5390,#5391,#5392),
 .UNSPECIFIED.,.F.,.F.,(4,4),(-1.2,9.71445146547012E-17),.UNSPECIFIED.);
#1415=B_SPLINE_CURVE_WITH_KNOTS('',3,(#5394,#5395,#5396,#5397,#5398,#5399,
#5400),.UNSPECIFIED.,.F.,.F.,(4,3,4),(0.,0.26445440758289,0.617060284360076),
 .UNSPECIFIED.);
#1416=B_SPLINE_CURVE_WITH_KNOTS('',3,(#5401,#5402,#5403,#5404),
 .UNSPECIFIED.,.F.,.F.,(4,4),(-9.71445146547012E-17,1.2),.UNSPECIFIED.);
#1417=B_SPLINE_CURVE_WITH_KNOTS('',3,(#5481,#5482,#5483,#5484),
 .UNSPECIFIED.,.F.,.F.,(4,4),(-1.2,0.),.UNSPECIFIED.);
#1418=B_SPLINE_CURVE_WITH_KNOTS('',3,(#5511,#5512,#5513,#5514,#5515,#5516,
#5517,#5518,#5519,#5520,#5521,#5522,#5523,#5524,#5525,#5526,#5527,#5528,
#5529,#5530,#5531,#5532,#5533,#5534,#5535,#5536,#5537,#5538,#5539,#5540,
#5541),.UNSPECIFIED.,.F.,.F.,(4,3,3,3,3,3,3,3,3,3,4),(-0.98843284434242,
-0.973791769112127,-0.848886892421243,-0.733502506610614,-0.605715224156984,
-0.486264123678554,-0.315018831571405,-0.172225823068477,-9.6053726317794E-5,
0.00470748426323352,0.0419373413155876),.UNSPECIFIED.);
#1419=B_SPLINE_CURVE_WITH_KNOTS('',3,(#5543,#5544,#5545,#5546,#5547,#5548),
 .UNSPECIFIED.,.F.,.F.,(4,2,4),(0.0135260157656733,0.0425758449529427,0.0851516899058861),
 .UNSPECIFIED.);
#1420=B_SPLINE_CURVE_WITH_KNOTS('',3,(#5559,#5560,#5561,#5562),
 .UNSPECIFIED.,.F.,.F.,(4,4),(0.,0.27925294075192),.UNSPECIFIED.);
#1421=B_SPLINE_CURVE_WITH_KNOTS('',3,(#5595,#5596,#5597,#5598,#5599,#5600),
 .UNSPECIFIED.,.F.,.F.,(4,2,4),(0.,0.042575844952942,0.0851516899058852),
 .UNSPECIFIED.);
#1422=B_SPLINE_CURVE_WITH_KNOTS('',3,(#5602,#5603,#5604,#5605),
 .UNSPECIFIED.,.F.,.F.,(4,4),(-3.06699110552699E-15,0.606482137069001),
 .UNSPECIFIED.);
#1423=B_SPLINE_CURVE_WITH_KNOTS('',3,(#5607,#5608,#5609,#5610,#5611,#5612,
#5613,#5614,#5615,#5616,#5617,#5618,#5619,#5620,#5621,#5622,#5623,#5624,
#5625,#5626,#5627,#5628,#5629,#5630,#5631,#5632,#5633,#5634),
 .UNSPECIFIED.,.F.,.F.,(4,3,3,3,3,3,3,3,3,4),(0.,0.00695430606034305,0.0106858305507753,
0.0128064413635477,0.014248117230755,0.0153808228751375,0.0160981073576705,
0.0162376578946647,0.0162995785735882,0.0163506943131863),.UNSPECIFIED.);
#1424=B_SPLINE_CURVE_WITH_KNOTS('',3,(#5635,#5636,#5637,#5638),
 .UNSPECIFIED.,.F.,.F.,(4,4),(0.,0.585),.UNSPECIFIED.);
#1425=B_SPLINE_CURVE_WITH_KNOTS('',3,(#5639,#5640,#5641,#5642),
 .UNSPECIFIED.,.F.,.F.,(4,4),(-1.2,3.06699110552699E-15),.UNSPECIFIED.);
#1426=B_SPLINE_CURVE_WITH_KNOTS('',3,(#5651,#5652,#5653,#5654,#5655,#5656,
#5657,#5658),.UNSPECIFIED.,.F.,.F.,(4,2,2,4),(0.0710921615625194,0.0721423153712357,
0.0793785050714386,0.0802516357192738),.UNSPECIFIED.);
#1427=B_SPLINE_CURVE_WITH_KNOTS('',3,(#5740,#5741,#5742,#5743,#5744,#5745,
#5746,#5747,#5748,#5749,#5750,#5751,#5752,#5753,#5754,#5755,#5756,#5757,
#5758,#5759,#5760,#5761,#5762,#5763,#5764,#5765,#5766,#5767,#5768,#5769,
#5770),.UNSPECIFIED.,.F.,.F.,(4,3,3,3,3,3,3,3,3,3,4),(-0.988432844342418,
-0.973791769112127,-0.848886892421243,-0.733502506610614,-0.605715224156984,
-0.486264123678554,-0.315018831571405,-0.172225823068477,-9.6053726317794E-5,
0.00470748426323352,0.0419373413155877),.UNSPECIFIED.);
#1428=B_SPLINE_CURVE_WITH_KNOTS('',3,(#5789,#5790,#5791,#5792),
 .UNSPECIFIED.,.F.,.F.,(4,4),(0.,0.279252940751928),.UNSPECIFIED.);
#1429=B_SPLINE_CURVE_WITH_KNOTS('',3,(#5999,#6000,#6001,#6002,#6003,#6004),
 .UNSPECIFIED.,.F.,.F.,(4,2,4),(-0.00116618602496263,0.,0.176399179792431),
 .UNSPECIFIED.);
#1430=B_SPLINE_CURVE_WITH_KNOTS('',3,(#6015,#6016,#6017,#6018),
 .UNSPECIFIED.,.F.,.F.,(4,4),(0.180267989307253,0.271902198901821),
 .UNSPECIFIED.);
#1431=B_SPLINE_CURVE_WITH_KNOTS('',3,(#6054,#6055,#6056,#6057,#6058,#6059),
 .UNSPECIFIED.,.F.,.F.,(4,2,4),(0.410065446068996,0.567112985633231,0.568151236755802),
 .UNSPECIFIED.);
#1432=B_SPLINE_CURVE_WITH_KNOTS('',3,(#6193,#6194,#6195,#6196),
 .UNSPECIFIED.,.F.,.F.,(4,4),(0.,1.2),.UNSPECIFIED.);
#1433=B_SPLINE_CURVE_WITH_KNOTS('',3,(#6319,#6320,#6321,#6322,#6323,#6324,
#6325),.UNSPECIFIED.,.F.,.F.,(4,3,4),(0.,0.398787007163963,0.697877262536935),
 .UNSPECIFIED.);
#1434=B_SPLINE_CURVE_WITH_KNOTS('',3,(#6327,#6328,#6329,#6330),
 .UNSPECIFIED.,.F.,.F.,(4,4),(-1.2,2.22370004509818E-16),.UNSPECIFIED.);
#1435=B_SPLINE_CURVE_WITH_KNOTS('',3,(#6332,#6333,#6334,#6335,#6336,#6337,
#6338),.UNSPECIFIED.,.F.,.F.,(4,3,4),(0.,0.299090255372953,0.69787726253689),
 .UNSPECIFIED.);
#1436=B_SPLINE_CURVE_WITH_KNOTS('',3,(#6339,#6340,#6341,#6342),
 .UNSPECIFIED.,.F.,.F.,(4,4),(-2.22370004509818E-16,1.2),.UNSPECIFIED.);
#1437=B_SPLINE_CURVE_WITH_KNOTS('',3,(#6418,#6419,#6420,#6421),
 .UNSPECIFIED.,.F.,.F.,(4,4),(-1.2,0.),.UNSPECIFIED.);
#1438=B_SPLINE_CURVE_WITH_KNOTS('',3,(#6447,#6448,#6449,#6450,#6451,#6452,
#6453,#6454,#6455,#6456,#6457,#6458,#6459,#6460,#6461,#6462,#6463,#6464,
#6465),.UNSPECIFIED.,.F.,.F.,(4,3,3,3,3,3,4),(-0.993027454945927,-0.962399553568334,
-0.865646244789455,-0.76504652682255,-0.615672976689786,-0.498286656605345,
-0.421588264379138),.UNSPECIFIED.);
#1439=B_SPLINE_CURVE_WITH_KNOTS('',3,(#6471,#6472,#6473,#6474,#6475,#6476,
#6477),.UNSPECIFIED.,.F.,.F.,(4,3,4),(-0.403962624143583,-0.331048875473794,
-0.315019384381872),.UNSPECIFIED.);
#1440=B_SPLINE_CURVE_WITH_KNOTS('',3,(#6483,#6484,#6485,#6486,#6487,#6488,
#6489),.UNSPECIFIED.,.F.,.F.,(4,3,4),(-0.292256548499087,-0.187101850316875,
-0.0229522411141399),.UNSPECIFIED.);
#1441=B_SPLINE_CURVE_WITH_KNOTS('',3,(#6491,#6492,#6493,#6494),
 .UNSPECIFIED.,.F.,.F.,(4,4),(0.,1.),.UNSPECIFIED.);
#1442=B_SPLINE_CURVE_WITH_KNOTS('',3,(#6507,#6508,#6509,#6510),
 .UNSPECIFIED.,.F.,.F.,(4,4),(0.,0.27925294075192),.UNSPECIFIED.);
#1443=B_SPLINE_CURVE_WITH_KNOTS('',3,(#6524,#6525,#6526,#6527,#6528,#6529,
#6530,#6531,#6532,#6533),.UNSPECIFIED.,.F.,.F.,(4,2,2,2,4),(3.07105952992943,
3.11913158279163,3.25287711927118,3.32986444853674,3.35133518730216),
 .UNSPECIFIED.);
#1444=B_SPLINE_CURVE_WITH_KNOTS('',3,(#6543,#6544,#6545,#6546,#6547,#6548,
#6549,#6550),.UNSPECIFIED.,.F.,.F.,(4,2,2,4),(2.23501169957845,2.28539573884943,
2.47270015787279,2.58580633150259),.UNSPECIFIED.);
#1445=B_SPLINE_CURVE_WITH_KNOTS('',3,(#6559,#6560,#6561,#6562,#6563,#6564,
#6565,#6566),.UNSPECIFIED.,.F.,.F.,(4,2,2,4),(2.29488174983433,2.36004316951245,
2.49228474359172,2.55353005916234),.UNSPECIFIED.);
#1446=B_SPLINE_CURVE_WITH_KNOTS('',3,(#6576,#6577,#6578,#6579,#6580,#6581,
#6582,#6583),.UNSPECIFIED.,.F.,.F.,(4,2,2,4),(2.39961326641302,2.47672771511409,
2.59098906446505,2.69167790008231),.UNSPECIFIED.);
#1447=B_SPLINE_CURVE_WITH_KNOTS('',3,(#6596,#6597,#6598,#6599,#6600,#6601,
#6602,#6603,#6604,#6605,#6606,#6607),.UNSPECIFIED.,.F.,.F.,(4,2,2,2,2,4),
(0.0446912323662808,0.0502523788876099,0.0573833501993404,0.0669451313544559,
0.0802994106422844,0.0929691586637935),.UNSPECIFIED.);
#1448=B_SPLINE_CURVE_WITH_KNOTS('',3,(#6612,#6613,#6614,#6615,#6616,#6617),
 .UNSPECIFIED.,.F.,.F.,(4,2,4),(0.443730220575148,0.455267265924913,0.45594036270902),
 .UNSPECIFIED.);
#1449=B_SPLINE_CURVE_WITH_KNOTS('',3,(#6621,#6622,#6623,#6624,#6625,#6626),
 .UNSPECIFIED.,.F.,.F.,(4,2,4),(0.0805220365265543,0.0870621291126916,0.100144934273956),
 .UNSPECIFIED.);
#1450=B_SPLINE_CURVE_WITH_KNOTS('',3,(#6658,#6659,#6660,#6661),
 .UNSPECIFIED.,.F.,.F.,(4,4),(-1.2,2.22044604925031E-16),.UNSPECIFIED.);
#1451=B_SPLINE_CURVE_WITH_KNOTS('',3,(#6689,#6690,#6691,#6692),
 .UNSPECIFIED.,.F.,.F.,(4,4),(0.,0.279252940751928),.UNSPECIFIED.);
#1452=B_SPLINE_CURVE_WITH_KNOTS('',3,(#6788,#6789,#6790,#6791),
 .UNSPECIFIED.,.F.,.F.,(4,4),(0.,1.),.UNSPECIFIED.);
#1453=B_SPLINE_CURVE_WITH_KNOTS('',3,(#6792,#6793,#6794,#6795,#6796,#6797,
#6798),.UNSPECIFIED.,.F.,.F.,(4,3,4),(-0.292256548499088,-0.187101850316875,
-0.0229522411141399),.UNSPECIFIED.);
#1454=B_SPLINE_CURVE_WITH_KNOTS('',3,(#6799,#6800,#6801,#6802,#6803,#6804,
#6805),.UNSPECIFIED.,.F.,.F.,(4,3,4),(-0.403962624143583,-0.331048875473794,
-0.315019384381872),.UNSPECIFIED.);
#1455=B_SPLINE_CURVE_WITH_KNOTS('',3,(#6806,#6807,#6808,#6809,#6810,#6811,
#6812,#6813,#6814,#6815,#6816,#6817,#6818,#6819,#6820,#6821,#6822,#6823,
#6824),.UNSPECIFIED.,.F.,.F.,(4,3,3,3,3,3,4),(-0.993027454945931,-0.962399553568334,
-0.865646244789455,-0.76504652682255,-0.615672976689786,-0.498286656605345,
-0.421588264379138),.UNSPECIFIED.);
#1456=B_SPLINE_CURVE_WITH_KNOTS('',3,(#6898,#6899,#6900,#6901,#6902,#6903),
 .UNSPECIFIED.,.F.,.F.,(4,2,4),(-0.000609488837796913,0.,0.011854265524231),
 .UNSPECIFIED.);
#1457=B_SPLINE_CURVE_WITH_KNOTS('',3,(#6905,#6906,#6907,#6908,#6909,#6910),
 .UNSPECIFIED.,.F.,.F.,(4,2,4),(0.00706213828725063,0.0242607573794205,
0.0387848541392285),.UNSPECIFIED.);
#1458=B_SPLINE_CURVE_WITH_KNOTS('',3,(#6911,#6912,#6913,#6914),
 .UNSPECIFIED.,.F.,.F.,(4,4),(0.16753341633061,0.180955026361431),
 .UNSPECIFIED.);
#1459=B_SPLINE_CURVE_WITH_KNOTS('',3,(#6925,#6926,#6927,#6928),
 .UNSPECIFIED.,.F.,.F.,(4,4),(0.204781685819577,0.228401358338655),
 .UNSPECIFIED.);
#1460=B_SPLINE_CURVE_WITH_KNOTS('',3,(#6930,#6931,#6932,#6933,#6934,#6935),
 .UNSPECIFIED.,.F.,.F.,(4,2,4),(0.0330676638943907,0.0334113049999693,0.0634355875184071),
 .UNSPECIFIED.);
#1461=B_SPLINE_CURVE_WITH_KNOTS('',3,(#7071,#7072,#7073,#7074),
 .UNSPECIFIED.,.F.,.F.,(4,4),(0.,1.2),.UNSPECIFIED.);
#1462=VERTEX_POINT('',#5379);
#1463=VERTEX_POINT('',#5380);
#1464=VERTEX_POINT('',#5388);
#1465=VERTEX_POINT('',#5393);
#1466=VERTEX_POINT('',#5455);
#1467=VERTEX_POINT('',#5480);
#1468=VERTEX_POINT('',#5510);
#1469=VERTEX_POINT('',#5542);
#1470=VERTEX_POINT('',#5549);
#1471=VERTEX_POINT('',#5551);
#1472=VERTEX_POINT('',#5553);
#1473=VERTEX_POINT('',#5555);
#1474=VERTEX_POINT('',#5557);
#1475=VERTEX_POINT('',#5563);
#1476=VERTEX_POINT('',#5565);
#1477=VERTEX_POINT('',#5567);
#1478=VERTEX_POINT('',#5569);
#1479=VERTEX_POINT('',#5571);
#1480=VERTEX_POINT('',#5573);
#1481=VERTEX_POINT('',#5575);
#1482=VERTEX_POINT('',#5593);
#1483=VERTEX_POINT('',#5594);
#1484=VERTEX_POINT('',#5601);
#1485=VERTEX_POINT('',#5606);
#1486=VERTEX_POINT('',#5644);
#1487=VERTEX_POINT('',#5646);
#1488=VERTEX_POINT('',#5650);
#1489=VERTEX_POINT('',#5772);
#1490=VERTEX_POINT('',#5774);
#1491=VERTEX_POINT('',#5778);
#1492=VERTEX_POINT('',#5779);
#1493=VERTEX_POINT('',#5784);
#1494=VERTEX_POINT('',#5788);
#1495=VERTEX_POINT('',#5793);
#1496=VERTEX_POINT('',#5795);
#1497=VERTEX_POINT('',#5797);
#1498=VERTEX_POINT('',#5799);
#1499=VERTEX_POINT('',#5801);
#1500=VERTEX_POINT('',#5803);
#1501=VERTEX_POINT('',#5805);
#1502=VERTEX_POINT('',#5807);
#1503=VERTEX_POINT('',#5809);
#1504=VERTEX_POINT('',#5811);
#1505=VERTEX_POINT('',#5813);
#1506=VERTEX_POINT('',#5815);
#1507=VERTEX_POINT('',#5817);
#1508=VERTEX_POINT('',#5819);
#1509=VERTEX_POINT('',#5821);
#1510=VERTEX_POINT('',#5823);
#1511=VERTEX_POINT('',#5825);
#1512=VERTEX_POINT('',#5827);
#1513=VERTEX_POINT('',#5829);
#1514=VERTEX_POINT('',#5831);
#1515=VERTEX_POINT('',#5833);
#1516=VERTEX_POINT('',#5835);
#1517=VERTEX_POINT('',#5837);
#1518=VERTEX_POINT('',#5839);
#1519=VERTEX_POINT('',#5841);
#1520=VERTEX_POINT('',#5843);
#1521=VERTEX_POINT('',#5845);
#1522=VERTEX_POINT('',#5847);
#1523=VERTEX_POINT('',#5849);
#1524=VERTEX_POINT('',#5851);
#1525=VERTEX_POINT('',#5853);
#1526=VERTEX_POINT('',#5855);
#1527=VERTEX_POINT('',#5857);
#1528=VERTEX_POINT('',#5859);
#1529=VERTEX_POINT('',#5861);
#1530=VERTEX_POINT('',#5863);
#1531=VERTEX_POINT('',#5865);
#1532=VERTEX_POINT('',#5867);
#1533=VERTEX_POINT('',#5869);
#1534=VERTEX_POINT('',#5871);
#1535=VERTEX_POINT('',#5873);
#1536=VERTEX_POINT('',#5875);
#1537=VERTEX_POINT('',#5877);
#1538=VERTEX_POINT('',#5879);
#1539=VERTEX_POINT('',#5881);
#1540=VERTEX_POINT('',#5883);
#1541=VERTEX_POINT('',#5885);
#1542=VERTEX_POINT('',#5887);
#1543=VERTEX_POINT('',#5889);
#1544=VERTEX_POINT('',#5891);
#1545=VERTEX_POINT('',#5894);
#1546=VERTEX_POINT('',#5896);
#1547=VERTEX_POINT('',#5898);
#1548=VERTEX_POINT('',#5900);
#1549=VERTEX_POINT('',#5902);
#1550=VERTEX_POINT('',#5904);
#1551=VERTEX_POINT('',#5906);
#1552=VERTEX_POINT('',#5909);
#1553=VERTEX_POINT('',#5911);
#1554=VERTEX_POINT('',#5915);
#1555=VERTEX_POINT('',#5916);
#1556=VERTEX_POINT('',#5923);
#1557=VERTEX_POINT('',#5925);
#1558=VERTEX_POINT('',#5929);
#1559=VERTEX_POINT('',#5930);
#1560=VERTEX_POINT('',#5937);
#1561=VERTEX_POINT('',#5939);
#1562=VERTEX_POINT('',#5943);
#1563=VERTEX_POINT('',#5944);
#1564=VERTEX_POINT('',#5951);
#1565=VERTEX_POINT('',#5953);
#1566=VERTEX_POINT('',#5957);
#1567=VERTEX_POINT('',#5958);
#1568=VERTEX_POINT('',#5965);
#1569=VERTEX_POINT('',#5967);
#1570=VERTEX_POINT('',#5971);
#1571=VERTEX_POINT('',#5972);
#1572=VERTEX_POINT('',#5979);
#1573=VERTEX_POINT('',#5981);
#1574=VERTEX_POINT('',#5985);
#1575=VERTEX_POINT('',#5986);
#1576=VERTEX_POINT('',#5993);
#1577=VERTEX_POINT('',#5994);
#1578=VERTEX_POINT('',#5996);
#1579=VERTEX_POINT('',#5998);
#1580=VERTEX_POINT('',#6007);
#1581=VERTEX_POINT('',#6008);
#1582=VERTEX_POINT('',#6013);
#1583=VERTEX_POINT('',#6014);
#1584=VERTEX_POINT('',#6022);
#1585=VERTEX_POINT('',#6024);
#1586=VERTEX_POINT('',#6026);
#1587=VERTEX_POINT('',#6028);
#1588=VERTEX_POINT('',#6030);
#1589=VERTEX_POINT('',#6032);
#1590=VERTEX_POINT('',#6034);
#1591=VERTEX_POINT('',#6036);
#1592=VERTEX_POINT('',#6039);
#1593=VERTEX_POINT('',#6041);
#1594=VERTEX_POINT('',#6043);
#1595=VERTEX_POINT('',#6045);
#1596=VERTEX_POINT('',#6048);
#1597=VERTEX_POINT('',#6051);
#1598=VERTEX_POINT('',#6053);
#1599=VERTEX_POINT('',#6077);
#1600=VERTEX_POINT('',#6079);
#1601=VERTEX_POINT('',#6083);
#1602=VERTEX_POINT('',#6087);
#1603=VERTEX_POINT('',#6089);
#1604=VERTEX_POINT('',#6091);
#1605=VERTEX_POINT('',#6093);
#1606=VERTEX_POINT('',#6095);
#1607=VERTEX_POINT('',#6097);
#1608=VERTEX_POINT('',#6099);
#1609=VERTEX_POINT('',#6101);
#1610=VERTEX_POINT('',#6103);
#1611=VERTEX_POINT('',#6105);
#1612=VERTEX_POINT('',#6107);
#1613=VERTEX_POINT('',#6109);
#1614=VERTEX_POINT('',#6111);
#1615=VERTEX_POINT('',#6113);
#1616=VERTEX_POINT('',#6115);
#1617=VERTEX_POINT('',#6117);
#1618=VERTEX_POINT('',#6119);
#1619=VERTEX_POINT('',#6121);
#1620=VERTEX_POINT('',#6123);
#1621=VERTEX_POINT('',#6125);
#1622=VERTEX_POINT('',#6127);
#1623=VERTEX_POINT('',#6129);
#1624=VERTEX_POINT('',#6131);
#1625=VERTEX_POINT('',#6133);
#1626=VERTEX_POINT('',#6135);
#1627=VERTEX_POINT('',#6137);
#1628=VERTEX_POINT('',#6139);
#1629=VERTEX_POINT('',#6141);
#1630=VERTEX_POINT('',#6143);
#1631=VERTEX_POINT('',#6145);
#1632=VERTEX_POINT('',#6147);
#1633=VERTEX_POINT('',#6149);
#1634=VERTEX_POINT('',#6151);
#1635=VERTEX_POINT('',#6153);
#1636=VERTEX_POINT('',#6155);
#1637=VERTEX_POINT('',#6157);
#1638=VERTEX_POINT('',#6159);
#1639=VERTEX_POINT('',#6161);
#1640=VERTEX_POINT('',#6163);
#1641=VERTEX_POINT('',#6165);
#1642=VERTEX_POINT('',#6167);
#1643=VERTEX_POINT('',#6181);
#1644=VERTEX_POINT('',#6185);
#1645=VERTEX_POINT('',#6317);
#1646=VERTEX_POINT('',#6318);
#1647=VERTEX_POINT('',#6326);
#1648=VERTEX_POINT('',#6331);
#1649=VERTEX_POINT('',#6393);
#1650=VERTEX_POINT('',#6417);
#1651=VERTEX_POINT('',#6446);
#1652=VERTEX_POINT('',#6466);
#1653=VERTEX_POINT('',#6468);
#1654=VERTEX_POINT('',#6470);
#1655=VERTEX_POINT('',#6478);
#1656=VERTEX_POINT('',#6480);
#1657=VERTEX_POINT('',#6482);
#1658=VERTEX_POINT('',#6490);
#1659=VERTEX_POINT('',#6495);
#1660=VERTEX_POINT('',#6497);
#1661=VERTEX_POINT('',#6499);
#1662=VERTEX_POINT('',#6501);
#1663=VERTEX_POINT('',#6503);
#1664=VERTEX_POINT('',#6505);
#1665=VERTEX_POINT('',#6511);
#1666=VERTEX_POINT('',#6513);
#1667=VERTEX_POINT('',#6515);
#1668=VERTEX_POINT('',#6517);
#1669=VERTEX_POINT('',#6519);
#1670=VERTEX_POINT('',#6522);
#1671=VERTEX_POINT('',#6523);
#1672=VERTEX_POINT('',#6534);
#1673=VERTEX_POINT('',#6536);
#1674=VERTEX_POINT('',#6538);
#1675=VERTEX_POINT('',#6551);
#1676=VERTEX_POINT('',#6553);
#1677=VERTEX_POINT('',#6557);
#1678=VERTEX_POINT('',#6558);
#1679=VERTEX_POINT('',#6567);
#1680=VERTEX_POINT('',#6569);
#1681=VERTEX_POINT('',#6571);
#1682=VERTEX_POINT('',#6584);
#1683=VERTEX_POINT('',#6586);
#1684=VERTEX_POINT('',#6590);
#1685=VERTEX_POINT('',#6591);
#1686=VERTEX_POINT('',#6593);
#1687=VERTEX_POINT('',#6595);
#1688=VERTEX_POINT('',#6610);
#1689=VERTEX_POINT('',#6611);
#1690=VERTEX_POINT('',#6619);
#1691=VERTEX_POINT('',#6628);
#1692=VERTEX_POINT('',#6630);
#1693=VERTEX_POINT('',#6632);
#1694=VERTEX_POINT('',#6634);
#1695=VERTEX_POINT('',#6636);
#1696=VERTEX_POINT('',#6638);
#1697=VERTEX_POINT('',#6640);
#1698=VERTEX_POINT('',#6642);
#1699=VERTEX_POINT('',#6644);
#1700=VERTEX_POINT('',#6647);
#1701=VERTEX_POINT('',#6651);
#1702=VERTEX_POINT('',#6653);
#1703=VERTEX_POINT('',#6657);
#1704=VERTEX_POINT('',#6664);
#1705=VERTEX_POINT('',#6668);
#1706=VERTEX_POINT('',#6670);
#1707=VERTEX_POINT('',#6674);
#1708=VERTEX_POINT('',#6676);
#1709=VERTEX_POINT('',#6678);
#1710=VERTEX_POINT('',#6682);
#1711=VERTEX_POINT('',#6683);
#1712=VERTEX_POINT('',#6688);
#1713=VERTEX_POINT('',#6693);
#1714=VERTEX_POINT('',#6696);
#1715=VERTEX_POINT('',#6698);
#1716=VERTEX_POINT('',#6700);
#1717=VERTEX_POINT('',#6702);
#1718=VERTEX_POINT('',#6704);
#1719=VERTEX_POINT('',#6706);
#1720=VERTEX_POINT('',#6708);
#1721=VERTEX_POINT('',#6710);
#1722=VERTEX_POINT('',#6712);
#1723=VERTEX_POINT('',#6714);
#1724=VERTEX_POINT('',#6716);
#1725=VERTEX_POINT('',#6718);
#1726=VERTEX_POINT('',#6720);
#1727=VERTEX_POINT('',#6722);
#1728=VERTEX_POINT('',#6724);
#1729=VERTEX_POINT('',#6726);
#1730=VERTEX_POINT('',#6728);
#1731=VERTEX_POINT('',#6730);
#1732=VERTEX_POINT('',#6732);
#1733=VERTEX_POINT('',#6734);
#1734=VERTEX_POINT('',#6736);
#1735=VERTEX_POINT('',#6738);
#1736=VERTEX_POINT('',#6740);
#1737=VERTEX_POINT('',#6742);
#1738=VERTEX_POINT('',#6744);
#1739=VERTEX_POINT('',#6746);
#1740=VERTEX_POINT('',#6748);
#1741=VERTEX_POINT('',#6750);
#1742=VERTEX_POINT('',#6752);
#1743=VERTEX_POINT('',#6754);
#1744=VERTEX_POINT('',#6756);
#1745=VERTEX_POINT('',#6758);
#1746=VERTEX_POINT('',#6760);
#1747=VERTEX_POINT('',#6762);
#1748=VERTEX_POINT('',#6764);
#1749=VERTEX_POINT('',#6766);
#1750=VERTEX_POINT('',#6768);
#1751=VERTEX_POINT('',#6770);
#1752=VERTEX_POINT('',#6772);
#1753=VERTEX_POINT('',#6774);
#1754=VERTEX_POINT('',#6776);
#1755=VERTEX_POINT('',#6778);
#1756=VERTEX_POINT('',#6780);
#1757=VERTEX_POINT('',#6782);
#1758=VERTEX_POINT('',#6784);
#1759=VERTEX_POINT('',#6787);
#1760=VERTEX_POINT('',#6825);
#1761=VERTEX_POINT('',#6827);
#1762=VERTEX_POINT('',#6829);
#1763=VERTEX_POINT('',#6831);
#1764=VERTEX_POINT('',#6836);
#1765=VERTEX_POINT('',#6838);
#1766=VERTEX_POINT('',#6842);
#1767=VERTEX_POINT('',#6843);
#1768=VERTEX_POINT('',#6854);
#1769=VERTEX_POINT('',#6856);
#1770=VERTEX_POINT('',#6860);
#1771=VERTEX_POINT('',#6861);
#1772=VERTEX_POINT('',#6868);
#1773=VERTEX_POINT('',#6870);
#1774=VERTEX_POINT('',#6874);
#1775=VERTEX_POINT('',#6875);
#1776=VERTEX_POINT('',#6882);
#1777=VERTEX_POINT('',#6884);
#1778=VERTEX_POINT('',#6888);
#1779=VERTEX_POINT('',#6889);
#1780=VERTEX_POINT('',#6896);
#1781=VERTEX_POINT('',#6897);
#1782=VERTEX_POINT('',#6904);
#1783=VERTEX_POINT('',#6915);
#1784=VERTEX_POINT('',#6919);
#1785=VERTEX_POINT('',#6923);
#1786=VERTEX_POINT('',#6924);
#1787=VERTEX_POINT('',#6950);
#1788=VERTEX_POINT('',#6952);
#1789=VERTEX_POINT('',#6956);
#1790=VERTEX_POINT('',#6960);
#1791=VERTEX_POINT('',#6962);
#1792=VERTEX_POINT('',#6964);
#1793=VERTEX_POINT('',#6966);
#1794=VERTEX_POINT('',#6968);
#1795=VERTEX_POINT('',#6970);
#1796=VERTEX_POINT('',#6972);
#1797=VERTEX_POINT('',#6974);
#1798=VERTEX_POINT('',#6976);
#1799=VERTEX_POINT('',#6978);
#1800=VERTEX_POINT('',#6980);
#1801=VERTEX_POINT('',#6982);
#1802=VERTEX_POINT('',#6984);
#1803=VERTEX_POINT('',#6986);
#1804=VERTEX_POINT('',#6988);
#1805=VERTEX_POINT('',#6990);
#1806=VERTEX_POINT('',#6992);
#1807=VERTEX_POINT('',#6994);
#1808=VERTEX_POINT('',#6996);
#1809=VERTEX_POINT('',#6998);
#1810=VERTEX_POINT('',#7000);
#1811=VERTEX_POINT('',#7002);
#1812=VERTEX_POINT('',#7004);
#1813=VERTEX_POINT('',#7006);
#1814=VERTEX_POINT('',#7008);
#1815=VERTEX_POINT('',#7010);
#1816=VERTEX_POINT('',#7012);
#1817=VERTEX_POINT('',#7014);
#1818=VERTEX_POINT('',#7016);
#1819=VERTEX_POINT('',#7018);
#1820=VERTEX_POINT('',#7020);
#1821=VERTEX_POINT('',#7022);
#1822=VERTEX_POINT('',#7024);
#1823=VERTEX_POINT('',#7026);
#1824=VERTEX_POINT('',#7028);
#1825=VERTEX_POINT('',#7030);
#1826=VERTEX_POINT('',#7032);
#1827=VERTEX_POINT('',#7034);
#1828=VERTEX_POINT('',#7036);
#1829=VERTEX_POINT('',#7038);
#1830=VERTEX_POINT('',#7040);
#1831=VERTEX_POINT('',#7058);
#1832=VERTEX_POINT('',#7062);
#1833=VERTEX_POINT('',#7066);
#1834=EDGE_CURVE('',#1462,#1463,#1413,.T.);
#1835=EDGE_CURVE('',#1463,#1464,#1414,.T.);
#1836=EDGE_CURVE('',#1464,#1465,#1415,.T.);
#1837=EDGE_CURVE('',#1465,#1462,#1416,.T.);
#1838=EDGE_CURVE('',#1465,#1466,#994,.T.);
#1839=EDGE_CURVE('',#1467,#1466,#1417,.T.);
#1840=EDGE_CURVE('',#1462,#1467,#995,.T.);
#1841=EDGE_CURVE('',#1468,#1464,#1418,.F.);
#1842=EDGE_CURVE('',#1469,#1468,#1419,.T.);
#1843=EDGE_CURVE('',#1470,#1469,#665,.T.);
#1844=EDGE_CURVE('',#1470,#1471,#666,.T.);
#1845=EDGE_CURVE('',#1472,#1471,#667,.T.);
#1846=EDGE_CURVE('',#1473,#1472,#668,.T.);
#1847=EDGE_CURVE('',#1474,#1473,#173,.T.);
#1848=EDGE_CURVE('',#1466,#1474,#1420,.T.);
#1849=EDGE_CURVE('',#1475,#1475,#669,.T.);
#1850=EDGE_CURVE('',#1476,#1476,#670,.T.);
#1851=EDGE_CURVE('',#1477,#1477,#671,.T.);
#1852=EDGE_CURVE('',#1478,#1478,#672,.T.);
#1853=EDGE_CURVE('',#1479,#1479,#673,.T.);
#1854=EDGE_CURVE('',#1480,#1480,#674,.T.);
#1855=EDGE_CURVE('',#1481,#1481,#675,.T.);
#1856=EDGE_CURVE('',#1482,#1483,#1421,.T.);
#1857=EDGE_CURVE('',#1483,#1484,#1422,.T.);
#1858=EDGE_CURVE('',#1484,#1485,#1423,.T.);
#1859=EDGE_CURVE('',#1485,#1469,#1424,.T.);
#1860=EDGE_CURVE('',#1468,#1482,#1425,.T.);
#1861=EDGE_CURVE('',#1486,#1485,#676,.T.);
#1862=EDGE_CURVE('',#1487,#1486,#677,.T.);
#1863=EDGE_CURVE('',#1487,#1470,#174,.T.);
#1864=EDGE_CURVE('',#1484,#1488,#1426,.T.);
#1865=EDGE_CURVE('',#1486,#1488,#678,.T.);
#1866=EDGE_CURVE('',#1482,#1463,#1427,.F.);
#1867=EDGE_CURVE('',#1481,#1489,#679,.T.);
#1868=EDGE_CURVE('',#1489,#1490,#680,.T.);
#1869=EDGE_CURVE('',#1490,#1489,#681,.T.);
#1870=EDGE_CURVE('',#1491,#1492,#682,.T.);
#1871=EDGE_CURVE('',#1491,#1490,#175,.T.);
#1872=EDGE_CURVE('',#1492,#1491,#683,.T.);
#1873=EDGE_CURVE('',#1493,#1493,#684,.T.);
#1874=EDGE_CURVE('',#1493,#1492,#685,.T.);
#1875=EDGE_CURVE('',#1494,#1467,#1428,.T.);
#1876=EDGE_CURVE('',#1494,#1495,#176,.T.);
#1877=EDGE_CURVE('',#1496,#1495,#686,.T.);
#1878=EDGE_CURVE('',#1497,#1496,#687,.T.);
#1879=EDGE_CURVE('',#1497,#1498,#688,.T.);
#1880=EDGE_CURVE('',#1499,#1498,#689,.T.);
#1881=EDGE_CURVE('',#1499,#1500,#177,.T.);
#1882=EDGE_CURVE('',#1501,#1500,#690,.T.);
#1883=EDGE_CURVE('',#1501,#1502,#691,.T.);
#1884=EDGE_CURVE('',#1503,#1502,#692,.T.);
#1885=EDGE_CURVE('',#1503,#1504,#178,.T.);
#1886=EDGE_CURVE('',#1504,#1505,#179,.T.);
#1887=EDGE_CURVE('',#1506,#1505,#693,.T.);
#1888=EDGE_CURVE('',#1506,#1507,#180,.T.);
#1889=EDGE_CURVE('',#1507,#1508,#181,.T.);
#1890=EDGE_CURVE('',#1509,#1508,#694,.T.);
#1891=EDGE_CURVE('',#1509,#1510,#182,.T.);
#1892=EDGE_CURVE('',#1510,#1511,#183,.T.);
#1893=EDGE_CURVE('',#1512,#1511,#695,.T.);
#1894=EDGE_CURVE('',#1512,#1513,#184,.T.);
#1895=EDGE_CURVE('',#1513,#1514,#185,.T.);
#1896=EDGE_CURVE('',#1515,#1514,#696,.T.);
#1897=EDGE_CURVE('',#1515,#1516,#186,.T.);
#1898=EDGE_CURVE('',#1516,#1517,#187,.T.);
#1899=EDGE_CURVE('',#1518,#1517,#697,.T.);
#1900=EDGE_CURVE('',#1518,#1519,#188,.T.);
#1901=EDGE_CURVE('',#1519,#1520,#189,.T.);
#1902=EDGE_CURVE('',#1521,#1520,#698,.T.);
#1903=EDGE_CURVE('',#1521,#1522,#190,.T.);
#1904=EDGE_CURVE('',#1522,#1523,#191,.T.);
#1905=EDGE_CURVE('',#1524,#1523,#699,.T.);
#1906=EDGE_CURVE('',#1524,#1525,#192,.T.);
#1907=EDGE_CURVE('',#1525,#1526,#193,.T.);
#1908=EDGE_CURVE('',#1527,#1526,#700,.T.);
#1909=EDGE_CURVE('',#1527,#1528,#194,.T.);
#1910=EDGE_CURVE('',#1528,#1529,#195,.T.);
#1911=EDGE_CURVE('',#1530,#1529,#701,.T.);
#1912=EDGE_CURVE('',#1530,#1531,#196,.T.);
#1913=EDGE_CURVE('',#1531,#1532,#197,.T.);
#1914=EDGE_CURVE('',#1533,#1532,#702,.T.);
#1915=EDGE_CURVE('',#1533,#1534,#198,.T.);
#1916=EDGE_CURVE('',#1534,#1535,#199,.T.);
#1917=EDGE_CURVE('',#1536,#1535,#703,.T.);
#1918=EDGE_CURVE('',#1536,#1537,#200,.T.);
#1919=EDGE_CURVE('',#1538,#1537,#704,.T.);
#1920=EDGE_CURVE('',#1538,#1539,#201,.T.);
#1921=EDGE_CURVE('',#1540,#1539,#705,.T.);
#1922=EDGE_CURVE('',#1540,#1541,#202,.T.);
#1923=EDGE_CURVE('',#1542,#1541,#706,.T.);
#1924=EDGE_CURVE('',#1543,#1542,#707,.T.);
#1925=EDGE_CURVE('',#1543,#1544,#708,.F.);
#1926=EDGE_CURVE('',#1483,#1544,#709,.T.);
#1927=EDGE_CURVE('',#1545,#1545,#710,.T.);
#1928=EDGE_CURVE('',#1546,#1546,#711,.T.);
#1929=EDGE_CURVE('',#1547,#1547,#712,.T.);
#1930=EDGE_CURVE('',#1548,#1548,#713,.T.);
#1931=EDGE_CURVE('',#1549,#1549,#714,.T.);
#1932=EDGE_CURVE('',#1550,#1550,#715,.T.);
#1933=EDGE_CURVE('',#1551,#1551,#716,.T.);
#1934=EDGE_CURVE('',#1475,#1552,#717,.T.);
#1935=EDGE_CURVE('',#1552,#1553,#718,.T.);
#1936=EDGE_CURVE('',#1553,#1552,#719,.T.);
#1937=EDGE_CURVE('',#1554,#1555,#720,.T.);
#1938=EDGE_CURVE('',#1554,#1553,#203,.T.);
#1939=EDGE_CURVE('',#1555,#1554,#721,.T.);
#1940=EDGE_CURVE('',#1545,#1555,#722,.T.);
#1941=EDGE_CURVE('',#1480,#1556,#723,.T.);
#1942=EDGE_CURVE('',#1556,#1557,#724,.T.);
#1943=EDGE_CURVE('',#1557,#1556,#725,.T.);
#1944=EDGE_CURVE('',#1558,#1559,#726,.T.);
#1945=EDGE_CURVE('',#1558,#1557,#204,.T.);
#1946=EDGE_CURVE('',#1559,#1558,#727,.T.);
#1947=EDGE_CURVE('',#1551,#1559,#728,.T.);
#1948=EDGE_CURVE('',#1476,#1560,#729,.T.);
#1949=EDGE_CURVE('',#1560,#1561,#730,.T.);
#1950=EDGE_CURVE('',#1561,#1560,#731,.T.);
#1951=EDGE_CURVE('',#1562,#1563,#732,.T.);
#1952=EDGE_CURVE('',#1562,#1561,#205,.T.);
#1953=EDGE_CURVE('',#1563,#1562,#733,.T.);
#1954=EDGE_CURVE('',#1546,#1563,#734,.T.);
#1955=EDGE_CURVE('',#1479,#1564,#735,.T.);
#1956=EDGE_CURVE('',#1564,#1565,#736,.T.);
#1957=EDGE_CURVE('',#1565,#1564,#737,.T.);
#1958=EDGE_CURVE('',#1566,#1567,#738,.T.);
#1959=EDGE_CURVE('',#1566,#1565,#206,.T.);
#1960=EDGE_CURVE('',#1567,#1566,#739,.T.);
#1961=EDGE_CURVE('',#1550,#1567,#740,.T.);
#1962=EDGE_CURVE('',#1477,#1568,#741,.T.);
#1963=EDGE_CURVE('',#1568,#1569,#742,.T.);
#1964=EDGE_CURVE('',#1569,#1568,#743,.T.);
#1965=EDGE_CURVE('',#1570,#1571,#744,.T.);
#1966=EDGE_CURVE('',#1570,#1569,#207,.T.);
#1967=EDGE_CURVE('',#1571,#1570,#745,.T.);
#1968=EDGE_CURVE('',#1547,#1571,#746,.T.);
#1969=EDGE_CURVE('',#1478,#1572,#747,.T.);
#1970=EDGE_CURVE('',#1572,#1573,#748,.T.);
#1971=EDGE_CURVE('',#1573,#1572,#749,.T.);
#1972=EDGE_CURVE('',#1574,#1575,#750,.T.);
#1973=EDGE_CURVE('',#1574,#1573,#208,.T.);
#1974=EDGE_CURVE('',#1575,#1574,#751,.T.);
#1975=EDGE_CURVE('',#1548,#1575,#752,.T.);
#1976=EDGE_CURVE('',#1576,#1577,#753,.T.);
#1977=EDGE_CURVE('',#1577,#1578,#754,.T.);
#1978=EDGE_CURVE('',#1578,#1579,#1429,.T.);
#1979=EDGE_CURVE('',#1579,#1576,#755,.T.);
#1980=EDGE_CURVE('',#1580,#1581,#756,.T.);
#1981=EDGE_CURVE('',#1581,#1577,#757,.T.);
#1982=EDGE_CURVE('',#1576,#1580,#758,.T.);
#1983=EDGE_CURVE('',#1582,#1583,#1430,.T.);
#1984=EDGE_CURVE('',#1583,#1581,#759,.T.);
#1985=EDGE_CURVE('',#1580,#1582,#760,.T.);
#1986=EDGE_CURVE('',#1579,#1584,#761,.T.);
#1987=EDGE_CURVE('',#1584,#1585,#209,.T.);
#1988=EDGE_CURVE('',#1585,#1586,#762,.F.);
#1989=EDGE_CURVE('',#1587,#1586,#763,.T.);
#1990=EDGE_CURVE('',#1588,#1587,#764,.T.);
#1991=EDGE_CURVE('',#1588,#1589,#765,.T.);
#1992=EDGE_CURVE('',#1590,#1589,#766,.T.);
#1993=EDGE_CURVE('',#1591,#1590,#767,.T.);
#1994=EDGE_CURVE('',#1488,#1591,#768,.T.);
#1995=EDGE_CURVE('',#1488,#1592,#769,.T.);
#1996=EDGE_CURVE('',#1593,#1592,#770,.F.);
#1997=EDGE_CURVE('',#1594,#1593,#771,.T.);
#1998=EDGE_CURVE('',#1595,#1594,#772,.T.);
#1999=EDGE_CURVE('',#1595,#1582,#210,.T.);
#2000=EDGE_CURVE('',#1596,#1596,#773,.T.);
#2001=EDGE_CURVE('',#1597,#1590,#774,.T.);
#2002=EDGE_CURVE('',#1589,#1598,#1431,.T.);
#2003=EDGE_CURVE('',#1598,#1597,#775,.T.);
#2004=EDGE_CURVE('',#1487,#1591,#776,.T.);
#2005=EDGE_CURVE('',#1597,#1487,#777,.T.);
#2006=EDGE_CURVE('',#1471,#1597,#211,.T.);
#2007=EDGE_CURVE('',#1598,#1472,#212,.T.);
#2008=EDGE_CURVE('',#1593,#1543,#213,.T.);
#2009=EDGE_CURVE('',#1542,#1594,#214,.T.);
#2010=EDGE_CURVE('',#1544,#1592,#215,.T.);
#2011=EDGE_CURVE('',#1541,#1595,#216,.T.);
#2012=EDGE_CURVE('',#1583,#1599,#217,.T.);
#2013=EDGE_CURVE('',#1599,#1600,#778,.T.);
#2014=EDGE_CURVE('',#1600,#1581,#218,.T.);
#2015=EDGE_CURVE('',#1601,#1600,#779,.T.);
#2016=EDGE_CURVE('',#1577,#1601,#219,.T.);
#2017=EDGE_CURVE('',#1602,#1599,#220,.T.);
#2018=EDGE_CURVE('',#1603,#1602,#780,.T.);
#2019=EDGE_CURVE('',#1604,#1603,#221,.T.);
#2020=EDGE_CURVE('',#1605,#1604,#781,.T.);
#2021=EDGE_CURVE('',#1606,#1605,#222,.T.);
#2022=EDGE_CURVE('',#1607,#1606,#782,.T.);
#2023=EDGE_CURVE('',#1607,#1608,#223,.T.);
#2024=EDGE_CURVE('',#1608,#1609,#224,.T.);
#2025=EDGE_CURVE('',#1610,#1609,#783,.T.);
#2026=EDGE_CURVE('',#1610,#1611,#225,.T.);
#2027=EDGE_CURVE('',#1611,#1612,#226,.T.);
#2028=EDGE_CURVE('',#1613,#1612,#784,.T.);
#2029=EDGE_CURVE('',#1613,#1614,#227,.T.);
#2030=EDGE_CURVE('',#1614,#1615,#228,.T.);
#2031=EDGE_CURVE('',#1616,#1615,#785,.T.);
#2032=EDGE_CURVE('',#1616,#1617,#229,.T.);
#2033=EDGE_CURVE('',#1617,#1618,#230,.T.);
#2034=EDGE_CURVE('',#1619,#1618,#786,.T.);
#2035=EDGE_CURVE('',#1619,#1620,#231,.T.);
#2036=EDGE_CURVE('',#1620,#1621,#232,.T.);
#2037=EDGE_CURVE('',#1622,#1621,#787,.T.);
#2038=EDGE_CURVE('',#1622,#1623,#233,.T.);
#2039=EDGE_CURVE('',#1623,#1624,#234,.T.);
#2040=EDGE_CURVE('',#1625,#1624,#788,.T.);
#2041=EDGE_CURVE('',#1625,#1626,#235,.T.);
#2042=EDGE_CURVE('',#1626,#1627,#236,.T.);
#2043=EDGE_CURVE('',#1628,#1627,#789,.T.);
#2044=EDGE_CURVE('',#1628,#1629,#237,.T.);
#2045=EDGE_CURVE('',#1629,#1630,#238,.T.);
#2046=EDGE_CURVE('',#1631,#1630,#790,.T.);
#2047=EDGE_CURVE('',#1631,#1632,#239,.T.);
#2048=EDGE_CURVE('',#1632,#1633,#240,.T.);
#2049=EDGE_CURVE('',#1634,#1633,#791,.T.);
#2050=EDGE_CURVE('',#1634,#1635,#241,.T.);
#2051=EDGE_CURVE('',#1635,#1636,#242,.T.);
#2052=EDGE_CURVE('',#1637,#1636,#792,.T.);
#2053=EDGE_CURVE('',#1637,#1638,#243,.T.);
#2054=EDGE_CURVE('',#1638,#1639,#244,.T.);
#2055=EDGE_CURVE('',#1640,#1639,#793,.T.);
#2056=EDGE_CURVE('',#1640,#1641,#794,.T.);
#2057=EDGE_CURVE('',#1642,#1641,#795,.T.);
#2058=EDGE_CURVE('',#1601,#1642,#796,.T.);
#2059=EDGE_CURVE('',#1642,#1578,#245,.T.);
#2060=EDGE_CURVE('',#1500,#1584,#246,.T.);
#2061=EDGE_CURVE('',#1585,#1499,#247,.T.);
#2062=EDGE_CURVE('',#1641,#1501,#248,.T.);
#2063=EDGE_CURVE('',#1496,#1588,#249,.T.);
#2064=EDGE_CURVE('',#1495,#1473,#250,.T.);
#2065=EDGE_CURVE('',#1549,#1643,#251,.T.);
#2066=EDGE_CURVE('',#1643,#1643,#797,.T.);
#2067=EDGE_CURVE('',#1643,#1644,#252,.T.);
#2068=EDGE_CURVE('',#1644,#1644,#798,.T.);
#2069=EDGE_CURVE('',#1644,#1596,#253,.T.);
#2070=EDGE_CURVE('',#1587,#1497,#254,.T.);
#2071=EDGE_CURVE('',#1474,#1494,#1432,.T.);
#2072=EDGE_CURVE('',#1498,#1586,#255,.T.);
#2073=EDGE_CURVE('',#1537,#1605,#256,.T.);
#2074=EDGE_CURVE('',#1604,#1538,#257,.T.);
#2075=EDGE_CURVE('',#1539,#1603,#258,.T.);
#2076=EDGE_CURVE('',#1602,#1540,#259,.T.);
#2077=EDGE_CURVE('',#1502,#1640,#260,.T.);
#2078=EDGE_CURVE('',#1535,#1607,#261,.T.);
#2079=EDGE_CURVE('',#1606,#1536,#262,.T.);
#2080=EDGE_CURVE('',#1532,#1610,#263,.T.);
#2081=EDGE_CURVE('',#1609,#1533,#264,.T.);
#2082=EDGE_CURVE('',#1608,#1534,#265,.T.);
#2083=EDGE_CURVE('',#1529,#1613,#266,.T.);
#2084=EDGE_CURVE('',#1612,#1530,#267,.T.);
#2085=EDGE_CURVE('',#1611,#1531,#268,.T.);
#2086=EDGE_CURVE('',#1526,#1616,#269,.T.);
#2087=EDGE_CURVE('',#1615,#1527,#270,.T.);
#2088=EDGE_CURVE('',#1614,#1528,#271,.T.);
#2089=EDGE_CURVE('',#1523,#1619,#272,.T.);
#2090=EDGE_CURVE('',#1618,#1524,#273,.T.);
#2091=EDGE_CURVE('',#1617,#1525,#274,.T.);
#2092=EDGE_CURVE('',#1520,#1622,#275,.T.);
#2093=EDGE_CURVE('',#1621,#1521,#276,.T.);
#2094=EDGE_CURVE('',#1620,#1522,#277,.T.);
#2095=EDGE_CURVE('',#1517,#1625,#278,.T.);
#2096=EDGE_CURVE('',#1624,#1518,#279,.T.);
#2097=EDGE_CURVE('',#1623,#1519,#280,.T.);
#2098=EDGE_CURVE('',#1514,#1628,#281,.T.);
#2099=EDGE_CURVE('',#1627,#1515,#282,.T.);
#2100=EDGE_CURVE('',#1626,#1516,#283,.T.);
#2101=EDGE_CURVE('',#1511,#1631,#284,.T.);
#2102=EDGE_CURVE('',#1630,#1512,#285,.T.);
#2103=EDGE_CURVE('',#1629,#1513,#286,.T.);
#2104=EDGE_CURVE('',#1508,#1634,#287,.T.);
#2105=EDGE_CURVE('',#1633,#1509,#288,.T.);
#2106=EDGE_CURVE('',#1632,#1510,#289,.T.);
#2107=EDGE_CURVE('',#1505,#1637,#290,.T.);
#2108=EDGE_CURVE('',#1636,#1506,#291,.T.);
#2109=EDGE_CURVE('',#1635,#1507,#292,.T.);
#2110=EDGE_CURVE('',#1639,#1503,#293,.T.);
#2111=EDGE_CURVE('',#1638,#1504,#294,.T.);
#2112=EDGE_CURVE('',#1645,#1646,#1433,.T.);
#2113=EDGE_CURVE('',#1646,#1647,#1434,.T.);
#2114=EDGE_CURVE('',#1647,#1648,#1435,.T.);
#2115=EDGE_CURVE('',#1648,#1645,#1436,.T.);
#2116=EDGE_CURVE('',#1648,#1649,#996,.T.);
#2117=EDGE_CURVE('',#1650,#1649,#1437,.T.);
#2118=EDGE_CURVE('',#1645,#1650,#997,.T.);
#2119=EDGE_CURVE('',#1651,#1647,#1438,.F.);
#2120=EDGE_CURVE('',#1652,#1651,#799,.T.);
#2121=EDGE_CURVE('',#1653,#1652,#800,.T.);
#2122=EDGE_CURVE('',#1654,#1653,#1439,.F.);
#2123=EDGE_CURVE('',#1655,#1654,#801,.T.);
#2124=EDGE_CURVE('',#1656,#1655,#802,.T.);
#2125=EDGE_CURVE('',#1657,#1656,#1440,.F.);
#2126=EDGE_CURVE('',#1658,#1657,#1441,.F.);
#2127=EDGE_CURVE('',#1659,#1658,#295,.F.);
#2128=EDGE_CURVE('',#1659,#1660,#803,.F.);
#2129=EDGE_CURVE('',#1660,#1661,#804,.T.);
#2130=EDGE_CURVE('',#1662,#1661,#805,.T.);
#2131=EDGE_CURVE('',#1663,#1662,#806,.T.);
#2132=EDGE_CURVE('',#1664,#1663,#296,.T.);
#2133=EDGE_CURVE('',#1649,#1664,#1442,.T.);
#2134=EDGE_CURVE('',#1665,#1665,#807,.T.);
#2135=EDGE_CURVE('',#1666,#1666,#808,.T.);
#2136=EDGE_CURVE('',#1667,#1667,#809,.T.);
#2137=EDGE_CURVE('',#1668,#1668,#810,.T.);
#2138=EDGE_CURVE('',#1669,#1669,#811,.T.);
#2139=EDGE_CURVE('',#1670,#1671,#1443,.T.);
#2140=EDGE_CURVE('',#1670,#1672,#812,.T.);
#2141=EDGE_CURVE('',#1672,#1673,#813,.T.);
#2142=EDGE_CURVE('',#1673,#1674,#814,.T.);
#2143=EDGE_CURVE('',#1674,#1673,#815,.T.);
#2144=EDGE_CURVE('',#1672,#1671,#816,.T.);
#2145=EDGE_CURVE('',#1656,#1654,#1444,.T.);
#2146=EDGE_CURVE('',#1655,#1675,#817,.T.);
#2147=EDGE_CURVE('',#1675,#1676,#818,.T.);
#2148=EDGE_CURVE('',#1676,#1675,#819,.T.);
#2149=EDGE_CURVE('',#1677,#1678,#1445,.T.);
#2150=EDGE_CURVE('',#1677,#1679,#820,.T.);
#2151=EDGE_CURVE('',#1679,#1680,#821,.T.);
#2152=EDGE_CURVE('',#1680,#1681,#822,.T.);
#2153=EDGE_CURVE('',#1681,#1680,#823,.T.);
#2154=EDGE_CURVE('',#1679,#1678,#824,.T.);
#2155=EDGE_CURVE('',#1653,#1651,#1446,.T.);
#2156=EDGE_CURVE('',#1652,#1682,#825,.T.);
#2157=EDGE_CURVE('',#1682,#1683,#826,.T.);
#2158=EDGE_CURVE('',#1683,#1682,#827,.T.);
#2159=EDGE_CURVE('',#1684,#1685,#828,.T.);
#2160=EDGE_CURVE('',#1685,#1686,#829,.T.);
#2161=EDGE_CURVE('',#1686,#1687,#1447,.T.);
#2162=EDGE_CURVE('',#1687,#1684,#830,.T.);
#2163=EDGE_CURVE('',#1688,#1689,#1448,.T.);
#2164=EDGE_CURVE('',#1689,#1685,#831,.T.);
#2165=EDGE_CURVE('',#1684,#1690,#832,.T.);
#2166=EDGE_CURVE('',#1690,#1688,#1449,.T.);
#2167=EDGE_CURVE('',#1687,#1691,#833,.F.);
#2168=EDGE_CURVE('',#1692,#1691,#834,.F.);
#2169=EDGE_CURVE('',#1693,#1692,#835,.T.);
#2170=EDGE_CURVE('',#1693,#1694,#836,.T.);
#2171=EDGE_CURVE('',#1695,#1694,#837,.T.);
#2172=EDGE_CURVE('',#1696,#1695,#838,.T.);
#2173=EDGE_CURVE('',#1697,#1696,#839,.T.);
#2174=EDGE_CURVE('',#1698,#1697,#840,.T.);
#2175=EDGE_CURVE('',#1699,#1698,#841,.F.);
#2176=EDGE_CURVE('',#1690,#1699,#842,.T.);
#2177=EDGE_CURVE('',#1700,#1700,#843,.T.);
#2178=EDGE_CURVE('',#1686,#1660,#297,.T.);
#2179=EDGE_CURVE('',#1659,#1701,#298,.T.);
#2180=EDGE_CURVE('',#1701,#1702,#844,.T.);
#2181=EDGE_CURVE('',#1702,#1691,#299,.T.);
#2182=EDGE_CURVE('',#1703,#1658,#1450,.T.);
#2183=EDGE_CURVE('',#1701,#1703,#300,.F.);
#2184=EDGE_CURVE('',#1704,#1702,#845,.F.);
#2185=EDGE_CURVE('',#1692,#1704,#301,.T.);
#2186=EDGE_CURVE('',#1699,#1705,#302,.T.);
#2187=EDGE_CURVE('',#1705,#1706,#846,.T.);
#2188=EDGE_CURVE('',#1688,#1706,#303,.T.);
#2189=EDGE_CURVE('',#1707,#1707,#847,.T.);
#2190=EDGE_CURVE('',#1707,#1708,#848,.T.);
#2191=EDGE_CURVE('',#1708,#1709,#849,.T.);
#2192=EDGE_CURVE('',#1709,#1708,#850,.T.);
#2193=EDGE_CURVE('',#1710,#1711,#851,.T.);
#2194=EDGE_CURVE('',#1710,#1709,#304,.T.);
#2195=EDGE_CURVE('',#1711,#1710,#852,.T.);
#2196=EDGE_CURVE('',#1712,#1650,#1451,.T.);
#2197=EDGE_CURVE('',#1712,#1713,#305,.T.);
#2198=EDGE_CURVE('',#1706,#1713,#853,.T.);
#2199=EDGE_CURVE('',#1705,#1714,#854,.F.);
#2200=EDGE_CURVE('',#1715,#1714,#855,.T.);
#2201=EDGE_CURVE('',#1715,#1716,#306,.T.);
#2202=EDGE_CURVE('',#1717,#1716,#856,.T.);
#2203=EDGE_CURVE('',#1717,#1718,#857,.T.);
#2204=EDGE_CURVE('',#1719,#1718,#858,.T.);
#2205=EDGE_CURVE('',#1719,#1720,#307,.T.);
#2206=EDGE_CURVE('',#1720,#1721,#308,.T.);
#2207=EDGE_CURVE('',#1722,#1721,#859,.T.);
#2208=EDGE_CURVE('',#1722,#1723,#309,.T.);
#2209=EDGE_CURVE('',#1723,#1724,#310,.T.);
#2210=EDGE_CURVE('',#1725,#1724,#860,.T.);
#2211=EDGE_CURVE('',#1725,#1726,#311,.T.);
#2212=EDGE_CURVE('',#1726,#1727,#312,.T.);
#2213=EDGE_CURVE('',#1728,#1727,#861,.T.);
#2214=EDGE_CURVE('',#1728,#1729,#313,.T.);
#2215=EDGE_CURVE('',#1729,#1730,#314,.T.);
#2216=EDGE_CURVE('',#1731,#1730,#862,.T.);
#2217=EDGE_CURVE('',#1731,#1732,#315,.T.);
#2218=EDGE_CURVE('',#1732,#1733,#316,.T.);
#2219=EDGE_CURVE('',#1734,#1733,#863,.T.);
#2220=EDGE_CURVE('',#1734,#1735,#317,.T.);
#2221=EDGE_CURVE('',#1735,#1736,#318,.T.);
#2222=EDGE_CURVE('',#1737,#1736,#864,.T.);
#2223=EDGE_CURVE('',#1737,#1738,#319,.T.);
#2224=EDGE_CURVE('',#1738,#1739,#320,.T.);
#2225=EDGE_CURVE('',#1740,#1739,#865,.T.);
#2226=EDGE_CURVE('',#1740,#1741,#321,.T.);
#2227=EDGE_CURVE('',#1741,#1742,#322,.T.);
#2228=EDGE_CURVE('',#1743,#1742,#866,.T.);
#2229=EDGE_CURVE('',#1743,#1744,#323,.T.);
#2230=EDGE_CURVE('',#1744,#1745,#324,.T.);
#2231=EDGE_CURVE('',#1746,#1745,#867,.T.);
#2232=EDGE_CURVE('',#1746,#1747,#325,.T.);
#2233=EDGE_CURVE('',#1747,#1748,#326,.T.);
#2234=EDGE_CURVE('',#1749,#1748,#868,.T.);
#2235=EDGE_CURVE('',#1749,#1750,#327,.T.);
#2236=EDGE_CURVE('',#1750,#1751,#328,.T.);
#2237=EDGE_CURVE('',#1752,#1751,#869,.T.);
#2238=EDGE_CURVE('',#1752,#1753,#329,.T.);
#2239=EDGE_CURVE('',#1754,#1753,#870,.T.);
#2240=EDGE_CURVE('',#1754,#1755,#330,.F.);
#2241=EDGE_CURVE('',#1756,#1755,#871,.T.);
#2242=EDGE_CURVE('',#1756,#1757,#331,.F.);
#2243=EDGE_CURVE('',#1758,#1757,#872,.T.);
#2244=EDGE_CURVE('',#1704,#1758,#873,.T.);
#2245=EDGE_CURVE('',#1759,#1703,#1452,.T.);
#2246=EDGE_CURVE('',#1759,#1671,#1453,.F.);
#2247=EDGE_CURVE('',#1670,#1678,#1454,.F.);
#2248=EDGE_CURVE('',#1677,#1646,#1455,.F.);
#2249=EDGE_CURVE('',#1760,#1760,#874,.T.);
#2250=EDGE_CURVE('',#1761,#1761,#875,.T.);
#2251=EDGE_CURVE('',#1762,#1762,#876,.T.);
#2252=EDGE_CURVE('',#1763,#1763,#877,.T.);
#2253=EDGE_CURVE('',#1665,#1711,#878,.T.);
#2254=EDGE_CURVE('',#1760,#1764,#879,.T.);
#2255=EDGE_CURVE('',#1764,#1765,#880,.T.);
#2256=EDGE_CURVE('',#1765,#1764,#881,.T.);
#2257=EDGE_CURVE('',#1766,#1767,#882,.T.);
#2258=EDGE_CURVE('',#1766,#1765,#332,.T.);
#2259=EDGE_CURVE('',#1767,#1766,#883,.T.);
#2260=EDGE_CURVE('',#1669,#1767,#884,.T.);
#2261=EDGE_CURVE('',#1676,#1674,#333,.T.);
#2262=EDGE_CURVE('',#1683,#1681,#334,.T.);
#2263=EDGE_CURVE('',#1763,#1768,#885,.T.);
#2264=EDGE_CURVE('',#1768,#1769,#886,.T.);
#2265=EDGE_CURVE('',#1769,#1768,#887,.T.);
#2266=EDGE_CURVE('',#1770,#1771,#888,.T.);
#2267=EDGE_CURVE('',#1770,#1769,#335,.T.);
#2268=EDGE_CURVE('',#1771,#1770,#889,.T.);
#2269=EDGE_CURVE('',#1666,#1771,#890,.T.);
#2270=EDGE_CURVE('',#1761,#1772,#891,.T.);
#2271=EDGE_CURVE('',#1772,#1773,#892,.T.);
#2272=EDGE_CURVE('',#1773,#1772,#893,.T.);
#2273=EDGE_CURVE('',#1774,#1775,#894,.T.);
#2274=EDGE_CURVE('',#1774,#1773,#336,.T.);
#2275=EDGE_CURVE('',#1775,#1774,#895,.T.);
#2276=EDGE_CURVE('',#1668,#1775,#896,.T.);
#2277=EDGE_CURVE('',#1762,#1776,#897,.T.);
#2278=EDGE_CURVE('',#1776,#1777,#898,.T.);
#2279=EDGE_CURVE('',#1777,#1776,#899,.T.);
#2280=EDGE_CURVE('',#1778,#1779,#900,.T.);
#2281=EDGE_CURVE('',#1778,#1777,#337,.T.);
#2282=EDGE_CURVE('',#1779,#1778,#901,.T.);
#2283=EDGE_CURVE('',#1667,#1779,#902,.T.);
#2284=EDGE_CURVE('',#1780,#1781,#1456,.F.);
#2285=EDGE_CURVE('',#1782,#1780,#1457,.F.);
#2286=EDGE_CURVE('',#1697,#1782,#1458,.F.);
#2287=EDGE_CURVE('',#1696,#1783,#903,.T.);
#2288=EDGE_CURVE('',#1783,#1781,#904,.T.);
#2289=EDGE_CURVE('',#1695,#1784,#905,.T.);
#2290=EDGE_CURVE('',#1784,#1783,#906,.T.);
#2291=EDGE_CURVE('',#1785,#1786,#1459,.F.);
#2292=EDGE_CURVE('',#1785,#1784,#907,.T.);
#2293=EDGE_CURVE('',#1694,#1786,#1460,.T.);
#2294=EDGE_CURVE('',#1782,#1715,#338,.T.);
#2295=EDGE_CURVE('',#1714,#1698,#339,.T.);
#2296=EDGE_CURVE('',#1780,#1716,#340,.T.);
#2297=EDGE_CURVE('',#1758,#1693,#341,.T.);
#2298=EDGE_CURVE('',#1757,#1786,#342,.T.);
#2299=EDGE_CURVE('',#1713,#1663,#343,.T.);
#2300=EDGE_CURVE('',#1689,#1662,#344,.T.);
#2301=EDGE_CURVE('',#1753,#1787,#345,.T.);
#2302=EDGE_CURVE('',#1787,#1788,#908,.T.);
#2303=EDGE_CURVE('',#1788,#1754,#346,.T.);
#2304=EDGE_CURVE('',#1788,#1789,#347,.F.);
#2305=EDGE_CURVE('',#1755,#1789,#348,.T.);
#2306=EDGE_CURVE('',#1790,#1787,#349,.T.);
#2307=EDGE_CURVE('',#1791,#1790,#909,.T.);
#2308=EDGE_CURVE('',#1791,#1792,#350,.T.);
#2309=EDGE_CURVE('',#1792,#1793,#351,.T.);
#2310=EDGE_CURVE('',#1794,#1793,#910,.T.);
#2311=EDGE_CURVE('',#1794,#1795,#352,.T.);
#2312=EDGE_CURVE('',#1795,#1796,#353,.T.);
#2313=EDGE_CURVE('',#1797,#1796,#911,.T.);
#2314=EDGE_CURVE('',#1797,#1798,#354,.T.);
#2315=EDGE_CURVE('',#1798,#1799,#355,.T.);
#2316=EDGE_CURVE('',#1800,#1799,#912,.T.);
#2317=EDGE_CURVE('',#1800,#1801,#356,.T.);
#2318=EDGE_CURVE('',#1801,#1802,#357,.T.);
#2319=EDGE_CURVE('',#1803,#1802,#913,.T.);
#2320=EDGE_CURVE('',#1803,#1804,#358,.T.);
#2321=EDGE_CURVE('',#1804,#1805,#359,.T.);
#2322=EDGE_CURVE('',#1806,#1805,#914,.T.);
#2323=EDGE_CURVE('',#1806,#1807,#360,.T.);
#2324=EDGE_CURVE('',#1807,#1808,#361,.T.);
#2325=EDGE_CURVE('',#1809,#1808,#915,.T.);
#2326=EDGE_CURVE('',#1809,#1810,#362,.T.);
#2327=EDGE_CURVE('',#1810,#1811,#363,.T.);
#2328=EDGE_CURVE('',#1812,#1811,#916,.T.);
#2329=EDGE_CURVE('',#1812,#1813,#364,.T.);
#2330=EDGE_CURVE('',#1813,#1814,#365,.T.);
#2331=EDGE_CURVE('',#1815,#1814,#917,.T.);
#2332=EDGE_CURVE('',#1815,#1816,#366,.T.);
#2333=EDGE_CURVE('',#1816,#1817,#367,.T.);
#2334=EDGE_CURVE('',#1818,#1817,#918,.T.);
#2335=EDGE_CURVE('',#1818,#1819,#368,.T.);
#2336=EDGE_CURVE('',#1819,#1820,#369,.T.);
#2337=EDGE_CURVE('',#1821,#1820,#919,.T.);
#2338=EDGE_CURVE('',#1821,#1822,#370,.T.);
#2339=EDGE_CURVE('',#1822,#1823,#371,.T.);
#2340=EDGE_CURVE('',#1824,#1823,#920,.T.);
#2341=EDGE_CURVE('',#1824,#1825,#921,.T.);
#2342=EDGE_CURVE('',#1826,#1825,#922,.T.);
#2343=EDGE_CURVE('',#1827,#1826,#923,.T.);
#2344=EDGE_CURVE('',#1827,#1828,#924,.F.);
#2345=EDGE_CURVE('',#1829,#1828,#925,.T.);
#2346=EDGE_CURVE('',#1830,#1829,#372,.F.);
#2347=EDGE_CURVE('',#1789,#1830,#926,.F.);
#2348=EDGE_CURVE('',#1785,#1829,#373,.T.);
#2349=EDGE_CURVE('',#1828,#1784,#374,.T.);
#2350=EDGE_CURVE('',#1830,#1756,#375,.T.);
#2351=EDGE_CURVE('',#1790,#1752,#376,.T.);
#2352=EDGE_CURVE('',#1783,#1827,#377,.T.);
#2353=EDGE_CURVE('',#1826,#1781,#378,.T.);
#2354=EDGE_CURVE('',#1661,#1685,#379,.T.);
#2355=EDGE_CURVE('',#1831,#1831,#927,.F.);
#2356=EDGE_CURVE('',#1831,#1700,#380,.T.);
#2357=EDGE_CURVE('',#1832,#1832,#928,.T.);
#2358=EDGE_CURVE('',#1832,#1831,#381,.T.);
#2359=EDGE_CURVE('',#1833,#1833,#929,.F.);
#2360=EDGE_CURVE('',#1833,#1832,#382,.T.);
#2361=EDGE_CURVE('',#1664,#1712,#1461,.T.);
#2362=EDGE_CURVE('',#1657,#1759,#383,.T.);
#2363=EDGE_CURVE('',#1825,#1717,#384,.T.);
#2364=EDGE_CURVE('',#1718,#1824,#385,.T.);
#2365=EDGE_CURVE('',#1751,#1791,#386,.T.);
#2366=EDGE_CURVE('',#1748,#1794,#387,.T.);
#2367=EDGE_CURVE('',#1793,#1749,#388,.T.);
#2368=EDGE_CURVE('',#1792,#1750,#389,.T.);
#2369=EDGE_CURVE('',#1745,#1797,#390,.T.);
#2370=EDGE_CURVE('',#1796,#1746,#391,.T.);
#2371=EDGE_CURVE('',#1795,#1747,#392,.T.);
#2372=EDGE_CURVE('',#1742,#1800,#393,.T.);
#2373=EDGE_CURVE('',#1799,#1743,#394,.T.);
#2374=EDGE_CURVE('',#1798,#1744,#395,.T.);
#2375=EDGE_CURVE('',#1739,#1803,#396,.T.);
#2376=EDGE_CURVE('',#1802,#1740,#397,.T.);
#2377=EDGE_CURVE('',#1801,#1741,#398,.T.);
#2378=EDGE_CURVE('',#1736,#1806,#399,.T.);
#2379=EDGE_CURVE('',#1805,#1737,#400,.T.);
#2380=EDGE_CURVE('',#1804,#1738,#401,.T.);
#2381=EDGE_CURVE('',#1733,#1809,#402,.T.);
#2382=EDGE_CURVE('',#1808,#1734,#403,.T.);
#2383=EDGE_CURVE('',#1807,#1735,#404,.T.);
#2384=EDGE_CURVE('',#1730,#1812,#405,.T.);
#2385=EDGE_CURVE('',#1811,#1731,#406,.T.);
#2386=EDGE_CURVE('',#1810,#1732,#407,.T.);
#2387=EDGE_CURVE('',#1727,#1815,#408,.T.);
#2388=EDGE_CURVE('',#1814,#1728,#409,.T.);
#2389=EDGE_CURVE('',#1813,#1729,#410,.T.);
#2390=EDGE_CURVE('',#1724,#1818,#411,.T.);
#2391=EDGE_CURVE('',#1817,#1725,#412,.T.);
#2392=EDGE_CURVE('',#1816,#1726,#413,.T.);
#2393=EDGE_CURVE('',#1721,#1821,#414,.T.);
#2394=EDGE_CURVE('',#1820,#1722,#415,.T.);
#2395=EDGE_CURVE('',#1819,#1723,#416,.T.);
#2396=EDGE_CURVE('',#1823,#1719,#417,.T.);
#2397=EDGE_CURVE('',#1822,#1720,#418,.T.);
#2398=ORIENTED_EDGE('',*,*,#1834,.T.);
#2399=ORIENTED_EDGE('',*,*,#1835,.T.);
#2400=ORIENTED_EDGE('',*,*,#1836,.T.);
#2401=ORIENTED_EDGE('',*,*,#1837,.T.);
#2402=ORIENTED_EDGE('',*,*,#1837,.F.);
#2403=ORIENTED_EDGE('',*,*,#1838,.T.);
#2404=ORIENTED_EDGE('',*,*,#1839,.F.);
#2405=ORIENTED_EDGE('',*,*,#1840,.F.);
#2406=ORIENTED_EDGE('',*,*,#1836,.F.);
#2407=ORIENTED_EDGE('',*,*,#1841,.F.);
#2408=ORIENTED_EDGE('',*,*,#1842,.F.);
#2409=ORIENTED_EDGE('',*,*,#1843,.F.);
#2410=ORIENTED_EDGE('',*,*,#1844,.T.);
#2411=ORIENTED_EDGE('',*,*,#1845,.F.);
#2412=ORIENTED_EDGE('',*,*,#1846,.F.);
#2413=ORIENTED_EDGE('',*,*,#1847,.F.);
#2414=ORIENTED_EDGE('',*,*,#1848,.F.);
#2415=ORIENTED_EDGE('',*,*,#1838,.F.);
#2416=ORIENTED_EDGE('',*,*,#1849,.F.);
#2417=ORIENTED_EDGE('',*,*,#1850,.F.);
#2418=ORIENTED_EDGE('',*,*,#1851,.F.);
#2419=ORIENTED_EDGE('',*,*,#1852,.F.);
#2420=ORIENTED_EDGE('',*,*,#1853,.F.);
#2421=ORIENTED_EDGE('',*,*,#1854,.F.);
#2422=ORIENTED_EDGE('',*,*,#1855,.F.);
#2423=ORIENTED_EDGE('',*,*,#1856,.T.);
#2424=ORIENTED_EDGE('',*,*,#1857,.T.);
#2425=ORIENTED_EDGE('',*,*,#1858,.T.);
#2426=ORIENTED_EDGE('',*,*,#1859,.T.);
#2427=ORIENTED_EDGE('',*,*,#1842,.T.);
#2428=ORIENTED_EDGE('',*,*,#1860,.T.);
#2429=ORIENTED_EDGE('',*,*,#1859,.F.);
#2430=ORIENTED_EDGE('',*,*,#1861,.F.);
#2431=ORIENTED_EDGE('',*,*,#1862,.F.);
#2432=ORIENTED_EDGE('',*,*,#1863,.T.);
#2433=ORIENTED_EDGE('',*,*,#1843,.T.);
#2434=ORIENTED_EDGE('',*,*,#1858,.F.);
#2435=ORIENTED_EDGE('',*,*,#1864,.T.);
#2436=ORIENTED_EDGE('',*,*,#1865,.F.);
#2437=ORIENTED_EDGE('',*,*,#1861,.T.);
#2438=ORIENTED_EDGE('',*,*,#1835,.F.);
#2439=ORIENTED_EDGE('',*,*,#1866,.F.);
#2440=ORIENTED_EDGE('',*,*,#1860,.F.);
#2441=ORIENTED_EDGE('',*,*,#1841,.T.);
#2442=ORIENTED_EDGE('',*,*,#1855,.T.);
#2443=ORIENTED_EDGE('',*,*,#1867,.T.);
#2444=ORIENTED_EDGE('',*,*,#1868,.T.);
#2445=ORIENTED_EDGE('',*,*,#1869,.T.);
#2446=ORIENTED_EDGE('',*,*,#1867,.F.);
#2447=ORIENTED_EDGE('',*,*,#1870,.F.);
#2448=ORIENTED_EDGE('',*,*,#1871,.T.);
#2449=ORIENTED_EDGE('',*,*,#1868,.F.);
#2450=ORIENTED_EDGE('',*,*,#1869,.F.);
#2451=ORIENTED_EDGE('',*,*,#1871,.F.);
#2452=ORIENTED_EDGE('',*,*,#1872,.F.);
#2453=ORIENTED_EDGE('',*,*,#1873,.T.);
#2454=ORIENTED_EDGE('',*,*,#1874,.T.);
#2455=ORIENTED_EDGE('',*,*,#1872,.T.);
#2456=ORIENTED_EDGE('',*,*,#1870,.T.);
#2457=ORIENTED_EDGE('',*,*,#1874,.F.);
#2458=ORIENTED_EDGE('',*,*,#1834,.F.);
#2459=ORIENTED_EDGE('',*,*,#1840,.T.);
#2460=ORIENTED_EDGE('',*,*,#1875,.F.);
#2461=ORIENTED_EDGE('',*,*,#1876,.T.);
#2462=ORIENTED_EDGE('',*,*,#1877,.F.);
#2463=ORIENTED_EDGE('',*,*,#1878,.F.);
#2464=ORIENTED_EDGE('',*,*,#1879,.T.);
#2465=ORIENTED_EDGE('',*,*,#1880,.F.);
#2466=ORIENTED_EDGE('',*,*,#1881,.T.);
#2467=ORIENTED_EDGE('',*,*,#1882,.F.);
#2468=ORIENTED_EDGE('',*,*,#1883,.T.);
#2469=ORIENTED_EDGE('',*,*,#1884,.F.);
#2470=ORIENTED_EDGE('',*,*,#1885,.T.);
#2471=ORIENTED_EDGE('',*,*,#1886,.T.);
#2472=ORIENTED_EDGE('',*,*,#1887,.F.);
#2473=ORIENTED_EDGE('',*,*,#1888,.T.);
#2474=ORIENTED_EDGE('',*,*,#1889,.T.);
#2475=ORIENTED_EDGE('',*,*,#1890,.F.);
#2476=ORIENTED_EDGE('',*,*,#1891,.T.);
#2477=ORIENTED_EDGE('',*,*,#1892,.T.);
#2478=ORIENTED_EDGE('',*,*,#1893,.F.);
#2479=ORIENTED_EDGE('',*,*,#1894,.T.);
#2480=ORIENTED_EDGE('',*,*,#1895,.T.);
#2481=ORIENTED_EDGE('',*,*,#1896,.F.);
#2482=ORIENTED_EDGE('',*,*,#1897,.T.);
#2483=ORIENTED_EDGE('',*,*,#1898,.T.);
#2484=ORIENTED_EDGE('',*,*,#1899,.F.);
#2485=ORIENTED_EDGE('',*,*,#1900,.T.);
#2486=ORIENTED_EDGE('',*,*,#1901,.T.);
#2487=ORIENTED_EDGE('',*,*,#1902,.F.);
#2488=ORIENTED_EDGE('',*,*,#1903,.T.);
#2489=ORIENTED_EDGE('',*,*,#1904,.T.);
#2490=ORIENTED_EDGE('',*,*,#1905,.F.);
#2491=ORIENTED_EDGE('',*,*,#1906,.T.);
#2492=ORIENTED_EDGE('',*,*,#1907,.T.);
#2493=ORIENTED_EDGE('',*,*,#1908,.F.);
#2494=ORIENTED_EDGE('',*,*,#1909,.T.);
#2495=ORIENTED_EDGE('',*,*,#1910,.T.);
#2496=ORIENTED_EDGE('',*,*,#1911,.F.);
#2497=ORIENTED_EDGE('',*,*,#1912,.T.);
#2498=ORIENTED_EDGE('',*,*,#1913,.T.);
#2499=ORIENTED_EDGE('',*,*,#1914,.F.);
#2500=ORIENTED_EDGE('',*,*,#1915,.T.);
#2501=ORIENTED_EDGE('',*,*,#1916,.T.);
#2502=ORIENTED_EDGE('',*,*,#1917,.F.);
#2503=ORIENTED_EDGE('',*,*,#1918,.T.);
#2504=ORIENTED_EDGE('',*,*,#1919,.F.);
#2505=ORIENTED_EDGE('',*,*,#1920,.T.);
#2506=ORIENTED_EDGE('',*,*,#1921,.F.);
#2507=ORIENTED_EDGE('',*,*,#1922,.T.);
#2508=ORIENTED_EDGE('',*,*,#1923,.F.);
#2509=ORIENTED_EDGE('',*,*,#1924,.F.);
#2510=ORIENTED_EDGE('',*,*,#1925,.T.);
#2511=ORIENTED_EDGE('',*,*,#1926,.F.);
#2512=ORIENTED_EDGE('',*,*,#1856,.F.);
#2513=ORIENTED_EDGE('',*,*,#1866,.T.);
#2514=ORIENTED_EDGE('',*,*,#1927,.F.);
#2515=ORIENTED_EDGE('',*,*,#1928,.F.);
#2516=ORIENTED_EDGE('',*,*,#1929,.F.);
#2517=ORIENTED_EDGE('',*,*,#1930,.F.);
#2518=ORIENTED_EDGE('',*,*,#1931,.T.);
#2519=ORIENTED_EDGE('',*,*,#1932,.F.);
#2520=ORIENTED_EDGE('',*,*,#1933,.F.);
#2521=ORIENTED_EDGE('',*,*,#1873,.F.);
#2522=ORIENTED_EDGE('',*,*,#1849,.T.);
#2523=ORIENTED_EDGE('',*,*,#1934,.T.);
#2524=ORIENTED_EDGE('',*,*,#1935,.T.);
#2525=ORIENTED_EDGE('',*,*,#1936,.T.);
#2526=ORIENTED_EDGE('',*,*,#1934,.F.);
#2527=ORIENTED_EDGE('',*,*,#1937,.F.);
#2528=ORIENTED_EDGE('',*,*,#1938,.T.);
#2529=ORIENTED_EDGE('',*,*,#1935,.F.);
#2530=ORIENTED_EDGE('',*,*,#1936,.F.);
#2531=ORIENTED_EDGE('',*,*,#1938,.F.);
#2532=ORIENTED_EDGE('',*,*,#1939,.F.);
#2533=ORIENTED_EDGE('',*,*,#1927,.T.);
#2534=ORIENTED_EDGE('',*,*,#1940,.T.);
#2535=ORIENTED_EDGE('',*,*,#1939,.T.);
#2536=ORIENTED_EDGE('',*,*,#1937,.T.);
#2537=ORIENTED_EDGE('',*,*,#1940,.F.);
#2538=ORIENTED_EDGE('',*,*,#1854,.T.);
#2539=ORIENTED_EDGE('',*,*,#1941,.T.);
#2540=ORIENTED_EDGE('',*,*,#1942,.T.);
#2541=ORIENTED_EDGE('',*,*,#1943,.T.);
#2542=ORIENTED_EDGE('',*,*,#1941,.F.);
#2543=ORIENTED_EDGE('',*,*,#1944,.F.);
#2544=ORIENTED_EDGE('',*,*,#1945,.T.);
#2545=ORIENTED_EDGE('',*,*,#1942,.F.);
#2546=ORIENTED_EDGE('',*,*,#1943,.F.);
#2547=ORIENTED_EDGE('',*,*,#1945,.F.);
#2548=ORIENTED_EDGE('',*,*,#1946,.F.);
#2549=ORIENTED_EDGE('',*,*,#1933,.T.);
#2550=ORIENTED_EDGE('',*,*,#1947,.T.);
#2551=ORIENTED_EDGE('',*,*,#1946,.T.);
#2552=ORIENTED_EDGE('',*,*,#1944,.T.);
#2553=ORIENTED_EDGE('',*,*,#1947,.F.);
#2554=ORIENTED_EDGE('',*,*,#1850,.T.);
#2555=ORIENTED_EDGE('',*,*,#1948,.T.);
#2556=ORIENTED_EDGE('',*,*,#1949,.T.);
#2557=ORIENTED_EDGE('',*,*,#1950,.T.);
#2558=ORIENTED_EDGE('',*,*,#1948,.F.);
#2559=ORIENTED_EDGE('',*,*,#1951,.F.);
#2560=ORIENTED_EDGE('',*,*,#1952,.T.);
#2561=ORIENTED_EDGE('',*,*,#1949,.F.);
#2562=ORIENTED_EDGE('',*,*,#1950,.F.);
#2563=ORIENTED_EDGE('',*,*,#1952,.F.);
#2564=ORIENTED_EDGE('',*,*,#1953,.F.);
#2565=ORIENTED_EDGE('',*,*,#1928,.T.);
#2566=ORIENTED_EDGE('',*,*,#1954,.T.);
#2567=ORIENTED_EDGE('',*,*,#1953,.T.);
#2568=ORIENTED_EDGE('',*,*,#1951,.T.);
#2569=ORIENTED_EDGE('',*,*,#1954,.F.);
#2570=ORIENTED_EDGE('',*,*,#1853,.T.);
#2571=ORIENTED_EDGE('',*,*,#1955,.T.);
#2572=ORIENTED_EDGE('',*,*,#1956,.T.);
#2573=ORIENTED_EDGE('',*,*,#1957,.T.);
#2574=ORIENTED_EDGE('',*,*,#1955,.F.);
#2575=ORIENTED_EDGE('',*,*,#1958,.F.);
#2576=ORIENTED_EDGE('',*,*,#1959,.T.);
#2577=ORIENTED_EDGE('',*,*,#1956,.F.);
#2578=ORIENTED_EDGE('',*,*,#1957,.F.);
#2579=ORIENTED_EDGE('',*,*,#1959,.F.);
#2580=ORIENTED_EDGE('',*,*,#1960,.F.);
#2581=ORIENTED_EDGE('',*,*,#1932,.T.);
#2582=ORIENTED_EDGE('',*,*,#1961,.T.);
#2583=ORIENTED_EDGE('',*,*,#1960,.T.);
#2584=ORIENTED_EDGE('',*,*,#1958,.T.);
#2585=ORIENTED_EDGE('',*,*,#1961,.F.);
#2586=ORIENTED_EDGE('',*,*,#1851,.T.);
#2587=ORIENTED_EDGE('',*,*,#1962,.T.);
#2588=ORIENTED_EDGE('',*,*,#1963,.T.);
#2589=ORIENTED_EDGE('',*,*,#1964,.T.);
#2590=ORIENTED_EDGE('',*,*,#1962,.F.);
#2591=ORIENTED_EDGE('',*,*,#1965,.F.);
#2592=ORIENTED_EDGE('',*,*,#1966,.T.);
#2593=ORIENTED_EDGE('',*,*,#1963,.F.);
#2594=ORIENTED_EDGE('',*,*,#1964,.F.);
#2595=ORIENTED_EDGE('',*,*,#1966,.F.);
#2596=ORIENTED_EDGE('',*,*,#1967,.F.);
#2597=ORIENTED_EDGE('',*,*,#1929,.T.);
#2598=ORIENTED_EDGE('',*,*,#1968,.T.);
#2599=ORIENTED_EDGE('',*,*,#1967,.T.);
#2600=ORIENTED_EDGE('',*,*,#1965,.T.);
#2601=ORIENTED_EDGE('',*,*,#1968,.F.);
#2602=ORIENTED_EDGE('',*,*,#1852,.T.);
#2603=ORIENTED_EDGE('',*,*,#1969,.T.);
#2604=ORIENTED_EDGE('',*,*,#1970,.T.);
#2605=ORIENTED_EDGE('',*,*,#1971,.T.);
#2606=ORIENTED_EDGE('',*,*,#1969,.F.);
#2607=ORIENTED_EDGE('',*,*,#1972,.F.);
#2608=ORIENTED_EDGE('',*,*,#1973,.T.);
#2609=ORIENTED_EDGE('',*,*,#1970,.F.);
#2610=ORIENTED_EDGE('',*,*,#1971,.F.);
#2611=ORIENTED_EDGE('',*,*,#1973,.F.);
#2612=ORIENTED_EDGE('',*,*,#1974,.F.);
#2613=ORIENTED_EDGE('',*,*,#1930,.T.);
#2614=ORIENTED_EDGE('',*,*,#1975,.T.);
#2615=ORIENTED_EDGE('',*,*,#1974,.T.);
#2616=ORIENTED_EDGE('',*,*,#1972,.T.);
#2617=ORIENTED_EDGE('',*,*,#1975,.F.);
#2618=ORIENTED_EDGE('',*,*,#1976,.T.);
#2619=ORIENTED_EDGE('',*,*,#1977,.T.);
#2620=ORIENTED_EDGE('',*,*,#1978,.T.);
#2621=ORIENTED_EDGE('',*,*,#1979,.T.);
#2622=ORIENTED_EDGE('',*,*,#1980,.T.);
#2623=ORIENTED_EDGE('',*,*,#1981,.T.);
#2624=ORIENTED_EDGE('',*,*,#1976,.F.);
#2625=ORIENTED_EDGE('',*,*,#1982,.T.);
#2626=ORIENTED_EDGE('',*,*,#1983,.T.);
#2627=ORIENTED_EDGE('',*,*,#1984,.T.);
#2628=ORIENTED_EDGE('',*,*,#1980,.F.);
#2629=ORIENTED_EDGE('',*,*,#1985,.T.);
#2630=ORIENTED_EDGE('',*,*,#1985,.F.);
#2631=ORIENTED_EDGE('',*,*,#1982,.F.);
#2632=ORIENTED_EDGE('',*,*,#1979,.F.);
#2633=ORIENTED_EDGE('',*,*,#1986,.T.);
#2634=ORIENTED_EDGE('',*,*,#1987,.T.);
#2635=ORIENTED_EDGE('',*,*,#1988,.T.);
#2636=ORIENTED_EDGE('',*,*,#1989,.F.);
#2637=ORIENTED_EDGE('',*,*,#1990,.F.);
#2638=ORIENTED_EDGE('',*,*,#1991,.T.);
#2639=ORIENTED_EDGE('',*,*,#1992,.F.);
#2640=ORIENTED_EDGE('',*,*,#1993,.F.);
#2641=ORIENTED_EDGE('',*,*,#1994,.F.);
#2642=ORIENTED_EDGE('',*,*,#1995,.T.);
#2643=ORIENTED_EDGE('',*,*,#1996,.F.);
#2644=ORIENTED_EDGE('',*,*,#1997,.F.);
#2645=ORIENTED_EDGE('',*,*,#1998,.F.);
#2646=ORIENTED_EDGE('',*,*,#1999,.T.);
#2647=ORIENTED_EDGE('',*,*,#2000,.T.);
#2648=ORIENTED_EDGE('',*,*,#2001,.T.);
#2649=ORIENTED_EDGE('',*,*,#1992,.T.);
#2650=ORIENTED_EDGE('',*,*,#2002,.T.);
#2651=ORIENTED_EDGE('',*,*,#2003,.T.);
#2652=ORIENTED_EDGE('',*,*,#2004,.T.);
#2653=ORIENTED_EDGE('',*,*,#1993,.T.);
#2654=ORIENTED_EDGE('',*,*,#2001,.F.);
#2655=ORIENTED_EDGE('',*,*,#2005,.T.);
#2656=ORIENTED_EDGE('',*,*,#1865,.T.);
#2657=ORIENTED_EDGE('',*,*,#1994,.T.);
#2658=ORIENTED_EDGE('',*,*,#2004,.F.);
#2659=ORIENTED_EDGE('',*,*,#1862,.T.);
#2660=ORIENTED_EDGE('',*,*,#2005,.F.);
#2661=ORIENTED_EDGE('',*,*,#2006,.F.);
#2662=ORIENTED_EDGE('',*,*,#1844,.F.);
#2663=ORIENTED_EDGE('',*,*,#1863,.F.);
#2664=ORIENTED_EDGE('',*,*,#2003,.F.);
#2665=ORIENTED_EDGE('',*,*,#2007,.T.);
#2666=ORIENTED_EDGE('',*,*,#1845,.T.);
#2667=ORIENTED_EDGE('',*,*,#2006,.T.);
#2668=ORIENTED_EDGE('',*,*,#1997,.T.);
#2669=ORIENTED_EDGE('',*,*,#2008,.T.);
#2670=ORIENTED_EDGE('',*,*,#1924,.T.);
#2671=ORIENTED_EDGE('',*,*,#2009,.T.);
#2672=ORIENTED_EDGE('',*,*,#2008,.F.);
#2673=ORIENTED_EDGE('',*,*,#1996,.T.);
#2674=ORIENTED_EDGE('',*,*,#2010,.F.);
#2675=ORIENTED_EDGE('',*,*,#1925,.F.);
#2676=ORIENTED_EDGE('',*,*,#2009,.F.);
#2677=ORIENTED_EDGE('',*,*,#1923,.T.);
#2678=ORIENTED_EDGE('',*,*,#2011,.T.);
#2679=ORIENTED_EDGE('',*,*,#1998,.T.);
#2680=ORIENTED_EDGE('',*,*,#1984,.F.);
#2681=ORIENTED_EDGE('',*,*,#2012,.T.);
#2682=ORIENTED_EDGE('',*,*,#2013,.T.);
#2683=ORIENTED_EDGE('',*,*,#2014,.T.);
#2684=ORIENTED_EDGE('',*,*,#1981,.F.);
#2685=ORIENTED_EDGE('',*,*,#2014,.F.);
#2686=ORIENTED_EDGE('',*,*,#2015,.F.);
#2687=ORIENTED_EDGE('',*,*,#2016,.F.);
#2688=ORIENTED_EDGE('',*,*,#2013,.F.);
#2689=ORIENTED_EDGE('',*,*,#2017,.F.);
#2690=ORIENTED_EDGE('',*,*,#2018,.F.);
#2691=ORIENTED_EDGE('',*,*,#2019,.F.);
#2692=ORIENTED_EDGE('',*,*,#2020,.F.);
#2693=ORIENTED_EDGE('',*,*,#2021,.F.);
#2694=ORIENTED_EDGE('',*,*,#2022,.F.);
#2695=ORIENTED_EDGE('',*,*,#2023,.T.);
#2696=ORIENTED_EDGE('',*,*,#2024,.T.);
#2697=ORIENTED_EDGE('',*,*,#2025,.F.);
#2698=ORIENTED_EDGE('',*,*,#2026,.T.);
#2699=ORIENTED_EDGE('',*,*,#2027,.T.);
#2700=ORIENTED_EDGE('',*,*,#2028,.F.);
#2701=ORIENTED_EDGE('',*,*,#2029,.T.);
#2702=ORIENTED_EDGE('',*,*,#2030,.T.);
#2703=ORIENTED_EDGE('',*,*,#2031,.F.);
#2704=ORIENTED_EDGE('',*,*,#2032,.T.);
#2705=ORIENTED_EDGE('',*,*,#2033,.T.);
#2706=ORIENTED_EDGE('',*,*,#2034,.F.);
#2707=ORIENTED_EDGE('',*,*,#2035,.T.);
#2708=ORIENTED_EDGE('',*,*,#2036,.T.);
#2709=ORIENTED_EDGE('',*,*,#2037,.F.);
#2710=ORIENTED_EDGE('',*,*,#2038,.T.);
#2711=ORIENTED_EDGE('',*,*,#2039,.T.);
#2712=ORIENTED_EDGE('',*,*,#2040,.F.);
#2713=ORIENTED_EDGE('',*,*,#2041,.T.);
#2714=ORIENTED_EDGE('',*,*,#2042,.T.);
#2715=ORIENTED_EDGE('',*,*,#2043,.F.);
#2716=ORIENTED_EDGE('',*,*,#2044,.T.);
#2717=ORIENTED_EDGE('',*,*,#2045,.T.);
#2718=ORIENTED_EDGE('',*,*,#2046,.F.);
#2719=ORIENTED_EDGE('',*,*,#2047,.T.);
#2720=ORIENTED_EDGE('',*,*,#2048,.T.);
#2721=ORIENTED_EDGE('',*,*,#2049,.F.);
#2722=ORIENTED_EDGE('',*,*,#2050,.T.);
#2723=ORIENTED_EDGE('',*,*,#2051,.T.);
#2724=ORIENTED_EDGE('',*,*,#2052,.F.);
#2725=ORIENTED_EDGE('',*,*,#2053,.T.);
#2726=ORIENTED_EDGE('',*,*,#2054,.T.);
#2727=ORIENTED_EDGE('',*,*,#2055,.F.);
#2728=ORIENTED_EDGE('',*,*,#2056,.T.);
#2729=ORIENTED_EDGE('',*,*,#2057,.F.);
#2730=ORIENTED_EDGE('',*,*,#2058,.F.);
#2731=ORIENTED_EDGE('',*,*,#2015,.T.);
#2732=ORIENTED_EDGE('',*,*,#1977,.F.);
#2733=ORIENTED_EDGE('',*,*,#2016,.T.);
#2734=ORIENTED_EDGE('',*,*,#2058,.T.);
#2735=ORIENTED_EDGE('',*,*,#2059,.T.);
#2736=ORIENTED_EDGE('',*,*,#1987,.F.);
#2737=ORIENTED_EDGE('',*,*,#2060,.F.);
#2738=ORIENTED_EDGE('',*,*,#1881,.F.);
#2739=ORIENTED_EDGE('',*,*,#2061,.F.);
#2740=ORIENTED_EDGE('',*,*,#1978,.F.);
#2741=ORIENTED_EDGE('',*,*,#2059,.F.);
#2742=ORIENTED_EDGE('',*,*,#2057,.T.);
#2743=ORIENTED_EDGE('',*,*,#2062,.T.);
#2744=ORIENTED_EDGE('',*,*,#1882,.T.);
#2745=ORIENTED_EDGE('',*,*,#2060,.T.);
#2746=ORIENTED_EDGE('',*,*,#1986,.F.);
#2747=ORIENTED_EDGE('',*,*,#1991,.F.);
#2748=ORIENTED_EDGE('',*,*,#2063,.F.);
#2749=ORIENTED_EDGE('',*,*,#1877,.T.);
#2750=ORIENTED_EDGE('',*,*,#2064,.T.);
#2751=ORIENTED_EDGE('',*,*,#1846,.T.);
#2752=ORIENTED_EDGE('',*,*,#2007,.F.);
#2753=ORIENTED_EDGE('',*,*,#2002,.F.);
#2754=ORIENTED_EDGE('',*,*,#1931,.F.);
#2755=ORIENTED_EDGE('',*,*,#2065,.T.);
#2756=ORIENTED_EDGE('',*,*,#2066,.T.);
#2757=ORIENTED_EDGE('',*,*,#2065,.F.);
#2758=ORIENTED_EDGE('',*,*,#2066,.F.);
#2759=ORIENTED_EDGE('',*,*,#2067,.T.);
#2760=ORIENTED_EDGE('',*,*,#2068,.T.);
#2761=ORIENTED_EDGE('',*,*,#2067,.F.);
#2762=ORIENTED_EDGE('',*,*,#2068,.F.);
#2763=ORIENTED_EDGE('',*,*,#2069,.T.);
#2764=ORIENTED_EDGE('',*,*,#2000,.F.);
#2765=ORIENTED_EDGE('',*,*,#2069,.F.);
#2766=ORIENTED_EDGE('',*,*,#1990,.T.);
#2767=ORIENTED_EDGE('',*,*,#2070,.T.);
#2768=ORIENTED_EDGE('',*,*,#1878,.T.);
#2769=ORIENTED_EDGE('',*,*,#2063,.T.);
#2770=ORIENTED_EDGE('',*,*,#2064,.F.);
#2771=ORIENTED_EDGE('',*,*,#1876,.F.);
#2772=ORIENTED_EDGE('',*,*,#2071,.F.);
#2773=ORIENTED_EDGE('',*,*,#1847,.T.);
#2774=ORIENTED_EDGE('',*,*,#1875,.T.);
#2775=ORIENTED_EDGE('',*,*,#1839,.T.);
#2776=ORIENTED_EDGE('',*,*,#1848,.T.);
#2777=ORIENTED_EDGE('',*,*,#2071,.T.);
#2778=ORIENTED_EDGE('',*,*,#1988,.F.);
#2779=ORIENTED_EDGE('',*,*,#2061,.T.);
#2780=ORIENTED_EDGE('',*,*,#1880,.T.);
#2781=ORIENTED_EDGE('',*,*,#2072,.T.);
#2782=ORIENTED_EDGE('',*,*,#1857,.F.);
#2783=ORIENTED_EDGE('',*,*,#1926,.T.);
#2784=ORIENTED_EDGE('',*,*,#2010,.T.);
#2785=ORIENTED_EDGE('',*,*,#1995,.F.);
#2786=ORIENTED_EDGE('',*,*,#1864,.F.);
#2787=ORIENTED_EDGE('',*,*,#1919,.T.);
#2788=ORIENTED_EDGE('',*,*,#2073,.T.);
#2789=ORIENTED_EDGE('',*,*,#2020,.T.);
#2790=ORIENTED_EDGE('',*,*,#2074,.T.);
#2791=ORIENTED_EDGE('',*,*,#2074,.F.);
#2792=ORIENTED_EDGE('',*,*,#2019,.T.);
#2793=ORIENTED_EDGE('',*,*,#2075,.F.);
#2794=ORIENTED_EDGE('',*,*,#1920,.F.);
#2795=ORIENTED_EDGE('',*,*,#1921,.T.);
#2796=ORIENTED_EDGE('',*,*,#2075,.T.);
#2797=ORIENTED_EDGE('',*,*,#2018,.T.);
#2798=ORIENTED_EDGE('',*,*,#2076,.T.);
#2799=ORIENTED_EDGE('',*,*,#1999,.F.);
#2800=ORIENTED_EDGE('',*,*,#2011,.F.);
#2801=ORIENTED_EDGE('',*,*,#1922,.F.);
#2802=ORIENTED_EDGE('',*,*,#2076,.F.);
#2803=ORIENTED_EDGE('',*,*,#2017,.T.);
#2804=ORIENTED_EDGE('',*,*,#2012,.F.);
#2805=ORIENTED_EDGE('',*,*,#1983,.F.);
#2806=ORIENTED_EDGE('',*,*,#2062,.F.);
#2807=ORIENTED_EDGE('',*,*,#2056,.F.);
#2808=ORIENTED_EDGE('',*,*,#2077,.F.);
#2809=ORIENTED_EDGE('',*,*,#1883,.F.);
#2810=ORIENTED_EDGE('',*,*,#1917,.T.);
#2811=ORIENTED_EDGE('',*,*,#2078,.T.);
#2812=ORIENTED_EDGE('',*,*,#2022,.T.);
#2813=ORIENTED_EDGE('',*,*,#2079,.T.);
#2814=ORIENTED_EDGE('',*,*,#2073,.F.);
#2815=ORIENTED_EDGE('',*,*,#1918,.F.);
#2816=ORIENTED_EDGE('',*,*,#2079,.F.);
#2817=ORIENTED_EDGE('',*,*,#2021,.T.);
#2818=ORIENTED_EDGE('',*,*,#1914,.T.);
#2819=ORIENTED_EDGE('',*,*,#2080,.T.);
#2820=ORIENTED_EDGE('',*,*,#2025,.T.);
#2821=ORIENTED_EDGE('',*,*,#2081,.T.);
#2822=ORIENTED_EDGE('',*,*,#2081,.F.);
#2823=ORIENTED_EDGE('',*,*,#2024,.F.);
#2824=ORIENTED_EDGE('',*,*,#2082,.T.);
#2825=ORIENTED_EDGE('',*,*,#1915,.F.);
#2826=ORIENTED_EDGE('',*,*,#1911,.T.);
#2827=ORIENTED_EDGE('',*,*,#2083,.T.);
#2828=ORIENTED_EDGE('',*,*,#2028,.T.);
#2829=ORIENTED_EDGE('',*,*,#2084,.T.);
#2830=ORIENTED_EDGE('',*,*,#2084,.F.);
#2831=ORIENTED_EDGE('',*,*,#2027,.F.);
#2832=ORIENTED_EDGE('',*,*,#2085,.T.);
#2833=ORIENTED_EDGE('',*,*,#1912,.F.);
#2834=ORIENTED_EDGE('',*,*,#1908,.T.);
#2835=ORIENTED_EDGE('',*,*,#2086,.T.);
#2836=ORIENTED_EDGE('',*,*,#2031,.T.);
#2837=ORIENTED_EDGE('',*,*,#2087,.T.);
#2838=ORIENTED_EDGE('',*,*,#2087,.F.);
#2839=ORIENTED_EDGE('',*,*,#2030,.F.);
#2840=ORIENTED_EDGE('',*,*,#2088,.T.);
#2841=ORIENTED_EDGE('',*,*,#1909,.F.);
#2842=ORIENTED_EDGE('',*,*,#1905,.T.);
#2843=ORIENTED_EDGE('',*,*,#2089,.T.);
#2844=ORIENTED_EDGE('',*,*,#2034,.T.);
#2845=ORIENTED_EDGE('',*,*,#2090,.T.);
#2846=ORIENTED_EDGE('',*,*,#2090,.F.);
#2847=ORIENTED_EDGE('',*,*,#2033,.F.);
#2848=ORIENTED_EDGE('',*,*,#2091,.T.);
#2849=ORIENTED_EDGE('',*,*,#1906,.F.);
#2850=ORIENTED_EDGE('',*,*,#1902,.T.);
#2851=ORIENTED_EDGE('',*,*,#2092,.T.);
#2852=ORIENTED_EDGE('',*,*,#2037,.T.);
#2853=ORIENTED_EDGE('',*,*,#2093,.T.);
#2854=ORIENTED_EDGE('',*,*,#2093,.F.);
#2855=ORIENTED_EDGE('',*,*,#2036,.F.);
#2856=ORIENTED_EDGE('',*,*,#2094,.T.);
#2857=ORIENTED_EDGE('',*,*,#1903,.F.);
#2858=ORIENTED_EDGE('',*,*,#1899,.T.);
#2859=ORIENTED_EDGE('',*,*,#2095,.T.);
#2860=ORIENTED_EDGE('',*,*,#2040,.T.);
#2861=ORIENTED_EDGE('',*,*,#2096,.T.);
#2862=ORIENTED_EDGE('',*,*,#2096,.F.);
#2863=ORIENTED_EDGE('',*,*,#2039,.F.);
#2864=ORIENTED_EDGE('',*,*,#2097,.T.);
#2865=ORIENTED_EDGE('',*,*,#1900,.F.);
#2866=ORIENTED_EDGE('',*,*,#1896,.T.);
#2867=ORIENTED_EDGE('',*,*,#2098,.T.);
#2868=ORIENTED_EDGE('',*,*,#2043,.T.);
#2869=ORIENTED_EDGE('',*,*,#2099,.T.);
#2870=ORIENTED_EDGE('',*,*,#2099,.F.);
#2871=ORIENTED_EDGE('',*,*,#2042,.F.);
#2872=ORIENTED_EDGE('',*,*,#2100,.T.);
#2873=ORIENTED_EDGE('',*,*,#1897,.F.);
#2874=ORIENTED_EDGE('',*,*,#1893,.T.);
#2875=ORIENTED_EDGE('',*,*,#2101,.T.);
#2876=ORIENTED_EDGE('',*,*,#2046,.T.);
#2877=ORIENTED_EDGE('',*,*,#2102,.T.);
#2878=ORIENTED_EDGE('',*,*,#2102,.F.);
#2879=ORIENTED_EDGE('',*,*,#2045,.F.);
#2880=ORIENTED_EDGE('',*,*,#2103,.T.);
#2881=ORIENTED_EDGE('',*,*,#1894,.F.);
#2882=ORIENTED_EDGE('',*,*,#1890,.T.);
#2883=ORIENTED_EDGE('',*,*,#2104,.T.);
#2884=ORIENTED_EDGE('',*,*,#2049,.T.);
#2885=ORIENTED_EDGE('',*,*,#2105,.T.);
#2886=ORIENTED_EDGE('',*,*,#2105,.F.);
#2887=ORIENTED_EDGE('',*,*,#2048,.F.);
#2888=ORIENTED_EDGE('',*,*,#2106,.T.);
#2889=ORIENTED_EDGE('',*,*,#1891,.F.);
#2890=ORIENTED_EDGE('',*,*,#1887,.T.);
#2891=ORIENTED_EDGE('',*,*,#2107,.T.);
#2892=ORIENTED_EDGE('',*,*,#2052,.T.);
#2893=ORIENTED_EDGE('',*,*,#2108,.T.);
#2894=ORIENTED_EDGE('',*,*,#2108,.F.);
#2895=ORIENTED_EDGE('',*,*,#2051,.F.);
#2896=ORIENTED_EDGE('',*,*,#2109,.T.);
#2897=ORIENTED_EDGE('',*,*,#1888,.F.);
#2898=ORIENTED_EDGE('',*,*,#1884,.T.);
#2899=ORIENTED_EDGE('',*,*,#2077,.T.);
#2900=ORIENTED_EDGE('',*,*,#2055,.T.);
#2901=ORIENTED_EDGE('',*,*,#2110,.T.);
#2902=ORIENTED_EDGE('',*,*,#2110,.F.);
#2903=ORIENTED_EDGE('',*,*,#2054,.F.);
#2904=ORIENTED_EDGE('',*,*,#2111,.T.);
#2905=ORIENTED_EDGE('',*,*,#1885,.F.);
#2906=ORIENTED_EDGE('',*,*,#2070,.F.);
#2907=ORIENTED_EDGE('',*,*,#1989,.T.);
#2908=ORIENTED_EDGE('',*,*,#2072,.F.);
#2909=ORIENTED_EDGE('',*,*,#1879,.F.);
#2910=ORIENTED_EDGE('',*,*,#2078,.F.);
#2911=ORIENTED_EDGE('',*,*,#1916,.F.);
#2912=ORIENTED_EDGE('',*,*,#2082,.F.);
#2913=ORIENTED_EDGE('',*,*,#2023,.F.);
#2914=ORIENTED_EDGE('',*,*,#2080,.F.);
#2915=ORIENTED_EDGE('',*,*,#1913,.F.);
#2916=ORIENTED_EDGE('',*,*,#2085,.F.);
#2917=ORIENTED_EDGE('',*,*,#2026,.F.);
#2918=ORIENTED_EDGE('',*,*,#2083,.F.);
#2919=ORIENTED_EDGE('',*,*,#1910,.F.);
#2920=ORIENTED_EDGE('',*,*,#2088,.F.);
#2921=ORIENTED_EDGE('',*,*,#2029,.F.);
#2922=ORIENTED_EDGE('',*,*,#2086,.F.);
#2923=ORIENTED_EDGE('',*,*,#1907,.F.);
#2924=ORIENTED_EDGE('',*,*,#2091,.F.);
#2925=ORIENTED_EDGE('',*,*,#2032,.F.);
#2926=ORIENTED_EDGE('',*,*,#2089,.F.);
#2927=ORIENTED_EDGE('',*,*,#1904,.F.);
#2928=ORIENTED_EDGE('',*,*,#2094,.F.);
#2929=ORIENTED_EDGE('',*,*,#2035,.F.);
#2930=ORIENTED_EDGE('',*,*,#2092,.F.);
#2931=ORIENTED_EDGE('',*,*,#1901,.F.);
#2932=ORIENTED_EDGE('',*,*,#2097,.F.);
#2933=ORIENTED_EDGE('',*,*,#2038,.F.);
#2934=ORIENTED_EDGE('',*,*,#2095,.F.);
#2935=ORIENTED_EDGE('',*,*,#1898,.F.);
#2936=ORIENTED_EDGE('',*,*,#2100,.F.);
#2937=ORIENTED_EDGE('',*,*,#2041,.F.);
#2938=ORIENTED_EDGE('',*,*,#2098,.F.);
#2939=ORIENTED_EDGE('',*,*,#1895,.F.);
#2940=ORIENTED_EDGE('',*,*,#2103,.F.);
#2941=ORIENTED_EDGE('',*,*,#2044,.F.);
#2942=ORIENTED_EDGE('',*,*,#2101,.F.);
#2943=ORIENTED_EDGE('',*,*,#1892,.F.);
#2944=ORIENTED_EDGE('',*,*,#2106,.F.);
#2945=ORIENTED_EDGE('',*,*,#2047,.F.);
#2946=ORIENTED_EDGE('',*,*,#2104,.F.);
#2947=ORIENTED_EDGE('',*,*,#1889,.F.);
#2948=ORIENTED_EDGE('',*,*,#2109,.F.);
#2949=ORIENTED_EDGE('',*,*,#2050,.F.);
#2950=ORIENTED_EDGE('',*,*,#2107,.F.);
#2951=ORIENTED_EDGE('',*,*,#1886,.F.);
#2952=ORIENTED_EDGE('',*,*,#2111,.F.);
#2953=ORIENTED_EDGE('',*,*,#2053,.F.);
#2954=ORIENTED_EDGE('',*,*,#2112,.T.);
#2955=ORIENTED_EDGE('',*,*,#2113,.T.);
#2956=ORIENTED_EDGE('',*,*,#2114,.T.);
#2957=ORIENTED_EDGE('',*,*,#2115,.T.);
#2958=ORIENTED_EDGE('',*,*,#2115,.F.);
#2959=ORIENTED_EDGE('',*,*,#2116,.T.);
#2960=ORIENTED_EDGE('',*,*,#2117,.F.);
#2961=ORIENTED_EDGE('',*,*,#2118,.F.);
#2962=ORIENTED_EDGE('',*,*,#2114,.F.);
#2963=ORIENTED_EDGE('',*,*,#2119,.F.);
#2964=ORIENTED_EDGE('',*,*,#2120,.F.);
#2965=ORIENTED_EDGE('',*,*,#2121,.F.);
#2966=ORIENTED_EDGE('',*,*,#2122,.F.);
#2967=ORIENTED_EDGE('',*,*,#2123,.F.);
#2968=ORIENTED_EDGE('',*,*,#2124,.F.);
#2969=ORIENTED_EDGE('',*,*,#2125,.F.);
#2970=ORIENTED_EDGE('',*,*,#2126,.F.);
#2971=ORIENTED_EDGE('',*,*,#2127,.F.);
#2972=ORIENTED_EDGE('',*,*,#2128,.T.);
#2973=ORIENTED_EDGE('',*,*,#2129,.T.);
#2974=ORIENTED_EDGE('',*,*,#2130,.F.);
#2975=ORIENTED_EDGE('',*,*,#2131,.F.);
#2976=ORIENTED_EDGE('',*,*,#2132,.F.);
#2977=ORIENTED_EDGE('',*,*,#2133,.F.);
#2978=ORIENTED_EDGE('',*,*,#2116,.F.);
#2979=ORIENTED_EDGE('',*,*,#2134,.F.);
#2980=ORIENTED_EDGE('',*,*,#2135,.F.);
#2981=ORIENTED_EDGE('',*,*,#2136,.F.);
#2982=ORIENTED_EDGE('',*,*,#2137,.F.);
#2983=ORIENTED_EDGE('',*,*,#2138,.F.);
#2984=ORIENTED_EDGE('',*,*,#2139,.F.);
#2985=ORIENTED_EDGE('',*,*,#2140,.T.);
#2986=ORIENTED_EDGE('',*,*,#2141,.T.);
#2987=ORIENTED_EDGE('',*,*,#2142,.T.);
#2988=ORIENTED_EDGE('',*,*,#2143,.T.);
#2989=ORIENTED_EDGE('',*,*,#2141,.F.);
#2990=ORIENTED_EDGE('',*,*,#2144,.T.);
#2991=ORIENTED_EDGE('',*,*,#2145,.F.);
#2992=ORIENTED_EDGE('',*,*,#2124,.T.);
#2993=ORIENTED_EDGE('',*,*,#2146,.T.);
#2994=ORIENTED_EDGE('',*,*,#2147,.T.);
#2995=ORIENTED_EDGE('',*,*,#2148,.T.);
#2996=ORIENTED_EDGE('',*,*,#2146,.F.);
#2997=ORIENTED_EDGE('',*,*,#2123,.T.);
#2998=ORIENTED_EDGE('',*,*,#2149,.F.);
#2999=ORIENTED_EDGE('',*,*,#2150,.T.);
#3000=ORIENTED_EDGE('',*,*,#2151,.T.);
#3001=ORIENTED_EDGE('',*,*,#2152,.T.);
#3002=ORIENTED_EDGE('',*,*,#2153,.T.);
#3003=ORIENTED_EDGE('',*,*,#2151,.F.);
#3004=ORIENTED_EDGE('',*,*,#2154,.T.);
#3005=ORIENTED_EDGE('',*,*,#2155,.F.);
#3006=ORIENTED_EDGE('',*,*,#2121,.T.);
#3007=ORIENTED_EDGE('',*,*,#2156,.T.);
#3008=ORIENTED_EDGE('',*,*,#2157,.T.);
#3009=ORIENTED_EDGE('',*,*,#2158,.T.);
#3010=ORIENTED_EDGE('',*,*,#2156,.F.);
#3011=ORIENTED_EDGE('',*,*,#2120,.T.);
#3012=ORIENTED_EDGE('',*,*,#2159,.T.);
#3013=ORIENTED_EDGE('',*,*,#2160,.T.);
#3014=ORIENTED_EDGE('',*,*,#2161,.T.);
#3015=ORIENTED_EDGE('',*,*,#2162,.T.);
#3016=ORIENTED_EDGE('',*,*,#2163,.T.);
#3017=ORIENTED_EDGE('',*,*,#2164,.T.);
#3018=ORIENTED_EDGE('',*,*,#2159,.F.);
#3019=ORIENTED_EDGE('',*,*,#2165,.T.);
#3020=ORIENTED_EDGE('',*,*,#2166,.T.);
#3021=ORIENTED_EDGE('',*,*,#2165,.F.);
#3022=ORIENTED_EDGE('',*,*,#2162,.F.);
#3023=ORIENTED_EDGE('',*,*,#2167,.T.);
#3024=ORIENTED_EDGE('',*,*,#2168,.F.);
#3025=ORIENTED_EDGE('',*,*,#2169,.F.);
#3026=ORIENTED_EDGE('',*,*,#2170,.T.);
#3027=ORIENTED_EDGE('',*,*,#2171,.F.);
#3028=ORIENTED_EDGE('',*,*,#2172,.F.);
#3029=ORIENTED_EDGE('',*,*,#2173,.F.);
#3030=ORIENTED_EDGE('',*,*,#2174,.F.);
#3031=ORIENTED_EDGE('',*,*,#2175,.F.);
#3032=ORIENTED_EDGE('',*,*,#2176,.F.);
#3033=ORIENTED_EDGE('',*,*,#2177,.T.);
#3034=ORIENTED_EDGE('',*,*,#2178,.T.);
#3035=ORIENTED_EDGE('',*,*,#2128,.F.);
#3036=ORIENTED_EDGE('',*,*,#2179,.T.);
#3037=ORIENTED_EDGE('',*,*,#2180,.T.);
#3038=ORIENTED_EDGE('',*,*,#2181,.T.);
#3039=ORIENTED_EDGE('',*,*,#2167,.F.);
#3040=ORIENTED_EDGE('',*,*,#2161,.F.);
#3041=ORIENTED_EDGE('',*,*,#2179,.F.);
#3042=ORIENTED_EDGE('',*,*,#2127,.T.);
#3043=ORIENTED_EDGE('',*,*,#2182,.F.);
#3044=ORIENTED_EDGE('',*,*,#2183,.F.);
#3045=ORIENTED_EDGE('',*,*,#2181,.F.);
#3046=ORIENTED_EDGE('',*,*,#2184,.F.);
#3047=ORIENTED_EDGE('',*,*,#2185,.F.);
#3048=ORIENTED_EDGE('',*,*,#2168,.T.);
#3049=ORIENTED_EDGE('',*,*,#2176,.T.);
#3050=ORIENTED_EDGE('',*,*,#2186,.T.);
#3051=ORIENTED_EDGE('',*,*,#2187,.T.);
#3052=ORIENTED_EDGE('',*,*,#2188,.F.);
#3053=ORIENTED_EDGE('',*,*,#2166,.F.);
#3054=ORIENTED_EDGE('',*,*,#2189,.T.);
#3055=ORIENTED_EDGE('',*,*,#2190,.T.);
#3056=ORIENTED_EDGE('',*,*,#2191,.T.);
#3057=ORIENTED_EDGE('',*,*,#2192,.T.);
#3058=ORIENTED_EDGE('',*,*,#2190,.F.);
#3059=ORIENTED_EDGE('',*,*,#2193,.F.);
#3060=ORIENTED_EDGE('',*,*,#2194,.T.);
#3061=ORIENTED_EDGE('',*,*,#2191,.F.);
#3062=ORIENTED_EDGE('',*,*,#2192,.F.);
#3063=ORIENTED_EDGE('',*,*,#2194,.F.);
#3064=ORIENTED_EDGE('',*,*,#2195,.F.);
#3065=ORIENTED_EDGE('',*,*,#2112,.F.);
#3066=ORIENTED_EDGE('',*,*,#2118,.T.);
#3067=ORIENTED_EDGE('',*,*,#2196,.F.);
#3068=ORIENTED_EDGE('',*,*,#2197,.T.);
#3069=ORIENTED_EDGE('',*,*,#2198,.F.);
#3070=ORIENTED_EDGE('',*,*,#2187,.F.);
#3071=ORIENTED_EDGE('',*,*,#2199,.T.);
#3072=ORIENTED_EDGE('',*,*,#2200,.F.);
#3073=ORIENTED_EDGE('',*,*,#2201,.T.);
#3074=ORIENTED_EDGE('',*,*,#2202,.F.);
#3075=ORIENTED_EDGE('',*,*,#2203,.T.);
#3076=ORIENTED_EDGE('',*,*,#2204,.F.);
#3077=ORIENTED_EDGE('',*,*,#2205,.T.);
#3078=ORIENTED_EDGE('',*,*,#2206,.T.);
#3079=ORIENTED_EDGE('',*,*,#2207,.F.);
#3080=ORIENTED_EDGE('',*,*,#2208,.T.);
#3081=ORIENTED_EDGE('',*,*,#2209,.T.);
#3082=ORIENTED_EDGE('',*,*,#2210,.F.);
#3083=ORIENTED_EDGE('',*,*,#2211,.T.);
#3084=ORIENTED_EDGE('',*,*,#2212,.T.);
#3085=ORIENTED_EDGE('',*,*,#2213,.F.);
#3086=ORIENTED_EDGE('',*,*,#2214,.T.);
#3087=ORIENTED_EDGE('',*,*,#2215,.T.);
#3088=ORIENTED_EDGE('',*,*,#2216,.F.);
#3089=ORIENTED_EDGE('',*,*,#2217,.T.);
#3090=ORIENTED_EDGE('',*,*,#2218,.T.);
#3091=ORIENTED_EDGE('',*,*,#2219,.F.);
#3092=ORIENTED_EDGE('',*,*,#2220,.T.);
#3093=ORIENTED_EDGE('',*,*,#2221,.T.);
#3094=ORIENTED_EDGE('',*,*,#2222,.F.);
#3095=ORIENTED_EDGE('',*,*,#2223,.T.);
#3096=ORIENTED_EDGE('',*,*,#2224,.T.);
#3097=ORIENTED_EDGE('',*,*,#2225,.F.);
#3098=ORIENTED_EDGE('',*,*,#2226,.T.);
#3099=ORIENTED_EDGE('',*,*,#2227,.T.);
#3100=ORIENTED_EDGE('',*,*,#2228,.F.);
#3101=ORIENTED_EDGE('',*,*,#2229,.T.);
#3102=ORIENTED_EDGE('',*,*,#2230,.T.);
#3103=ORIENTED_EDGE('',*,*,#2231,.F.);
#3104=ORIENTED_EDGE('',*,*,#2232,.T.);
#3105=ORIENTED_EDGE('',*,*,#2233,.T.);
#3106=ORIENTED_EDGE('',*,*,#2234,.F.);
#3107=ORIENTED_EDGE('',*,*,#2235,.T.);
#3108=ORIENTED_EDGE('',*,*,#2236,.T.);
#3109=ORIENTED_EDGE('',*,*,#2237,.F.);
#3110=ORIENTED_EDGE('',*,*,#2238,.T.);
#3111=ORIENTED_EDGE('',*,*,#2239,.F.);
#3112=ORIENTED_EDGE('',*,*,#2240,.T.);
#3113=ORIENTED_EDGE('',*,*,#2241,.F.);
#3114=ORIENTED_EDGE('',*,*,#2242,.T.);
#3115=ORIENTED_EDGE('',*,*,#2243,.F.);
#3116=ORIENTED_EDGE('',*,*,#2244,.F.);
#3117=ORIENTED_EDGE('',*,*,#2184,.T.);
#3118=ORIENTED_EDGE('',*,*,#2180,.F.);
#3119=ORIENTED_EDGE('',*,*,#2183,.T.);
#3120=ORIENTED_EDGE('',*,*,#2245,.F.);
#3121=ORIENTED_EDGE('',*,*,#2246,.T.);
#3122=ORIENTED_EDGE('',*,*,#2144,.F.);
#3123=ORIENTED_EDGE('',*,*,#2140,.F.);
#3124=ORIENTED_EDGE('',*,*,#2247,.T.);
#3125=ORIENTED_EDGE('',*,*,#2154,.F.);
#3126=ORIENTED_EDGE('',*,*,#2150,.F.);
#3127=ORIENTED_EDGE('',*,*,#2248,.T.);
#3128=ORIENTED_EDGE('',*,*,#2249,.F.);
#3129=ORIENTED_EDGE('',*,*,#2250,.F.);
#3130=ORIENTED_EDGE('',*,*,#2251,.F.);
#3131=ORIENTED_EDGE('',*,*,#2252,.F.);
#3132=ORIENTED_EDGE('',*,*,#2189,.F.);
#3133=ORIENTED_EDGE('',*,*,#2134,.T.);
#3134=ORIENTED_EDGE('',*,*,#2253,.T.);
#3135=ORIENTED_EDGE('',*,*,#2195,.T.);
#3136=ORIENTED_EDGE('',*,*,#2193,.T.);
#3137=ORIENTED_EDGE('',*,*,#2253,.F.);
#3138=ORIENTED_EDGE('',*,*,#2249,.T.);
#3139=ORIENTED_EDGE('',*,*,#2254,.T.);
#3140=ORIENTED_EDGE('',*,*,#2255,.T.);
#3141=ORIENTED_EDGE('',*,*,#2256,.T.);
#3142=ORIENTED_EDGE('',*,*,#2254,.F.);
#3143=ORIENTED_EDGE('',*,*,#2257,.F.);
#3144=ORIENTED_EDGE('',*,*,#2258,.T.);
#3145=ORIENTED_EDGE('',*,*,#2255,.F.);
#3146=ORIENTED_EDGE('',*,*,#2256,.F.);
#3147=ORIENTED_EDGE('',*,*,#2258,.F.);
#3148=ORIENTED_EDGE('',*,*,#2259,.F.);
#3149=ORIENTED_EDGE('',*,*,#2138,.T.);
#3150=ORIENTED_EDGE('',*,*,#2260,.T.);
#3151=ORIENTED_EDGE('',*,*,#2259,.T.);
#3152=ORIENTED_EDGE('',*,*,#2257,.T.);
#3153=ORIENTED_EDGE('',*,*,#2260,.F.);
#3154=ORIENTED_EDGE('',*,*,#2148,.F.);
#3155=ORIENTED_EDGE('',*,*,#2261,.T.);
#3156=ORIENTED_EDGE('',*,*,#2142,.F.);
#3157=ORIENTED_EDGE('',*,*,#2143,.F.);
#3158=ORIENTED_EDGE('',*,*,#2261,.F.);
#3159=ORIENTED_EDGE('',*,*,#2147,.F.);
#3160=ORIENTED_EDGE('',*,*,#2158,.F.);
#3161=ORIENTED_EDGE('',*,*,#2262,.T.);
#3162=ORIENTED_EDGE('',*,*,#2152,.F.);
#3163=ORIENTED_EDGE('',*,*,#2153,.F.);
#3164=ORIENTED_EDGE('',*,*,#2262,.F.);
#3165=ORIENTED_EDGE('',*,*,#2157,.F.);
#3166=ORIENTED_EDGE('',*,*,#2252,.T.);
#3167=ORIENTED_EDGE('',*,*,#2263,.T.);
#3168=ORIENTED_EDGE('',*,*,#2264,.T.);
#3169=ORIENTED_EDGE('',*,*,#2265,.T.);
#3170=ORIENTED_EDGE('',*,*,#2263,.F.);
#3171=ORIENTED_EDGE('',*,*,#2266,.F.);
#3172=ORIENTED_EDGE('',*,*,#2267,.T.);
#3173=ORIENTED_EDGE('',*,*,#2264,.F.);
#3174=ORIENTED_EDGE('',*,*,#2265,.F.);
#3175=ORIENTED_EDGE('',*,*,#2267,.F.);
#3176=ORIENTED_EDGE('',*,*,#2268,.F.);
#3177=ORIENTED_EDGE('',*,*,#2135,.T.);
#3178=ORIENTED_EDGE('',*,*,#2269,.T.);
#3179=ORIENTED_EDGE('',*,*,#2268,.T.);
#3180=ORIENTED_EDGE('',*,*,#2266,.T.);
#3181=ORIENTED_EDGE('',*,*,#2269,.F.);
#3182=ORIENTED_EDGE('',*,*,#2250,.T.);
#3183=ORIENTED_EDGE('',*,*,#2270,.T.);
#3184=ORIENTED_EDGE('',*,*,#2271,.T.);
#3185=ORIENTED_EDGE('',*,*,#2272,.T.);
#3186=ORIENTED_EDGE('',*,*,#2270,.F.);
#3187=ORIENTED_EDGE('',*,*,#2273,.F.);
#3188=ORIENTED_EDGE('',*,*,#2274,.T.);
#3189=ORIENTED_EDGE('',*,*,#2271,.F.);
#3190=ORIENTED_EDGE('',*,*,#2272,.F.);
#3191=ORIENTED_EDGE('',*,*,#2274,.F.);
#3192=ORIENTED_EDGE('',*,*,#2275,.F.);
#3193=ORIENTED_EDGE('',*,*,#2137,.T.);
#3194=ORIENTED_EDGE('',*,*,#2276,.T.);
#3195=ORIENTED_EDGE('',*,*,#2275,.T.);
#3196=ORIENTED_EDGE('',*,*,#2273,.T.);
#3197=ORIENTED_EDGE('',*,*,#2276,.F.);
#3198=ORIENTED_EDGE('',*,*,#2251,.T.);
#3199=ORIENTED_EDGE('',*,*,#2277,.T.);
#3200=ORIENTED_EDGE('',*,*,#2278,.T.);
#3201=ORIENTED_EDGE('',*,*,#2279,.T.);
#3202=ORIENTED_EDGE('',*,*,#2277,.F.);
#3203=ORIENTED_EDGE('',*,*,#2280,.F.);
#3204=ORIENTED_EDGE('',*,*,#2281,.T.);
#3205=ORIENTED_EDGE('',*,*,#2278,.F.);
#3206=ORIENTED_EDGE('',*,*,#2279,.F.);
#3207=ORIENTED_EDGE('',*,*,#2281,.F.);
#3208=ORIENTED_EDGE('',*,*,#2282,.F.);
#3209=ORIENTED_EDGE('',*,*,#2136,.T.);
#3210=ORIENTED_EDGE('',*,*,#2283,.T.);
#3211=ORIENTED_EDGE('',*,*,#2282,.T.);
#3212=ORIENTED_EDGE('',*,*,#2280,.T.);
#3213=ORIENTED_EDGE('',*,*,#2283,.F.);
#3214=ORIENTED_EDGE('',*,*,#2284,.F.);
#3215=ORIENTED_EDGE('',*,*,#2285,.F.);
#3216=ORIENTED_EDGE('',*,*,#2286,.F.);
#3217=ORIENTED_EDGE('',*,*,#2173,.T.);
#3218=ORIENTED_EDGE('',*,*,#2287,.T.);
#3219=ORIENTED_EDGE('',*,*,#2288,.T.);
#3220=ORIENTED_EDGE('',*,*,#2289,.T.);
#3221=ORIENTED_EDGE('',*,*,#2290,.T.);
#3222=ORIENTED_EDGE('',*,*,#2287,.F.);
#3223=ORIENTED_EDGE('',*,*,#2172,.T.);
#3224=ORIENTED_EDGE('',*,*,#2291,.F.);
#3225=ORIENTED_EDGE('',*,*,#2292,.T.);
#3226=ORIENTED_EDGE('',*,*,#2289,.F.);
#3227=ORIENTED_EDGE('',*,*,#2171,.T.);
#3228=ORIENTED_EDGE('',*,*,#2293,.T.);
#3229=ORIENTED_EDGE('',*,*,#2174,.T.);
#3230=ORIENTED_EDGE('',*,*,#2286,.T.);
#3231=ORIENTED_EDGE('',*,*,#2294,.T.);
#3232=ORIENTED_EDGE('',*,*,#2200,.T.);
#3233=ORIENTED_EDGE('',*,*,#2295,.T.);
#3234=ORIENTED_EDGE('',*,*,#2294,.F.);
#3235=ORIENTED_EDGE('',*,*,#2285,.T.);
#3236=ORIENTED_EDGE('',*,*,#2296,.T.);
#3237=ORIENTED_EDGE('',*,*,#2201,.F.);
#3238=ORIENTED_EDGE('',*,*,#2169,.T.);
#3239=ORIENTED_EDGE('',*,*,#2185,.T.);
#3240=ORIENTED_EDGE('',*,*,#2244,.T.);
#3241=ORIENTED_EDGE('',*,*,#2297,.T.);
#3242=ORIENTED_EDGE('',*,*,#2295,.F.);
#3243=ORIENTED_EDGE('',*,*,#2199,.F.);
#3244=ORIENTED_EDGE('',*,*,#2186,.F.);
#3245=ORIENTED_EDGE('',*,*,#2175,.T.);
#3246=ORIENTED_EDGE('',*,*,#2297,.F.);
#3247=ORIENTED_EDGE('',*,*,#2243,.T.);
#3248=ORIENTED_EDGE('',*,*,#2298,.T.);
#3249=ORIENTED_EDGE('',*,*,#2293,.F.);
#3250=ORIENTED_EDGE('',*,*,#2170,.F.);
#3251=ORIENTED_EDGE('',*,*,#2198,.T.);
#3252=ORIENTED_EDGE('',*,*,#2299,.T.);
#3253=ORIENTED_EDGE('',*,*,#2131,.T.);
#3254=ORIENTED_EDGE('',*,*,#2300,.F.);
#3255=ORIENTED_EDGE('',*,*,#2163,.F.);
#3256=ORIENTED_EDGE('',*,*,#2188,.T.);
#3257=ORIENTED_EDGE('',*,*,#2239,.T.);
#3258=ORIENTED_EDGE('',*,*,#2301,.T.);
#3259=ORIENTED_EDGE('',*,*,#2302,.T.);
#3260=ORIENTED_EDGE('',*,*,#2303,.T.);
#3261=ORIENTED_EDGE('',*,*,#2303,.F.);
#3262=ORIENTED_EDGE('',*,*,#2304,.T.);
#3263=ORIENTED_EDGE('',*,*,#2305,.F.);
#3264=ORIENTED_EDGE('',*,*,#2240,.F.);
#3265=ORIENTED_EDGE('',*,*,#2302,.F.);
#3266=ORIENTED_EDGE('',*,*,#2306,.F.);
#3267=ORIENTED_EDGE('',*,*,#2307,.F.);
#3268=ORIENTED_EDGE('',*,*,#2308,.T.);
#3269=ORIENTED_EDGE('',*,*,#2309,.T.);
#3270=ORIENTED_EDGE('',*,*,#2310,.F.);
#3271=ORIENTED_EDGE('',*,*,#2311,.T.);
#3272=ORIENTED_EDGE('',*,*,#2312,.T.);
#3273=ORIENTED_EDGE('',*,*,#2313,.F.);
#3274=ORIENTED_EDGE('',*,*,#2314,.T.);
#3275=ORIENTED_EDGE('',*,*,#2315,.T.);
#3276=ORIENTED_EDGE('',*,*,#2316,.F.);
#3277=ORIENTED_EDGE('',*,*,#2317,.T.);
#3278=ORIENTED_EDGE('',*,*,#2318,.T.);
#3279=ORIENTED_EDGE('',*,*,#2319,.F.);
#3280=ORIENTED_EDGE('',*,*,#2320,.T.);
#3281=ORIENTED_EDGE('',*,*,#2321,.T.);
#3282=ORIENTED_EDGE('',*,*,#2322,.F.);
#3283=ORIENTED_EDGE('',*,*,#2323,.T.);
#3284=ORIENTED_EDGE('',*,*,#2324,.T.);
#3285=ORIENTED_EDGE('',*,*,#2325,.F.);
#3286=ORIENTED_EDGE('',*,*,#2326,.T.);
#3287=ORIENTED_EDGE('',*,*,#2327,.T.);
#3288=ORIENTED_EDGE('',*,*,#2328,.F.);
#3289=ORIENTED_EDGE('',*,*,#2329,.T.);
#3290=ORIENTED_EDGE('',*,*,#2330,.T.);
#3291=ORIENTED_EDGE('',*,*,#2331,.F.);
#3292=ORIENTED_EDGE('',*,*,#2332,.T.);
#3293=ORIENTED_EDGE('',*,*,#2333,.T.);
#3294=ORIENTED_EDGE('',*,*,#2334,.F.);
#3295=ORIENTED_EDGE('',*,*,#2335,.T.);
#3296=ORIENTED_EDGE('',*,*,#2336,.T.);
#3297=ORIENTED_EDGE('',*,*,#2337,.F.);
#3298=ORIENTED_EDGE('',*,*,#2338,.T.);
#3299=ORIENTED_EDGE('',*,*,#2339,.T.);
#3300=ORIENTED_EDGE('',*,*,#2340,.F.);
#3301=ORIENTED_EDGE('',*,*,#2341,.T.);
#3302=ORIENTED_EDGE('',*,*,#2342,.F.);
#3303=ORIENTED_EDGE('',*,*,#2343,.F.);
#3304=ORIENTED_EDGE('',*,*,#2344,.T.);
#3305=ORIENTED_EDGE('',*,*,#2345,.F.);
#3306=ORIENTED_EDGE('',*,*,#2346,.F.);
#3307=ORIENTED_EDGE('',*,*,#2347,.F.);
#3308=ORIENTED_EDGE('',*,*,#2304,.F.);
#3309=ORIENTED_EDGE('',*,*,#2292,.F.);
#3310=ORIENTED_EDGE('',*,*,#2348,.T.);
#3311=ORIENTED_EDGE('',*,*,#2345,.T.);
#3312=ORIENTED_EDGE('',*,*,#2349,.T.);
#3313=ORIENTED_EDGE('',*,*,#2298,.F.);
#3314=ORIENTED_EDGE('',*,*,#2242,.F.);
#3315=ORIENTED_EDGE('',*,*,#2350,.F.);
#3316=ORIENTED_EDGE('',*,*,#2346,.T.);
#3317=ORIENTED_EDGE('',*,*,#2348,.F.);
#3318=ORIENTED_EDGE('',*,*,#2291,.T.);
#3319=ORIENTED_EDGE('',*,*,#2301,.F.);
#3320=ORIENTED_EDGE('',*,*,#2238,.F.);
#3321=ORIENTED_EDGE('',*,*,#2351,.F.);
#3322=ORIENTED_EDGE('',*,*,#2306,.T.);
#3323=ORIENTED_EDGE('',*,*,#2290,.F.);
#3324=ORIENTED_EDGE('',*,*,#2349,.F.);
#3325=ORIENTED_EDGE('',*,*,#2344,.F.);
#3326=ORIENTED_EDGE('',*,*,#2352,.F.);
#3327=ORIENTED_EDGE('',*,*,#2288,.F.);
#3328=ORIENTED_EDGE('',*,*,#2352,.T.);
#3329=ORIENTED_EDGE('',*,*,#2343,.T.);
#3330=ORIENTED_EDGE('',*,*,#2353,.T.);
#3331=ORIENTED_EDGE('',*,*,#2164,.F.);
#3332=ORIENTED_EDGE('',*,*,#2300,.T.);
#3333=ORIENTED_EDGE('',*,*,#2130,.T.);
#3334=ORIENTED_EDGE('',*,*,#2354,.T.);
#3335=ORIENTED_EDGE('',*,*,#2160,.F.);
#3336=ORIENTED_EDGE('',*,*,#2354,.F.);
#3337=ORIENTED_EDGE('',*,*,#2129,.F.);
#3338=ORIENTED_EDGE('',*,*,#2178,.F.);
#3339=ORIENTED_EDGE('',*,*,#2355,.F.);
#3340=ORIENTED_EDGE('',*,*,#2356,.T.);
#3341=ORIENTED_EDGE('',*,*,#2177,.F.);
#3342=ORIENTED_EDGE('',*,*,#2356,.F.);
#3343=ORIENTED_EDGE('',*,*,#2357,.F.);
#3344=ORIENTED_EDGE('',*,*,#2358,.T.);
#3345=ORIENTED_EDGE('',*,*,#2355,.T.);
#3346=ORIENTED_EDGE('',*,*,#2358,.F.);
#3347=ORIENTED_EDGE('',*,*,#2359,.F.);
#3348=ORIENTED_EDGE('',*,*,#2360,.T.);
#3349=ORIENTED_EDGE('',*,*,#2357,.T.);
#3350=ORIENTED_EDGE('',*,*,#2360,.F.);
#3351=ORIENTED_EDGE('',*,*,#2359,.T.);
#3352=ORIENTED_EDGE('',*,*,#2299,.F.);
#3353=ORIENTED_EDGE('',*,*,#2197,.F.);
#3354=ORIENTED_EDGE('',*,*,#2361,.F.);
#3355=ORIENTED_EDGE('',*,*,#2132,.T.);
#3356=ORIENTED_EDGE('',*,*,#2196,.T.);
#3357=ORIENTED_EDGE('',*,*,#2117,.T.);
#3358=ORIENTED_EDGE('',*,*,#2133,.T.);
#3359=ORIENTED_EDGE('',*,*,#2361,.T.);
#3360=ORIENTED_EDGE('',*,*,#2245,.T.);
#3361=ORIENTED_EDGE('',*,*,#2182,.T.);
#3362=ORIENTED_EDGE('',*,*,#2126,.T.);
#3363=ORIENTED_EDGE('',*,*,#2362,.T.);
#3364=ORIENTED_EDGE('',*,*,#2113,.F.);
#3365=ORIENTED_EDGE('',*,*,#2248,.F.);
#3366=ORIENTED_EDGE('',*,*,#2149,.T.);
#3367=ORIENTED_EDGE('',*,*,#2247,.F.);
#3368=ORIENTED_EDGE('',*,*,#2139,.T.);
#3369=ORIENTED_EDGE('',*,*,#2246,.F.);
#3370=ORIENTED_EDGE('',*,*,#2362,.F.);
#3371=ORIENTED_EDGE('',*,*,#2125,.T.);
#3372=ORIENTED_EDGE('',*,*,#2145,.T.);
#3373=ORIENTED_EDGE('',*,*,#2122,.T.);
#3374=ORIENTED_EDGE('',*,*,#2155,.T.);
#3375=ORIENTED_EDGE('',*,*,#2119,.T.);
#3376=ORIENTED_EDGE('',*,*,#2241,.T.);
#3377=ORIENTED_EDGE('',*,*,#2305,.T.);
#3378=ORIENTED_EDGE('',*,*,#2347,.T.);
#3379=ORIENTED_EDGE('',*,*,#2350,.T.);
#3380=ORIENTED_EDGE('',*,*,#2353,.F.);
#3381=ORIENTED_EDGE('',*,*,#2342,.T.);
#3382=ORIENTED_EDGE('',*,*,#2363,.T.);
#3383=ORIENTED_EDGE('',*,*,#2202,.T.);
#3384=ORIENTED_EDGE('',*,*,#2296,.F.);
#3385=ORIENTED_EDGE('',*,*,#2284,.T.);
#3386=ORIENTED_EDGE('',*,*,#2363,.F.);
#3387=ORIENTED_EDGE('',*,*,#2341,.F.);
#3388=ORIENTED_EDGE('',*,*,#2364,.F.);
#3389=ORIENTED_EDGE('',*,*,#2203,.F.);
#3390=ORIENTED_EDGE('',*,*,#2237,.T.);
#3391=ORIENTED_EDGE('',*,*,#2365,.T.);
#3392=ORIENTED_EDGE('',*,*,#2307,.T.);
#3393=ORIENTED_EDGE('',*,*,#2351,.T.);
#3394=ORIENTED_EDGE('',*,*,#2234,.T.);
#3395=ORIENTED_EDGE('',*,*,#2366,.T.);
#3396=ORIENTED_EDGE('',*,*,#2310,.T.);
#3397=ORIENTED_EDGE('',*,*,#2367,.T.);
#3398=ORIENTED_EDGE('',*,*,#2367,.F.);
#3399=ORIENTED_EDGE('',*,*,#2309,.F.);
#3400=ORIENTED_EDGE('',*,*,#2368,.T.);
#3401=ORIENTED_EDGE('',*,*,#2235,.F.);
#3402=ORIENTED_EDGE('',*,*,#2231,.T.);
#3403=ORIENTED_EDGE('',*,*,#2369,.T.);
#3404=ORIENTED_EDGE('',*,*,#2313,.T.);
#3405=ORIENTED_EDGE('',*,*,#2370,.T.);
#3406=ORIENTED_EDGE('',*,*,#2370,.F.);
#3407=ORIENTED_EDGE('',*,*,#2312,.F.);
#3408=ORIENTED_EDGE('',*,*,#2371,.T.);
#3409=ORIENTED_EDGE('',*,*,#2232,.F.);
#3410=ORIENTED_EDGE('',*,*,#2228,.T.);
#3411=ORIENTED_EDGE('',*,*,#2372,.T.);
#3412=ORIENTED_EDGE('',*,*,#2316,.T.);
#3413=ORIENTED_EDGE('',*,*,#2373,.T.);
#3414=ORIENTED_EDGE('',*,*,#2373,.F.);
#3415=ORIENTED_EDGE('',*,*,#2315,.F.);
#3416=ORIENTED_EDGE('',*,*,#2374,.T.);
#3417=ORIENTED_EDGE('',*,*,#2229,.F.);
#3418=ORIENTED_EDGE('',*,*,#2225,.T.);
#3419=ORIENTED_EDGE('',*,*,#2375,.T.);
#3420=ORIENTED_EDGE('',*,*,#2319,.T.);
#3421=ORIENTED_EDGE('',*,*,#2376,.T.);
#3422=ORIENTED_EDGE('',*,*,#2376,.F.);
#3423=ORIENTED_EDGE('',*,*,#2318,.F.);
#3424=ORIENTED_EDGE('',*,*,#2377,.T.);
#3425=ORIENTED_EDGE('',*,*,#2226,.F.);
#3426=ORIENTED_EDGE('',*,*,#2222,.T.);
#3427=ORIENTED_EDGE('',*,*,#2378,.T.);
#3428=ORIENTED_EDGE('',*,*,#2322,.T.);
#3429=ORIENTED_EDGE('',*,*,#2379,.T.);
#3430=ORIENTED_EDGE('',*,*,#2379,.F.);
#3431=ORIENTED_EDGE('',*,*,#2321,.F.);
#3432=ORIENTED_EDGE('',*,*,#2380,.T.);
#3433=ORIENTED_EDGE('',*,*,#2223,.F.);
#3434=ORIENTED_EDGE('',*,*,#2219,.T.);
#3435=ORIENTED_EDGE('',*,*,#2381,.T.);
#3436=ORIENTED_EDGE('',*,*,#2325,.T.);
#3437=ORIENTED_EDGE('',*,*,#2382,.T.);
#3438=ORIENTED_EDGE('',*,*,#2382,.F.);
#3439=ORIENTED_EDGE('',*,*,#2324,.F.);
#3440=ORIENTED_EDGE('',*,*,#2383,.T.);
#3441=ORIENTED_EDGE('',*,*,#2220,.F.);
#3442=ORIENTED_EDGE('',*,*,#2216,.T.);
#3443=ORIENTED_EDGE('',*,*,#2384,.T.);
#3444=ORIENTED_EDGE('',*,*,#2328,.T.);
#3445=ORIENTED_EDGE('',*,*,#2385,.T.);
#3446=ORIENTED_EDGE('',*,*,#2385,.F.);
#3447=ORIENTED_EDGE('',*,*,#2327,.F.);
#3448=ORIENTED_EDGE('',*,*,#2386,.T.);
#3449=ORIENTED_EDGE('',*,*,#2217,.F.);
#3450=ORIENTED_EDGE('',*,*,#2213,.T.);
#3451=ORIENTED_EDGE('',*,*,#2387,.T.);
#3452=ORIENTED_EDGE('',*,*,#2331,.T.);
#3453=ORIENTED_EDGE('',*,*,#2388,.T.);
#3454=ORIENTED_EDGE('',*,*,#2388,.F.);
#3455=ORIENTED_EDGE('',*,*,#2330,.F.);
#3456=ORIENTED_EDGE('',*,*,#2389,.T.);
#3457=ORIENTED_EDGE('',*,*,#2214,.F.);
#3458=ORIENTED_EDGE('',*,*,#2210,.T.);
#3459=ORIENTED_EDGE('',*,*,#2390,.T.);
#3460=ORIENTED_EDGE('',*,*,#2334,.T.);
#3461=ORIENTED_EDGE('',*,*,#2391,.T.);
#3462=ORIENTED_EDGE('',*,*,#2391,.F.);
#3463=ORIENTED_EDGE('',*,*,#2333,.F.);
#3464=ORIENTED_EDGE('',*,*,#2392,.T.);
#3465=ORIENTED_EDGE('',*,*,#2211,.F.);
#3466=ORIENTED_EDGE('',*,*,#2207,.T.);
#3467=ORIENTED_EDGE('',*,*,#2393,.T.);
#3468=ORIENTED_EDGE('',*,*,#2337,.T.);
#3469=ORIENTED_EDGE('',*,*,#2394,.T.);
#3470=ORIENTED_EDGE('',*,*,#2394,.F.);
#3471=ORIENTED_EDGE('',*,*,#2336,.F.);
#3472=ORIENTED_EDGE('',*,*,#2395,.T.);
#3473=ORIENTED_EDGE('',*,*,#2208,.F.);
#3474=ORIENTED_EDGE('',*,*,#2204,.T.);
#3475=ORIENTED_EDGE('',*,*,#2364,.T.);
#3476=ORIENTED_EDGE('',*,*,#2340,.T.);
#3477=ORIENTED_EDGE('',*,*,#2396,.T.);
#3478=ORIENTED_EDGE('',*,*,#2396,.F.);
#3479=ORIENTED_EDGE('',*,*,#2339,.F.);
#3480=ORIENTED_EDGE('',*,*,#2397,.T.);
#3481=ORIENTED_EDGE('',*,*,#2205,.F.);
#3482=ORIENTED_EDGE('',*,*,#2365,.F.);
#3483=ORIENTED_EDGE('',*,*,#2236,.F.);
#3484=ORIENTED_EDGE('',*,*,#2368,.F.);
#3485=ORIENTED_EDGE('',*,*,#2308,.F.);
#3486=ORIENTED_EDGE('',*,*,#2366,.F.);
#3487=ORIENTED_EDGE('',*,*,#2233,.F.);
#3488=ORIENTED_EDGE('',*,*,#2371,.F.);
#3489=ORIENTED_EDGE('',*,*,#2311,.F.);
#3490=ORIENTED_EDGE('',*,*,#2369,.F.);
#3491=ORIENTED_EDGE('',*,*,#2230,.F.);
#3492=ORIENTED_EDGE('',*,*,#2374,.F.);
#3493=ORIENTED_EDGE('',*,*,#2314,.F.);
#3494=ORIENTED_EDGE('',*,*,#2372,.F.);
#3495=ORIENTED_EDGE('',*,*,#2227,.F.);
#3496=ORIENTED_EDGE('',*,*,#2377,.F.);
#3497=ORIENTED_EDGE('',*,*,#2317,.F.);
#3498=ORIENTED_EDGE('',*,*,#2375,.F.);
#3499=ORIENTED_EDGE('',*,*,#2224,.F.);
#3500=ORIENTED_EDGE('',*,*,#2380,.F.);
#3501=ORIENTED_EDGE('',*,*,#2320,.F.);
#3502=ORIENTED_EDGE('',*,*,#2378,.F.);
#3503=ORIENTED_EDGE('',*,*,#2221,.F.);
#3504=ORIENTED_EDGE('',*,*,#2383,.F.);
#3505=ORIENTED_EDGE('',*,*,#2323,.F.);
#3506=ORIENTED_EDGE('',*,*,#2381,.F.);
#3507=ORIENTED_EDGE('',*,*,#2218,.F.);
#3508=ORIENTED_EDGE('',*,*,#2386,.F.);
#3509=ORIENTED_EDGE('',*,*,#2326,.F.);
#3510=ORIENTED_EDGE('',*,*,#2384,.F.);
#3511=ORIENTED_EDGE('',*,*,#2215,.F.);
#3512=ORIENTED_EDGE('',*,*,#2389,.F.);
#3513=ORIENTED_EDGE('',*,*,#2329,.F.);
#3514=ORIENTED_EDGE('',*,*,#2387,.F.);
#3515=ORIENTED_EDGE('',*,*,#2212,.F.);
#3516=ORIENTED_EDGE('',*,*,#2392,.F.);
#3517=ORIENTED_EDGE('',*,*,#2332,.F.);
#3518=ORIENTED_EDGE('',*,*,#2390,.F.);
#3519=ORIENTED_EDGE('',*,*,#2209,.F.);
#3520=ORIENTED_EDGE('',*,*,#2395,.F.);
#3521=ORIENTED_EDGE('',*,*,#2335,.F.);
#3522=ORIENTED_EDGE('',*,*,#2393,.F.);
#3523=ORIENTED_EDGE('',*,*,#2206,.F.);
#3524=ORIENTED_EDGE('',*,*,#2397,.F.);
#3525=ORIENTED_EDGE('',*,*,#2338,.F.);
#3526=B_SPLINE_SURFACE_WITH_KNOTS('',3,3,((#5359,#5360,#5361,#5362),(#5363,
#5364,#5365,#5366),(#5367,#5368,#5369,#5370),(#5371,#5372,#5373,#5374),
(#5375,#5376,#5377,#5378)),.UNSPECIFIED.,.F.,.F.,.F.,(4,1,4),(4,4),(0.,
0.571428571428571,1.),(-9.71445146547012E-17,1.2),.UNSPECIFIED.);
#3527=B_SPLINE_SURFACE_WITH_KNOTS('',3,3,((#5577,#5578,#5579,#5580),(#5581,
#5582,#5583,#5584),(#5585,#5586,#5587,#5588),(#5589,#5590,#5591,#5592)),
 .UNSPECIFIED.,.F.,.F.,.F.,(4,4),(4,4),(0.,1.),(-1.2,3.06699110552699E-15),
 .UNSPECIFIED.);
#3528=B_SPLINE_SURFACE_WITH_KNOTS('',3,1,((#5660,#5661),(#5662,#5663),(#5664,
#5665),(#5666,#5667),(#5668,#5669),(#5670,#5671),(#5672,#5673),(#5674,#5675),
(#5676,#5677),(#5678,#5679),(#5680,#5681),(#5682,#5683),(#5684,#5685),(#5686,
#5687),(#5688,#5689),(#5690,#5691),(#5692,#5693),(#5694,#5695),(#5696,#5697),
(#5698,#5699),(#5700,#5701),(#5702,#5703),(#5704,#5705),(#5706,#5707),(#5708,
#5709),(#5710,#5711),(#5712,#5713),(#5714,#5715),(#5716,#5717),(#5718,#5719),
(#5720,#5721),(#5722,#5723),(#5724,#5725),(#5726,#5727),(#5728,#5729),(#5730,
#5731),(#5732,#5733),(#5734,#5735),(#5736,#5737),(#5738,#5739)),
 .UNSPECIFIED.,.F.,.F.,.F.,(4,3,3,3,3,3,3,3,3,3,3,3,3,4),(2,2),(-0.125898849022516,
-0.0515239977462618,-0.00470748426323352,9.6053726317794E-5,0.172225823068477,
0.315018831571405,0.486264123678554,0.605715224156984,0.733502506610614,
0.848886892421243,0.973791769112127,1.,1.00358016963359,1.05885523036388),
(-2.77555756156289E-17,1.2),.UNSPECIFIED.);
#3529=B_SPLINE_SURFACE_WITH_KNOTS('',3,3,((#6197,#6198,#6199,#6200),(#6201,
#6202,#6203,#6204),(#6205,#6206,#6207,#6208),(#6209,#6210,#6211,#6212)),
 .UNSPECIFIED.,.F.,.F.,.F.,(4,4),(4,4),(0.,1.),(0.,1.2),.UNSPECIFIED.);
#3530=B_SPLINE_SURFACE_WITH_KNOTS('',3,3,((#6297,#6298,#6299,#6300),(#6301,
#6302,#6303,#6304),(#6305,#6306,#6307,#6308),(#6309,#6310,#6311,#6312),
(#6313,#6314,#6315,#6316)),.UNSPECIFIED.,.F.,.F.,.F.,(4,1,4),(4,4),(0.,
0.571428571428571,1.),(-2.22370004509818E-16,1.2),.UNSPECIFIED.);
#3531=B_SPLINE_SURFACE_WITH_KNOTS('',3,3,((#7075,#7076,#7077,#7078),(#7079,
#7080,#7081,#7082),(#7083,#7084,#7085,#7086),(#7087,#7088,#7089,#7090)),
 .UNSPECIFIED.,.F.,.F.,.F.,(4,4),(4,4),(0.,1.),(0.,1.2),.UNSPECIFIED.);
#3532=B_SPLINE_SURFACE_WITH_KNOTS('',3,3,((#7091,#7092,#7093,#7094),(#7095,
#7096,#7097,#7098),(#7099,#7100,#7101,#7102),(#7103,#7104,#7105,#7106)),
 .UNSPECIFIED.,.F.,.F.,.F.,(4,4),(4,4),(0.,1.),(-2.22044604925031E-16,1.2),
 .UNSPECIFIED.);
#3533=B_SPLINE_SURFACE_WITH_KNOTS('',3,1,((#7108,#7109),(#7110,#7111),(#7112,
#7113),(#7114,#7115),(#7116,#7117),(#7118,#7119),(#7120,#7121),(#7122,#7123),
(#7124,#7125),(#7126,#7127),(#7128,#7129),(#7130,#7131),(#7132,#7133),(#7134,
#7135),(#7136,#7137),(#7138,#7139),(#7140,#7141),(#7142,#7143),(#7144,#7145),
(#7146,#7147),(#7148,#7149),(#7150,#7151),(#7152,#7153),(#7154,#7155),(#7156,
#7157),(#7158,#7159),(#7160,#7161),(#7162,#7163)),.UNSPECIFIED.,.F.,.F.,
 .F.,(4,3,3,3,3,3,3,3,3,4),(2,2),(0.0229522411141399,0.187101850316875,
0.331048875473794,0.498286656605345,0.615672976689786,0.76504652682255,
0.865646244789455,0.962399553568334,1.,1.15622486554828),(0.,1.2),
 .UNSPECIFIED.);
#3534=ADVANCED_FACE('',(#1000),#3526,.F.);
#3535=ADVANCED_FACE('',(#1001),#998,.T.);
#3536=ADVANCED_FACE('',(#1002,#146,#147,#148,#149,#150,#151,#152),#930,
 .F.);
#3537=ADVANCED_FACE('',(#1003),#3527,.F.);
#3538=ADVANCED_FACE('',(#1004),#69,.T.);
#3539=ADVANCED_FACE('',(#1005),#29,.F.);
#3540=ADVANCED_FACE('',(#1006),#3528,.T.);
#3541=ADVANCED_FACE('',(#1007),#30,.T.);
#3542=ADVANCED_FACE('',(#1008),#70,.F.);
#3543=ADVANCED_FACE('',(#1009),#31,.T.);
#3544=ADVANCED_FACE('',(#1010,#153,#154,#155,#156,#157,#158,#159,#160),
#931,.T.);
#3545=ADVANCED_FACE('',(#1011),#32,.T.);
#3546=ADVANCED_FACE('',(#1012),#71,.F.);
#3547=ADVANCED_FACE('',(#1013),#33,.T.);
#3548=ADVANCED_FACE('',(#1014),#34,.T.);
#3549=ADVANCED_FACE('',(#1015),#72,.F.);
#3550=ADVANCED_FACE('',(#1016),#35,.T.);
#3551=ADVANCED_FACE('',(#1017),#36,.T.);
#3552=ADVANCED_FACE('',(#1018),#73,.F.);
#3553=ADVANCED_FACE('',(#1019),#37,.T.);
#3554=ADVANCED_FACE('',(#1020),#38,.T.);
#3555=ADVANCED_FACE('',(#1021),#74,.F.);
#3556=ADVANCED_FACE('',(#1022),#39,.T.);
#3557=ADVANCED_FACE('',(#1023),#40,.T.);
#3558=ADVANCED_FACE('',(#1024),#75,.F.);
#3559=ADVANCED_FACE('',(#1025),#41,.T.);
#3560=ADVANCED_FACE('',(#1026),#42,.T.);
#3561=ADVANCED_FACE('',(#1027),#76,.F.);
#3562=ADVANCED_FACE('',(#1028),#43,.T.);
#3563=ADVANCED_FACE('',(#1029),#44,.F.);
#3564=ADVANCED_FACE('',(#1030),#45,.F.);
#3565=ADVANCED_FACE('',(#1031),#46,.F.);
#3566=ADVANCED_FACE('',(#1032,#161),#932,.F.);
#3567=ADVANCED_FACE('',(#1033),#47,.F.);
#3568=ADVANCED_FACE('',(#1034),#48,.F.);
#3569=ADVANCED_FACE('',(#1035),#49,.F.);
#3570=ADVANCED_FACE('',(#1036),#77,.F.);
#3571=ADVANCED_FACE('',(#1037),#78,.T.);
#3572=ADVANCED_FACE('',(#1038),#79,.F.);
#3573=ADVANCED_FACE('',(#1039),#80,.T.);
#3574=ADVANCED_FACE('',(#1040),#81,.T.);
#3575=ADVANCED_FACE('',(#1041),#82,.T.);
#3576=ADVANCED_FACE('',(#1042),#83,.F.);
#3577=ADVANCED_FACE('',(#1043),#933,.F.);
#3578=ADVANCED_FACE('',(#1044),#84,.T.);
#3579=ADVANCED_FACE('',(#1045),#934,.T.);
#3580=ADVANCED_FACE('',(#1046),#85,.T.);
#3581=ADVANCED_FACE('',(#1047),#86,.T.);
#3582=ADVANCED_FACE('',(#1048),#87,.F.);
#3583=ADVANCED_FACE('',(#1049),#27,.F.);
#3584=ADVANCED_FACE('',(#1050),#88,.F.);
#3585=ADVANCED_FACE('',(#1051),#89,.F.);
#3586=ADVANCED_FACE('',(#1052),#935,.T.);
#3587=ADVANCED_FACE('',(#1053),#3529,.F.);
#3588=ADVANCED_FACE('',(#1054),#90,.F.);
#3589=ADVANCED_FACE('',(#1055),#91,.F.);
#3590=ADVANCED_FACE('',(#1056),#92,.T.);
#3591=ADVANCED_FACE('',(#1057),#936,.T.);
#3592=ADVANCED_FACE('',(#1058),#93,.T.);
#3593=ADVANCED_FACE('',(#1059),#937,.T.);
#3594=ADVANCED_FACE('',(#1060),#94,.F.);
#3595=ADVANCED_FACE('',(#1061),#95,.T.);
#3596=ADVANCED_FACE('',(#1062),#938,.T.);
#3597=ADVANCED_FACE('',(#1063),#96,.T.);
#3598=ADVANCED_FACE('',(#1064),#939,.T.);
#3599=ADVANCED_FACE('',(#1065),#97,.T.);
#3600=ADVANCED_FACE('',(#1066),#940,.T.);
#3601=ADVANCED_FACE('',(#1067),#98,.T.);
#3602=ADVANCED_FACE('',(#1068),#941,.T.);
#3603=ADVANCED_FACE('',(#1069),#99,.T.);
#3604=ADVANCED_FACE('',(#1070),#942,.T.);
#3605=ADVANCED_FACE('',(#1071),#100,.T.);
#3606=ADVANCED_FACE('',(#1072),#943,.T.);
#3607=ADVANCED_FACE('',(#1073),#101,.T.);
#3608=ADVANCED_FACE('',(#1074),#944,.T.);
#3609=ADVANCED_FACE('',(#1075),#102,.T.);
#3610=ADVANCED_FACE('',(#1076),#945,.T.);
#3611=ADVANCED_FACE('',(#1077),#103,.T.);
#3612=ADVANCED_FACE('',(#1078),#946,.T.);
#3613=ADVANCED_FACE('',(#1079),#104,.T.);
#3614=ADVANCED_FACE('',(#1080),#947,.T.);
#3615=ADVANCED_FACE('',(#1081),#105,.T.);
#3616=ADVANCED_FACE('',(#1082),#948,.T.);
#3617=ADVANCED_FACE('',(#1083),#106,.T.);
#3618=ADVANCED_FACE('',(#1084),#949,.T.);
#3619=ADVANCED_FACE('',(#1085),#107,.T.);
#3620=ADVANCED_FACE('',(#1086),#950,.T.);
#3621=ADVANCED_FACE('',(#1087),#951,.T.);
#3622=ADVANCED_FACE('',(#1088),#952,.T.);
#3623=ADVANCED_FACE('',(#1089),#953,.T.);
#3624=ADVANCED_FACE('',(#1090),#954,.T.);
#3625=ADVANCED_FACE('',(#1091),#955,.T.);
#3626=ADVANCED_FACE('',(#1092),#956,.T.);
#3627=ADVANCED_FACE('',(#1093),#957,.T.);
#3628=ADVANCED_FACE('',(#1094),#958,.T.);
#3629=ADVANCED_FACE('',(#1095),#959,.T.);
#3630=ADVANCED_FACE('',(#1096),#960,.T.);
#3631=ADVANCED_FACE('',(#1097),#3530,.F.);
#3632=ADVANCED_FACE('',(#1098),#999,.T.);
#3633=ADVANCED_FACE('',(#1099,#162,#163,#164,#165,#166),#961,.F.);
#3634=ADVANCED_FACE('',(#1100),#50,.T.);
#3635=ADVANCED_FACE('',(#1101),#51,.T.);
#3636=ADVANCED_FACE('',(#1102),#52,.T.);
#3637=ADVANCED_FACE('',(#1103),#53,.T.);
#3638=ADVANCED_FACE('',(#1104),#54,.F.);
#3639=ADVANCED_FACE('',(#1105),#55,.F.);
#3640=ADVANCED_FACE('',(#1106,#167),#962,.F.);
#3641=ADVANCED_FACE('',(#1107),#108,.F.);
#3642=ADVANCED_FACE('',(#1108),#963,.T.);
#3643=ADVANCED_FACE('',(#1109),#109,.T.);
#3644=ADVANCED_FACE('',(#1110),#110,.F.);
#3645=ADVANCED_FACE('',(#1111),#56,.T.);
#3646=ADVANCED_FACE('',(#1112),#111,.F.);
#3647=ADVANCED_FACE('',(#1113,#168,#169,#170,#171,#172),#964,.T.);
#3648=ADVANCED_FACE('',(#1114),#57,.T.);
#3649=ADVANCED_FACE('',(#1115),#58,.T.);
#3650=ADVANCED_FACE('',(#1116),#112,.F.);
#3651=ADVANCED_FACE('',(#1117),#59,.T.);
#3652=ADVANCED_FACE('',(#1118),#113,.F.);
#3653=ADVANCED_FACE('',(#1119),#114,.F.);
#3654=ADVANCED_FACE('',(#1120),#60,.T.);
#3655=ADVANCED_FACE('',(#1121),#115,.F.);
#3656=ADVANCED_FACE('',(#1122),#61,.T.);
#3657=ADVANCED_FACE('',(#1123),#62,.T.);
#3658=ADVANCED_FACE('',(#1124),#116,.F.);
#3659=ADVANCED_FACE('',(#1125),#63,.T.);
#3660=ADVANCED_FACE('',(#1126),#64,.T.);
#3661=ADVANCED_FACE('',(#1127),#117,.F.);
#3662=ADVANCED_FACE('',(#1128),#65,.T.);
#3663=ADVANCED_FACE('',(#1129),#66,.F.);
#3664=ADVANCED_FACE('',(#1130),#67,.F.);
#3665=ADVANCED_FACE('',(#1131),#68,.F.);
#3666=ADVANCED_FACE('',(#1132),#118,.F.);
#3667=ADVANCED_FACE('',(#1133),#965,.T.);
#3668=ADVANCED_FACE('',(#1134),#119,.F.);
#3669=ADVANCED_FACE('',(#1135),#120,.T.);
#3670=ADVANCED_FACE('',(#1136),#121,.T.);
#3671=ADVANCED_FACE('',(#1137),#122,.T.);
#3672=ADVANCED_FACE('',(#1138),#123,.T.);
#3673=ADVANCED_FACE('',(#1139),#966,.T.);
#3674=ADVANCED_FACE('',(#1140),#967,.F.);
#3675=ADVANCED_FACE('',(#1141),#124,.T.);
#3676=ADVANCED_FACE('',(#1142),#968,.T.);
#3677=ADVANCED_FACE('',(#1143),#969,.T.);
#3678=ADVANCED_FACE('',(#1144),#125,.F.);
#3679=ADVANCED_FACE('',(#1145),#126,.T.);
#3680=ADVANCED_FACE('',(#1146),#127,.T.);
#3681=ADVANCED_FACE('',(#1147),#128,.F.);
#3682=ADVANCED_FACE('',(#1148),#129,.T.);
#3683=ADVANCED_FACE('',(#1149),#28,.T.);
#3684=ADVANCED_FACE('',(#1150),#130,.T.);
#3685=ADVANCED_FACE('',(#1151),#970,.T.);
#3686=ADVANCED_FACE('',(#1152),#971,.T.);
#3687=ADVANCED_FACE('',(#1153),#3531,.F.);
#3688=ADVANCED_FACE('',(#1154),#3532,.F.);
#3689=ADVANCED_FACE('',(#1155),#3533,.T.);
#3690=ADVANCED_FACE('',(#1156),#131,.T.);
#3691=ADVANCED_FACE('',(#1157),#132,.T.);
#3692=ADVANCED_FACE('',(#1158),#133,.F.);
#3693=ADVANCED_FACE('',(#1159),#134,.T.);
#3694=ADVANCED_FACE('',(#1160),#135,.T.);
#3695=ADVANCED_FACE('',(#1161),#972,.T.);
#3696=ADVANCED_FACE('',(#1162),#136,.T.);
#3697=ADVANCED_FACE('',(#1163),#973,.T.);
#3698=ADVANCED_FACE('',(#1164),#137,.T.);
#3699=ADVANCED_FACE('',(#1165),#974,.T.);
#3700=ADVANCED_FACE('',(#1166),#138,.T.);
#3701=ADVANCED_FACE('',(#1167),#975,.T.);
#3702=ADVANCED_FACE('',(#1168),#139,.T.);
#3703=ADVANCED_FACE('',(#1169),#976,.T.);
#3704=ADVANCED_FACE('',(#1170),#140,.T.);
#3705=ADVANCED_FACE('',(#1171),#977,.T.);
#3706=ADVANCED_FACE('',(#1172),#141,.T.);
#3707=ADVANCED_FACE('',(#1173),#978,.T.);
#3708=ADVANCED_FACE('',(#1174),#142,.T.);
#3709=ADVANCED_FACE('',(#1175),#979,.T.);
#3710=ADVANCED_FACE('',(#1176),#143,.T.);
#3711=ADVANCED_FACE('',(#1177),#980,.T.);
#3712=ADVANCED_FACE('',(#1178),#144,.T.);
#3713=ADVANCED_FACE('',(#1179),#981,.T.);
#3714=ADVANCED_FACE('',(#1180),#145,.T.);
#3715=ADVANCED_FACE('',(#1181),#982,.T.);
#3716=ADVANCED_FACE('',(#1182),#983,.T.);
#3717=ADVANCED_FACE('',(#1183),#984,.T.);
#3718=ADVANCED_FACE('',(#1184),#985,.T.);
#3719=ADVANCED_FACE('',(#1185),#986,.T.);
#3720=ADVANCED_FACE('',(#1186),#987,.T.);
#3721=ADVANCED_FACE('',(#1187),#988,.T.);
#3722=ADVANCED_FACE('',(#1188),#989,.T.);
#3723=ADVANCED_FACE('',(#1189),#990,.T.);
#3724=ADVANCED_FACE('',(#1190),#991,.T.);
#3725=ADVANCED_FACE('',(#1191),#992,.T.);
#3726=ADVANCED_FACE('',(#1192),#993,.T.);
#3727=CLOSED_SHELL('',(#3534,#3535,#3536,#3537,#3538,#3539,#3540,#3541,
#3542,#3543,#3544,#3545,#3546,#3547,#3548,#3549,#3550,#3551,#3552,#3553,
#3554,#3555,#3556,#3557,#3558,#3559,#3560,#3561,#3562,#3563,#3564,#3565,
#3566,#3567,#3568,#3569,#3570,#3571,#3572,#3573,#3574,#3575,#3576,#3577,
#3578,#3579,#3580,#3581,#3582,#3583,#3584,#3585,#3586,#3587,#3588,#3589,
#3590,#3591,#3592,#3593,#3594,#3595,#3596,#3597,#3598,#3599,#3600,#3601,
#3602,#3603,#3604,#3605,#3606,#3607,#3608,#3609,#3610,#3611,#3612,#3613,
#3614,#3615,#3616,#3617,#3618,#3619,#3620,#3621,#3622,#3623,#3624,#3625,
#3626,#3627,#3628,#3629,#3630));
#3728=CLOSED_SHELL('',(#3631,#3632,#3633,#3634,#3635,#3636,#3637,#3638,
#3639,#3640,#3641,#3642,#3643,#3644,#3645,#3646,#3647,#3648,#3649,#3650,
#3651,#3652,#3653,#3654,#3655,#3656,#3657,#3658,#3659,#3660,#3661,#3662,
#3663,#3664,#3665,#3666,#3667,#3668,#3669,#3670,#3671,#3672,#3673,#3674,
#3675,#3676,#3677,#3678,#3679,#3680,#3681,#3682,#3683,#3684,#3685,#3686,
#3687,#3688,#3689,#3690,#3691,#3692,#3693,#3694,#3695,#3696,#3697,#3698,
#3699,#3700,#3701,#3702,#3703,#3704,#3705,#3706,#3707,#3708,#3709,#3710,
#3711,#3712,#3713,#3714,#3715,#3716,#3717,#3718,#3719,#3720,#3721,#3722,
#3723,#3724,#3725,#3726));
#3729=DERIVED_UNIT_ELEMENT(#3733,1.);
#3730=DERIVED_UNIT_ELEMENT(#7247,-3.);
#3731=DERIVED_UNIT_ELEMENT(#3733,1.);
#3732=DERIVED_UNIT_ELEMENT(#7247,-3.);
#3733=(
MASS_UNIT()
NAMED_UNIT(*)
SI_UNIT(.KILO.,.GRAM.)
);
#3734=DERIVED_UNIT((#3729,#3730));
#3735=DERIVED_UNIT((#3731,#3732));
#3736=MEASURE_REPRESENTATION_ITEM('density measure',
POSITIVE_RATIO_MEASURE(7850.),#3734);
#3737=MEASURE_REPRESENTATION_ITEM('density measure',
POSITIVE_RATIO_MEASURE(7850.),#3735);
#3738=PROPERTY_DEFINITION_REPRESENTATION(#3748,#3742);
#3739=PROPERTY_DEFINITION_REPRESENTATION(#3749,#3743);
#3740=PROPERTY_DEFINITION_REPRESENTATION(#3750,#3744);
#3741=PROPERTY_DEFINITION_REPRESENTATION(#3751,#3745);
#3742=REPRESENTATION('material name',(#3746),#7243);
#3743=REPRESENTATION('density',(#3736),#7243);
#3744=REPRESENTATION('material name',(#3747),#7244);
#3745=REPRESENTATION('density',(#3737),#7244);
#3746=DESCRIPTIVE_REPRESENTATION_ITEM('Steel','Steel');
#3747=DESCRIPTIVE_REPRESENTATION_ITEM('Steel','Steel');
#3748=PROPERTY_DEFINITION('material property','material name',#7263);
#3749=PROPERTY_DEFINITION('material property','density of part',#7263);
#3750=PROPERTY_DEFINITION('material property','material name',#7264);
#3751=PROPERTY_DEFINITION('material property','density of part',#7264);
#3752=AXIS2_PLACEMENT_3D('',#5357,#4205,#4206);
#3753=AXIS2_PLACEMENT_3D('',#5358,#4207,#4208);
#3754=AXIS2_PLACEMENT_3D('',#5509,#4209,#4210);
#3755=AXIS2_PLACEMENT_3D('',#5550,#4211,#4212);
#3756=AXIS2_PLACEMENT_3D('',#5552,#4213,#4214);
#3757=AXIS2_PLACEMENT_3D('',#5554,#4215,#4216);
#3758=AXIS2_PLACEMENT_3D('',#5556,#4217,#4218);
#3759=AXIS2_PLACEMENT_3D('',#5564,#4220,#4221);
#3760=AXIS2_PLACEMENT_3D('',#5566,#4222,#4223);
#3761=AXIS2_PLACEMENT_3D('',#5568,#4224,#4225);
#3762=AXIS2_PLACEMENT_3D('',#5570,#4226,#4227);
#3763=AXIS2_PLACEMENT_3D('',#5572,#4228,#4229);
#3764=AXIS2_PLACEMENT_3D('',#5574,#4230,#4231);
#3765=AXIS2_PLACEMENT_3D('',#5576,#4232,#4233);
#3766=AXIS2_PLACEMENT_3D('',#5643,#4234,#4235);
#3767=AXIS2_PLACEMENT_3D('',#5645,#4236,#4237);
#3768=AXIS2_PLACEMENT_3D('',#5647,#4238,#4239);
#3769=AXIS2_PLACEMENT_3D('',#5649,#4241,#4242);
#3770=AXIS2_PLACEMENT_3D('',#5659,#4243,#4244);
#3771=AXIS2_PLACEMENT_3D('',#5771,#4245,#4246);
#3772=AXIS2_PLACEMENT_3D('',#5773,#4247,#4248);
#3773=AXIS2_PLACEMENT_3D('',#5775,#4249,#4250);
#3774=AXIS2_PLACEMENT_3D('',#5776,#4251,#4252);
#3775=AXIS2_PLACEMENT_3D('',#5777,#4253,#4254);
#3776=AXIS2_PLACEMENT_3D('',#5780,#4255,#4256);
#3777=AXIS2_PLACEMENT_3D('',#5782,#4258,#4259);
#3778=AXIS2_PLACEMENT_3D('',#5783,#4260,#4261);
#3779=AXIS2_PLACEMENT_3D('',#5785,#4262,#4263);
#3780=AXIS2_PLACEMENT_3D('',#5786,#4264,#4265);
#3781=AXIS2_PLACEMENT_3D('',#5787,#4266,#4267);
#3782=AXIS2_PLACEMENT_3D('',#5796,#4269,#4270);
#3783=AXIS2_PLACEMENT_3D('',#5798,#4271,#4272);
#3784=AXIS2_PLACEMENT_3D('',#5800,#4273,#4274);
#3785=AXIS2_PLACEMENT_3D('',#5802,#4275,#4276);
#3786=AXIS2_PLACEMENT_3D('',#5806,#4278,#4279);
#3787=AXIS2_PLACEMENT_3D('',#5808,#4280,#4281);
#3788=AXIS2_PLACEMENT_3D('',#5810,#4282,#4283);
#3789=AXIS2_PLACEMENT_3D('',#5816,#4286,#4287);
#3790=AXIS2_PLACEMENT_3D('',#5822,#4290,#4291);
#3791=AXIS2_PLACEMENT_3D('',#5828,#4294,#4295);
#3792=AXIS2_PLACEMENT_3D('',#5834,#4298,#4299);
#3793=AXIS2_PLACEMENT_3D('',#5840,#4302,#4303);
#3794=AXIS2_PLACEMENT_3D('',#5846,#4306,#4307);
#3795=AXIS2_PLACEMENT_3D('',#5852,#4310,#4311);
#3796=AXIS2_PLACEMENT_3D('',#5858,#4314,#4315);
#3797=AXIS2_PLACEMENT_3D('',#5864,#4318,#4319);
#3798=AXIS2_PLACEMENT_3D('',#5870,#4322,#4323);
#3799=AXIS2_PLACEMENT_3D('',#5876,#4326,#4327);
#3800=AXIS2_PLACEMENT_3D('',#5880,#4329,#4330);
#3801=AXIS2_PLACEMENT_3D('',#5884,#4332,#4333);
#3802=AXIS2_PLACEMENT_3D('',#5888,#4335,#4336);
#3803=AXIS2_PLACEMENT_3D('',#5890,#4337,#4338);
#3804=AXIS2_PLACEMENT_3D('',#5892,#4339,#4340);
#3805=AXIS2_PLACEMENT_3D('',#5893,#4341,#4342);
#3806=AXIS2_PLACEMENT_3D('',#5895,#4343,#4344);
#3807=AXIS2_PLACEMENT_3D('',#5897,#4345,#4346);
#3808=AXIS2_PLACEMENT_3D('',#5899,#4347,#4348);
#3809=AXIS2_PLACEMENT_3D('',#5901,#4349,#4350);
#3810=AXIS2_PLACEMENT_3D('',#5903,#4351,#4352);
#3811=AXIS2_PLACEMENT_3D('',#5905,#4353,#4354);
#3812=AXIS2_PLACEMENT_3D('',#5907,#4355,#4356);
#3813=AXIS2_PLACEMENT_3D('',#5908,#4357,#4358);
#3814=AXIS2_PLACEMENT_3D('',#5910,#4359,#4360);
#3815=AXIS2_PLACEMENT_3D('',#5912,#4361,#4362);
#3816=AXIS2_PLACEMENT_3D('',#5913,#4363,#4364);
#3817=AXIS2_PLACEMENT_3D('',#5914,#4365,#4366);
#3818=AXIS2_PLACEMENT_3D('',#5917,#4367,#4368);
#3819=AXIS2_PLACEMENT_3D('',#5919,#4370,#4371);
#3820=AXIS2_PLACEMENT_3D('',#5920,#4372,#4373);
#3821=AXIS2_PLACEMENT_3D('',#5921,#4374,#4375);
#3822=AXIS2_PLACEMENT_3D('',#5922,#4376,#4377);
#3823=AXIS2_PLACEMENT_3D('',#5924,#4378,#4379);
#3824=AXIS2_PLACEMENT_3D('',#5926,#4380,#4381);
#3825=AXIS2_PLACEMENT_3D('',#5927,#4382,#4383);
#3826=AXIS2_PLACEMENT_3D('',#5928,#4384,#4385);
#3827=AXIS2_PLACEMENT_3D('',#5931,#4386,#4387);
#3828=AXIS2_PLACEMENT_3D('',#5933,#4389,#4390);
#3829=AXIS2_PLACEMENT_3D('',#5934,#4391,#4392);
#3830=AXIS2_PLACEMENT_3D('',#5935,#4393,#4394);
#3831=AXIS2_PLACEMENT_3D('',#5936,#4395,#4396);
#3832=AXIS2_PLACEMENT_3D('',#5938,#4397,#4398);
#3833=AXIS2_PLACEMENT_3D('',#5940,#4399,#4400);
#3834=AXIS2_PLACEMENT_3D('',#5941,#4401,#4402);
#3835=AXIS2_PLACEMENT_3D('',#5942,#4403,#4404);
#3836=AXIS2_PLACEMENT_3D('',#5945,#4405,#4406);
#3837=AXIS2_PLACEMENT_3D('',#5947,#4408,#4409);
#3838=AXIS2_PLACEMENT_3D('',#5948,#4410,#4411);
#3839=AXIS2_PLACEMENT_3D('',#5949,#4412,#4413);
#3840=AXIS2_PLACEMENT_3D('',#5950,#4414,#4415);
#3841=AXIS2_PLACEMENT_3D('',#5952,#4416,#4417);
#3842=AXIS2_PLACEMENT_3D('',#5954,#4418,#4419);
#3843=AXIS2_PLACEMENT_3D('',#5955,#4420,#4421);
#3844=AXIS2_PLACEMENT_3D('',#5956,#4422,#4423);
#3845=AXIS2_PLACEMENT_3D('',#5959,#4424,#4425);
#3846=AXIS2_PLACEMENT_3D('',#5961,#4427,#4428);
#3847=AXIS2_PLACEMENT_3D('',#5962,#4429,#4430);
#3848=AXIS2_PLACEMENT_3D('',#5963,#4431,#4432);
#3849=AXIS2_PLACEMENT_3D('',#5964,#4433,#4434);
#3850=AXIS2_PLACEMENT_3D('',#5966,#4435,#4436);
#3851=AXIS2_PLACEMENT_3D('',#5968,#4437,#4438);
#3852=AXIS2_PLACEMENT_3D('',#5969,#4439,#4440);
#3853=AXIS2_PLACEMENT_3D('',#5970,#4441,#4442);
#3854=AXIS2_PLACEMENT_3D('',#5973,#4443,#4444);
#3855=AXIS2_PLACEMENT_3D('',#5975,#4446,#4447);
#3856=AXIS2_PLACEMENT_3D('',#5976,#4448,#4449);
#3857=AXIS2_PLACEMENT_3D('',#5977,#4450,#4451);
#3858=AXIS2_PLACEMENT_3D('',#5978,#4452,#4453);
#3859=AXIS2_PLACEMENT_3D('',#5980,#4454,#4455);
#3860=AXIS2_PLACEMENT_3D('',#5982,#4456,#4457);
#3861=AXIS2_PLACEMENT_3D('',#5983,#4458,#4459);
#3862=AXIS2_PLACEMENT_3D('',#5984,#4460,#4461);
#3863=AXIS2_PLACEMENT_3D('',#5987,#4462,#4463);
#3864=AXIS2_PLACEMENT_3D('',#5989,#4465,#4466);
#3865=AXIS2_PLACEMENT_3D('',#5990,#4467,#4468);
#3866=AXIS2_PLACEMENT_3D('',#5991,#4469,#4470);
#3867=AXIS2_PLACEMENT_3D('',#5992,#4471,#4472);
#3868=AXIS2_PLACEMENT_3D('',#5995,#4473,#4474);
#3869=AXIS2_PLACEMENT_3D('',#5997,#4475,#4476);
#3870=AXIS2_PLACEMENT_3D('',#6005,#4477,#4478);
#3871=AXIS2_PLACEMENT_3D('',#6006,#4479,#4480);
#3872=AXIS2_PLACEMENT_3D('',#6009,#4481,#4482);
#3873=AXIS2_PLACEMENT_3D('',#6010,#4483,#4484);
#3874=AXIS2_PLACEMENT_3D('',#6011,#4485,#4486);
#3875=AXIS2_PLACEMENT_3D('',#6012,#4487,#4488);
#3876=AXIS2_PLACEMENT_3D('',#6019,#4489,#4490);
#3877=AXIS2_PLACEMENT_3D('',#6020,#4491,#4492);
#3878=AXIS2_PLACEMENT_3D('',#6021,#4493,#4494);
#3879=AXIS2_PLACEMENT_3D('',#6023,#4495,#4496);
#3880=AXIS2_PLACEMENT_3D('',#6027,#4498,#4499);
#3881=AXIS2_PLACEMENT_3D('',#6029,#4500,#4501);
#3882=AXIS2_PLACEMENT_3D('',#6031,#4502,#4503);
#3883=AXIS2_PLACEMENT_3D('',#6033,#4504,#4505);
#3884=AXIS2_PLACEMENT_3D('',#6035,#4506,#4507);
#3885=AXIS2_PLACEMENT_3D('',#6037,#4508,#4509);
#3886=AXIS2_PLACEMENT_3D('',#6038,#4510,#4511);
#3887=AXIS2_PLACEMENT_3D('',#6040,#4512,#4513);
#3888=AXIS2_PLACEMENT_3D('',#6042,#4514,#4515);
#3889=AXIS2_PLACEMENT_3D('',#6044,#4516,#4517);
#3890=AXIS2_PLACEMENT_3D('',#6046,#4518,#4519);
#3891=AXIS2_PLACEMENT_3D('',#6049,#4521,#4522);
#3892=AXIS2_PLACEMENT_3D('',#6050,#4523,#4524);
#3893=AXIS2_PLACEMENT_3D('',#6052,#4525,#4526);
#3894=AXIS2_PLACEMENT_3D('',#6060,#4527,#4528);
#3895=AXIS2_PLACEMENT_3D('',#6061,#4529,#4530);
#3896=AXIS2_PLACEMENT_3D('',#6062,#4531,#4532);
#3897=AXIS2_PLACEMENT_3D('',#6063,#4533,#4534);
#3898=AXIS2_PLACEMENT_3D('',#6064,#4535,#4536);
#3899=AXIS2_PLACEMENT_3D('',#6065,#4537,#4538);
#3900=AXIS2_PLACEMENT_3D('',#6067,#4540,#4541);
#3901=AXIS2_PLACEMENT_3D('',#6069,#4543,#4544);
#3902=AXIS2_PLACEMENT_3D('',#6072,#4547,#4548);
#3903=AXIS2_PLACEMENT_3D('',#6074,#4550,#4551);
#3904=AXIS2_PLACEMENT_3D('',#6076,#4553,#4554);
#3905=AXIS2_PLACEMENT_3D('',#6080,#4556,#4557);
#3906=AXIS2_PLACEMENT_3D('',#6082,#4559,#4560);
#3907=AXIS2_PLACEMENT_3D('',#6084,#4561,#4562);
#3908=AXIS2_PLACEMENT_3D('',#6086,#4564,#4565);
#3909=AXIS2_PLACEMENT_3D('',#6090,#4567,#4568);
#3910=AXIS2_PLACEMENT_3D('',#6094,#4570,#4571);
#3911=AXIS2_PLACEMENT_3D('',#6098,#4573,#4574);
#3912=AXIS2_PLACEMENT_3D('',#6104,#4577,#4578);
#3913=AXIS2_PLACEMENT_3D('',#6110,#4581,#4582);
#3914=AXIS2_PLACEMENT_3D('',#6116,#4585,#4586);
#3915=AXIS2_PLACEMENT_3D('',#6122,#4589,#4590);
#3916=AXIS2_PLACEMENT_3D('',#6128,#4593,#4594);
#3917=AXIS2_PLACEMENT_3D('',#6134,#4597,#4598);
#3918=AXIS2_PLACEMENT_3D('',#6140,#4601,#4602);
#3919=AXIS2_PLACEMENT_3D('',#6146,#4605,#4606);
#3920=AXIS2_PLACEMENT_3D('',#6152,#4609,#4610);
#3921=AXIS2_PLACEMENT_3D('',#6158,#4613,#4614);
#3922=AXIS2_PLACEMENT_3D('',#6164,#4617,#4618);
#3923=AXIS2_PLACEMENT_3D('',#6166,#4619,#4620);
#3924=AXIS2_PLACEMENT_3D('',#6168,#4621,#4622);
#3925=AXIS2_PLACEMENT_3D('',#6169,#4623,#4624);
#3926=AXIS2_PLACEMENT_3D('',#6170,#4625,#4626);
#3927=AXIS2_PLACEMENT_3D('',#6172,#4628,#4629);
#3928=AXIS2_PLACEMENT_3D('',#6175,#4632,#4633);
#3929=AXIS2_PLACEMENT_3D('',#6177,#4635,#4636);
#3930=AXIS2_PLACEMENT_3D('',#6180,#4639,#4640);
#3931=AXIS2_PLACEMENT_3D('',#6183,#4642,#4643);
#3932=AXIS2_PLACEMENT_3D('',#6184,#4644,#4645);
#3933=AXIS2_PLACEMENT_3D('',#6187,#4647,#4648);
#3934=AXIS2_PLACEMENT_3D('',#6188,#4649,#4650);
#3935=AXIS2_PLACEMENT_3D('',#6190,#4652,#4653);
#3936=AXIS2_PLACEMENT_3D('',#6192,#4655,#4656);
#3937=AXIS2_PLACEMENT_3D('',#6213,#4657,#4658);
#3938=AXIS2_PLACEMENT_3D('',#6215,#4660,#4661);
#3939=AXIS2_PLACEMENT_3D('',#6216,#4662,#4663);
#3940=AXIS2_PLACEMENT_3D('',#6219,#4666,#4667);
#3941=AXIS2_PLACEMENT_3D('',#6221,#4669,#4670);
#3942=AXIS2_PLACEMENT_3D('',#6223,#4672,#4673);
#3943=AXIS2_PLACEMENT_3D('',#6224,#4674,#4675);
#3944=AXIS2_PLACEMENT_3D('',#6226,#4677,#4678);
#3945=AXIS2_PLACEMENT_3D('',#6229,#4681,#4682);
#3946=AXIS2_PLACEMENT_3D('',#6230,#4683,#4684);
#3947=AXIS2_PLACEMENT_3D('',#6233,#4687,#4688);
#3948=AXIS2_PLACEMENT_3D('',#6235,#4690,#4691);
#3949=AXIS2_PLACEMENT_3D('',#6238,#4694,#4695);
#3950=AXIS2_PLACEMENT_3D('',#6240,#4697,#4698);
#3951=AXIS2_PLACEMENT_3D('',#6243,#4701,#4702);
#3952=AXIS2_PLACEMENT_3D('',#6245,#4704,#4705);
#3953=AXIS2_PLACEMENT_3D('',#6248,#4708,#4709);
#3954=AXIS2_PLACEMENT_3D('',#6250,#4711,#4712);
#3955=AXIS2_PLACEMENT_3D('',#6253,#4715,#4716);
#3956=AXIS2_PLACEMENT_3D('',#6255,#4718,#4719);
#3957=AXIS2_PLACEMENT_3D('',#6258,#4722,#4723);
#3958=AXIS2_PLACEMENT_3D('',#6260,#4725,#4726);
#3959=AXIS2_PLACEMENT_3D('',#6263,#4729,#4730);
#3960=AXIS2_PLACEMENT_3D('',#6265,#4732,#4733);
#3961=AXIS2_PLACEMENT_3D('',#6268,#4736,#4737);
#3962=AXIS2_PLACEMENT_3D('',#6270,#4739,#4740);
#3963=AXIS2_PLACEMENT_3D('',#6273,#4743,#4744);
#3964=AXIS2_PLACEMENT_3D('',#6275,#4746,#4747);
#3965=AXIS2_PLACEMENT_3D('',#6278,#4750,#4751);
#3966=AXIS2_PLACEMENT_3D('',#6280,#4753,#4754);
#3967=AXIS2_PLACEMENT_3D('',#6282,#4756,#4757);
#3968=AXIS2_PLACEMENT_3D('',#6284,#4759,#4760);
#3969=AXIS2_PLACEMENT_3D('',#6285,#4761,#4762);
#3970=AXIS2_PLACEMENT_3D('',#6286,#4763,#4764);
#3971=AXIS2_PLACEMENT_3D('',#6287,#4765,#4766);
#3972=AXIS2_PLACEMENT_3D('',#6288,#4767,#4768);
#3973=AXIS2_PLACEMENT_3D('',#6289,#4769,#4770);
#3974=AXIS2_PLACEMENT_3D('',#6290,#4771,#4772);
#3975=AXIS2_PLACEMENT_3D('',#6291,#4773,#4774);
#3976=AXIS2_PLACEMENT_3D('',#6292,#4775,#4776);
#3977=AXIS2_PLACEMENT_3D('',#6293,#4777,#4778);
#3978=AXIS2_PLACEMENT_3D('',#6294,#4779,#4780);
#3979=AXIS2_PLACEMENT_3D('',#6295,#4781,#4782);
#3980=AXIS2_PLACEMENT_3D('',#6296,#4783,#4784);
#3981=AXIS2_PLACEMENT_3D('',#6445,#4785,#4786);
#3982=AXIS2_PLACEMENT_3D('',#6467,#4787,#4788);
#3983=AXIS2_PLACEMENT_3D('',#6469,#4789,#4790);
#3984=AXIS2_PLACEMENT_3D('',#6479,#4791,#4792);
#3985=AXIS2_PLACEMENT_3D('',#6481,#4793,#4794);
#3986=AXIS2_PLACEMENT_3D('',#6498,#4796,#4797);
#3987=AXIS2_PLACEMENT_3D('',#6500,#4798,#4799);
#3988=AXIS2_PLACEMENT_3D('',#6502,#4800,#4801);
#3989=AXIS2_PLACEMENT_3D('',#6504,#4802,#4803);
#3990=AXIS2_PLACEMENT_3D('',#6512,#4805,#4806);
#3991=AXIS2_PLACEMENT_3D('',#6514,#4807,#4808);
#3992=AXIS2_PLACEMENT_3D('',#6516,#4809,#4810);
#3993=AXIS2_PLACEMENT_3D('',#6518,#4811,#4812);
#3994=AXIS2_PLACEMENT_3D('',#6520,#4813,#4814);
#3995=AXIS2_PLACEMENT_3D('',#6521,#4815,#4816);
#3996=AXIS2_PLACEMENT_3D('',#6535,#4817,#4818);
#3997=AXIS2_PLACEMENT_3D('',#6537,#4819,#4820);
#3998=AXIS2_PLACEMENT_3D('',#6539,#4821,#4822);
#3999=AXIS2_PLACEMENT_3D('',#6540,#4823,#4824);
#4000=AXIS2_PLACEMENT_3D('',#6541,#4825,#4826);
#4001=AXIS2_PLACEMENT_3D('',#6542,#4827,#4828);
#4002=AXIS2_PLACEMENT_3D('',#6552,#4829,#4830);
#4003=AXIS2_PLACEMENT_3D('',#6554,#4831,#4832);
#4004=AXIS2_PLACEMENT_3D('',#6555,#4833,#4834);
#4005=AXIS2_PLACEMENT_3D('',#6556,#4835,#4836);
#4006=AXIS2_PLACEMENT_3D('',#6568,#4837,#4838);
#4007=AXIS2_PLACEMENT_3D('',#6570,#4839,#4840);
#4008=AXIS2_PLACEMENT_3D('',#6572,#4841,#4842);
#4009=AXIS2_PLACEMENT_3D('',#6573,#4843,#4844);
#4010=AXIS2_PLACEMENT_3D('',#6574,#4845,#4846);
#4011=AXIS2_PLACEMENT_3D('',#6575,#4847,#4848);
#4012=AXIS2_PLACEMENT_3D('',#6585,#4849,#4850);
#4013=AXIS2_PLACEMENT_3D('',#6587,#4851,#4852);
#4014=AXIS2_PLACEMENT_3D('',#6588,#4853,#4854);
#4015=AXIS2_PLACEMENT_3D('',#6589,#4855,#4856);
#4016=AXIS2_PLACEMENT_3D('',#6592,#4857,#4858);
#4017=AXIS2_PLACEMENT_3D('',#6594,#4859,#4860);
#4018=AXIS2_PLACEMENT_3D('',#6608,#4861,#4862);
#4019=AXIS2_PLACEMENT_3D('',#6609,#4863,#4864);
#4020=AXIS2_PLACEMENT_3D('',#6618,#4865,#4866);
#4021=AXIS2_PLACEMENT_3D('',#6620,#4867,#4868);
#4022=AXIS2_PLACEMENT_3D('',#6627,#4869,#4870);
#4023=AXIS2_PLACEMENT_3D('',#6629,#4871,#4872);
#4024=AXIS2_PLACEMENT_3D('',#6631,#4873,#4874);
#4025=AXIS2_PLACEMENT_3D('',#6633,#4875,#4876);
#4026=AXIS2_PLACEMENT_3D('',#6635,#4877,#4878);
#4027=AXIS2_PLACEMENT_3D('',#6637,#4879,#4880);
#4028=AXIS2_PLACEMENT_3D('',#6639,#4881,#4882);
#4029=AXIS2_PLACEMENT_3D('',#6641,#4883,#4884);
#4030=AXIS2_PLACEMENT_3D('',#6643,#4885,#4886);
#4031=AXIS2_PLACEMENT_3D('',#6645,#4887,#4888);
#4032=AXIS2_PLACEMENT_3D('',#6646,#4889,#4890);
#4033=AXIS2_PLACEMENT_3D('',#6648,#4891,#4892);
#4034=AXIS2_PLACEMENT_3D('',#6649,#4893,#4894);
#4035=AXIS2_PLACEMENT_3D('',#6654,#4897,#4898);
#4036=AXIS2_PLACEMENT_3D('',#6656,#4900,#4901);
#4037=AXIS2_PLACEMENT_3D('',#6663,#4903,#4904);
#4038=AXIS2_PLACEMENT_3D('',#6665,#4905,#4906);
#4039=AXIS2_PLACEMENT_3D('',#6667,#4908,#4909);
#4040=AXIS2_PLACEMENT_3D('',#6671,#4911,#4912);
#4041=AXIS2_PLACEMENT_3D('',#6673,#4914,#4915);
#4042=AXIS2_PLACEMENT_3D('',#6675,#4916,#4917);
#4043=AXIS2_PLACEMENT_3D('',#6677,#4918,#4919);
#4044=AXIS2_PLACEMENT_3D('',#6679,#4920,#4921);
#4045=AXIS2_PLACEMENT_3D('',#6680,#4922,#4923);
#4046=AXIS2_PLACEMENT_3D('',#6681,#4924,#4925);
#4047=AXIS2_PLACEMENT_3D('',#6684,#4926,#4927);
#4048=AXIS2_PLACEMENT_3D('',#6686,#4929,#4930);
#4049=AXIS2_PLACEMENT_3D('',#6687,#4931,#4932);
#4050=AXIS2_PLACEMENT_3D('',#6695,#4934,#4935);
#4051=AXIS2_PLACEMENT_3D('',#6697,#4936,#4937);
#4052=AXIS2_PLACEMENT_3D('',#6699,#4938,#4939);
#4053=AXIS2_PLACEMENT_3D('',#6703,#4941,#4942);
#4054=AXIS2_PLACEMENT_3D('',#6705,#4943,#4944);
#4055=AXIS2_PLACEMENT_3D('',#6707,#4945,#4946);
#4056=AXIS2_PLACEMENT_3D('',#6713,#4949,#4950);
#4057=AXIS2_PLACEMENT_3D('',#6719,#4953,#4954);
#4058=AXIS2_PLACEMENT_3D('',#6725,#4957,#4958);
#4059=AXIS2_PLACEMENT_3D('',#6731,#4961,#4962);
#4060=AXIS2_PLACEMENT_3D('',#6737,#4965,#4966);
#4061=AXIS2_PLACEMENT_3D('',#6743,#4969,#4970);
#4062=AXIS2_PLACEMENT_3D('',#6749,#4973,#4974);
#4063=AXIS2_PLACEMENT_3D('',#6755,#4977,#4978);
#4064=AXIS2_PLACEMENT_3D('',#6761,#4981,#4982);
#4065=AXIS2_PLACEMENT_3D('',#6767,#4985,#4986);
#4066=AXIS2_PLACEMENT_3D('',#6773,#4989,#4990);
#4067=AXIS2_PLACEMENT_3D('',#6777,#4992,#4993);
#4068=AXIS2_PLACEMENT_3D('',#6781,#4995,#4996);
#4069=AXIS2_PLACEMENT_3D('',#6785,#4998,#4999);
#4070=AXIS2_PLACEMENT_3D('',#6786,#5000,#5001);
#4071=AXIS2_PLACEMENT_3D('',#6826,#5002,#5003);
#4072=AXIS2_PLACEMENT_3D('',#6828,#5004,#5005);
#4073=AXIS2_PLACEMENT_3D('',#6830,#5006,#5007);
#4074=AXIS2_PLACEMENT_3D('',#6832,#5008,#5009);
#4075=AXIS2_PLACEMENT_3D('',#6833,#5010,#5011);
#4076=AXIS2_PLACEMENT_3D('',#6834,#5012,#5013);
#4077=AXIS2_PLACEMENT_3D('',#6835,#5014,#5015);
#4078=AXIS2_PLACEMENT_3D('',#6837,#5016,#5017);
#4079=AXIS2_PLACEMENT_3D('',#6839,#5018,#5019);
#4080=AXIS2_PLACEMENT_3D('',#6840,#5020,#5021);
#4081=AXIS2_PLACEMENT_3D('',#6841,#5022,#5023);
#4082=AXIS2_PLACEMENT_3D('',#6844,#5024,#5025);
#4083=AXIS2_PLACEMENT_3D('',#6846,#5027,#5028);
#4084=AXIS2_PLACEMENT_3D('',#6847,#5029,#5030);
#4085=AXIS2_PLACEMENT_3D('',#6848,#5031,#5032);
#4086=AXIS2_PLACEMENT_3D('',#6849,#5033,#5034);
#4087=AXIS2_PLACEMENT_3D('',#6851,#5036,#5037);
#4088=AXIS2_PLACEMENT_3D('',#6853,#5039,#5040);
#4089=AXIS2_PLACEMENT_3D('',#6855,#5041,#5042);
#4090=AXIS2_PLACEMENT_3D('',#6857,#5043,#5044);
#4091=AXIS2_PLACEMENT_3D('',#6858,#5045,#5046);
#4092=AXIS2_PLACEMENT_3D('',#6859,#5047,#5048);
#4093=AXIS2_PLACEMENT_3D('',#6862,#5049,#5050);
#4094=AXIS2_PLACEMENT_3D('',#6864,#5052,#5053);
#4095=AXIS2_PLACEMENT_3D('',#6865,#5054,#5055);
#4096=AXIS2_PLACEMENT_3D('',#6866,#5056,#5057);
#4097=AXIS2_PLACEMENT_3D('',#6867,#5058,#5059);
#4098=AXIS2_PLACEMENT_3D('',#6869,#5060,#5061);
#4099=AXIS2_PLACEMENT_3D('',#6871,#5062,#5063);
#4100=AXIS2_PLACEMENT_3D('',#6872,#5064,#5065);
#4101=AXIS2_PLACEMENT_3D('',#6873,#5066,#5067);
#4102=AXIS2_PLACEMENT_3D('',#6876,#5068,#5069);
#4103=AXIS2_PLACEMENT_3D('',#6878,#5071,#5072);
#4104=AXIS2_PLACEMENT_3D('',#6879,#5073,#5074);
#4105=AXIS2_PLACEMENT_3D('',#6880,#5075,#5076);
#4106=AXIS2_PLACEMENT_3D('',#6881,#5077,#5078);
#4107=AXIS2_PLACEMENT_3D('',#6883,#5079,#5080);
#4108=AXIS2_PLACEMENT_3D('',#6885,#5081,#5082);
#4109=AXIS2_PLACEMENT_3D('',#6886,#5083,#5084);
#4110=AXIS2_PLACEMENT_3D('',#6887,#5085,#5086);
#4111=AXIS2_PLACEMENT_3D('',#6890,#5087,#5088);
#4112=AXIS2_PLACEMENT_3D('',#6892,#5090,#5091);
#4113=AXIS2_PLACEMENT_3D('',#6893,#5092,#5093);
#4114=AXIS2_PLACEMENT_3D('',#6894,#5094,#5095);
#4115=AXIS2_PLACEMENT_3D('',#6895,#5096,#5097);
#4116=AXIS2_PLACEMENT_3D('',#6916,#5098,#5099);
#4117=AXIS2_PLACEMENT_3D('',#6917,#5100,#5101);
#4118=AXIS2_PLACEMENT_3D('',#6918,#5102,#5103);
#4119=AXIS2_PLACEMENT_3D('',#6920,#5104,#5105);
#4120=AXIS2_PLACEMENT_3D('',#6921,#5106,#5107);
#4121=AXIS2_PLACEMENT_3D('',#6922,#5108,#5109);
#4122=AXIS2_PLACEMENT_3D('',#6929,#5110,#5111);
#4123=AXIS2_PLACEMENT_3D('',#6936,#5112,#5113);
#4124=AXIS2_PLACEMENT_3D('',#6939,#5116,#5117);
#4125=AXIS2_PLACEMENT_3D('',#6941,#5119,#5120);
#4126=AXIS2_PLACEMENT_3D('',#6943,#5122,#5123);
#4127=AXIS2_PLACEMENT_3D('',#6944,#5124,#5125);
#4128=AXIS2_PLACEMENT_3D('',#6946,#5127,#5128);
#4129=AXIS2_PLACEMENT_3D('',#6949,#5131,#5132);
#4130=AXIS2_PLACEMENT_3D('',#6953,#5134,#5135);
#4131=AXIS2_PLACEMENT_3D('',#6955,#5137,#5138);
#4132=AXIS2_PLACEMENT_3D('',#6959,#5141,#5142);
#4133=AXIS2_PLACEMENT_3D('',#6963,#5144,#5145);
#4134=AXIS2_PLACEMENT_3D('',#6969,#5148,#5149);
#4135=AXIS2_PLACEMENT_3D('',#6975,#5152,#5153);
#4136=AXIS2_PLACEMENT_3D('',#6981,#5156,#5157);
#4137=AXIS2_PLACEMENT_3D('',#6987,#5160,#5161);
#4138=AXIS2_PLACEMENT_3D('',#6993,#5164,#5165);
#4139=AXIS2_PLACEMENT_3D('',#6999,#5168,#5169);
#4140=AXIS2_PLACEMENT_3D('',#7005,#5172,#5173);
#4141=AXIS2_PLACEMENT_3D('',#7011,#5176,#5177);
#4142=AXIS2_PLACEMENT_3D('',#7017,#5180,#5181);
#4143=AXIS2_PLACEMENT_3D('',#7023,#5184,#5185);
#4144=AXIS2_PLACEMENT_3D('',#7029,#5188,#5189);
#4145=AXIS2_PLACEMENT_3D('',#7031,#5190,#5191);
#4146=AXIS2_PLACEMENT_3D('',#7033,#5192,#5193);
#4147=AXIS2_PLACEMENT_3D('',#7035,#5194,#5195);
#4148=AXIS2_PLACEMENT_3D('',#7037,#5196,#5197);
#4149=AXIS2_PLACEMENT_3D('',#7039,#5198,#5199);
#4150=AXIS2_PLACEMENT_3D('',#7042,#5201,#5202);
#4151=AXIS2_PLACEMENT_3D('',#7043,#5203,#5204);
#4152=AXIS2_PLACEMENT_3D('',#7046,#5207,#5208);
#4153=AXIS2_PLACEMENT_3D('',#7048,#5210,#5211);
#4154=AXIS2_PLACEMENT_3D('',#7050,#5213,#5214);
#4155=AXIS2_PLACEMENT_3D('',#7052,#5216,#5217);
#4156=AXIS2_PLACEMENT_3D('',#7054,#5219,#5220);
#4157=AXIS2_PLACEMENT_3D('',#7056,#5222,#5223);
#4158=AXIS2_PLACEMENT_3D('',#7057,#5224,#5225);
#4159=AXIS2_PLACEMENT_3D('',#7059,#5226,#5227);
#4160=AXIS2_PLACEMENT_3D('',#7061,#5229,#5230);
#4161=AXIS2_PLACEMENT_3D('',#7063,#5231,#5232);
#4162=AXIS2_PLACEMENT_3D('',#7065,#5234,#5235);
#4163=AXIS2_PLACEMENT_3D('',#7067,#5236,#5237);
#4164=AXIS2_PLACEMENT_3D('',#7069,#5239,#5240);
#4165=AXIS2_PLACEMENT_3D('',#7070,#5241,#5242);
#4166=AXIS2_PLACEMENT_3D('',#7164,#5244,#5245);
#4167=AXIS2_PLACEMENT_3D('',#7165,#5246,#5247);
#4168=AXIS2_PLACEMENT_3D('',#7167,#5249,#5250);
#4169=AXIS2_PLACEMENT_3D('',#7169,#5252,#5253);
#4170=AXIS2_PLACEMENT_3D('',#7171,#5255,#5256);
#4171=AXIS2_PLACEMENT_3D('',#7174,#5259,#5260);
#4172=AXIS2_PLACEMENT_3D('',#7176,#5262,#5263);
#4173=AXIS2_PLACEMENT_3D('',#7179,#5266,#5267);
#4174=AXIS2_PLACEMENT_3D('',#7181,#5269,#5270);
#4175=AXIS2_PLACEMENT_3D('',#7184,#5273,#5274);
#4176=AXIS2_PLACEMENT_3D('',#7186,#5276,#5277);
#4177=AXIS2_PLACEMENT_3D('',#7189,#5280,#5281);
#4178=AXIS2_PLACEMENT_3D('',#7191,#5283,#5284);
#4179=AXIS2_PLACEMENT_3D('',#7194,#5287,#5288);
#4180=AXIS2_PLACEMENT_3D('',#7196,#5290,#5291);
#4181=AXIS2_PLACEMENT_3D('',#7199,#5294,#5295);
#4182=AXIS2_PLACEMENT_3D('',#7201,#5297,#5298);
#4183=AXIS2_PLACEMENT_3D('',#7204,#5301,#5302);
#4184=AXIS2_PLACEMENT_3D('',#7206,#5304,#5305);
#4185=AXIS2_PLACEMENT_3D('',#7209,#5308,#5309);
#4186=AXIS2_PLACEMENT_3D('',#7211,#5311,#5312);
#4187=AXIS2_PLACEMENT_3D('',#7214,#5315,#5316);
#4188=AXIS2_PLACEMENT_3D('',#7216,#5318,#5319);
#4189=AXIS2_PLACEMENT_3D('',#7219,#5322,#5323);
#4190=AXIS2_PLACEMENT_3D('',#7221,#5325,#5326);
#4191=AXIS2_PLACEMENT_3D('',#7223,#5328,#5329);
#4192=AXIS2_PLACEMENT_3D('',#7225,#5331,#5332);
#4193=AXIS2_PLACEMENT_3D('',#7226,#5333,#5334);
#4194=AXIS2_PLACEMENT_3D('',#7227,#5335,#5336);
#4195=AXIS2_PLACEMENT_3D('',#7228,#5337,#5338);
#4196=AXIS2_PLACEMENT_3D('',#7229,#5339,#5340);
#4197=AXIS2_PLACEMENT_3D('',#7230,#5341,#5342);
#4198=AXIS2_PLACEMENT_3D('',#7231,#5343,#5344);
#4199=AXIS2_PLACEMENT_3D('',#7232,#5345,#5346);
#4200=AXIS2_PLACEMENT_3D('',#7233,#5347,#5348);
#4201=AXIS2_PLACEMENT_3D('',#7234,#5349,#5350);
#4202=AXIS2_PLACEMENT_3D('',#7235,#5351,#5352);
#4203=AXIS2_PLACEMENT_3D('',#7236,#5353,#5354);
#4204=AXIS2_PLACEMENT_3D('',#7237,#5355,#5356);
#4205=DIRECTION('axis',(0.,0.,1.));
#4206=DIRECTION('refdir',(1.,0.,0.));
#4207=DIRECTION('axis',(0.,0.,1.));
#4208=DIRECTION('refdir',(1.,0.,0.));
#4209=DIRECTION('center_axis',(0.,1.,0.));
#4210=DIRECTION('ref_axis',(1.,0.,0.));
#4211=DIRECTION('center_axis',(0.,1.,0.));
#4212=DIRECTION('ref_axis',(-0.750757193529546,0.,-0.660578259075819));
#4213=DIRECTION('center_axis',(0.,1.,0.));
#4214=DIRECTION('ref_axis',(1.,0.,0.));
#4215=DIRECTION('center_axis',(0.,1.,0.));
#4216=DIRECTION('ref_axis',(-0.97058248116236,0.,0.240768866884231));
#4217=DIRECTION('center_axis',(0.,1.,0.));
#4218=DIRECTION('ref_axis',(0.887010833178221,0.,-0.461748613235036));
#4219=DIRECTION('',(8.88178419700125E-16,0.,-1.));
#4220=DIRECTION('center_axis',(0.,-1.,0.));
#4221=DIRECTION('ref_axis',(-1.,0.,0.));
#4222=DIRECTION('center_axis',(0.,-1.,0.));
#4223=DIRECTION('ref_axis',(-1.,0.,0.));
#4224=DIRECTION('center_axis',(0.,-1.,0.));
#4225=DIRECTION('ref_axis',(-1.,0.,0.));
#4226=DIRECTION('center_axis',(0.,-1.,0.));
#4227=DIRECTION('ref_axis',(-1.,0.,0.));
#4228=DIRECTION('center_axis',(0.,-1.,0.));
#4229=DIRECTION('ref_axis',(-1.,0.,0.));
#4230=DIRECTION('center_axis',(0.,-1.,0.));
#4231=DIRECTION('ref_axis',(-1.,0.,0.));
#4232=DIRECTION('center_axis',(0.,-1.,0.));
#4233=DIRECTION('ref_axis',(-1.,0.,0.));
#4234=DIRECTION('center_axis',(0.,-1.,0.));
#4235=DIRECTION('ref_axis',(-0.750757193529546,0.,-0.660578259075819));
#4236=DIRECTION('center_axis',(0.,1.,0.));
#4237=DIRECTION('ref_axis',(-1.,0.,0.));
#4238=DIRECTION('center_axis',(0.,1.,0.));
#4239=DIRECTION('ref_axis',(-0.750757193529548,0.,-0.660578259075817));
#4240=DIRECTION('',(0.,-1.,0.));
#4241=DIRECTION('center_axis',(0.,1.,0.));
#4242=DIRECTION('ref_axis',(0.,0.,1.));
#4243=DIRECTION('center_axis',(-0.257282181050654,6.24838815186718E-16,
0.966336317911015));
#4244=DIRECTION('ref_axis',(0.966336317911015,0.,0.257282181050654));
#4245=DIRECTION('center_axis',(0.,1.,0.));
#4246=DIRECTION('ref_axis',(0.,0.,1.));
#4247=DIRECTION('center_axis',(-1.,0.,1.64477485129653E-16));
#4248=DIRECTION('ref_axis',(-1.64477485129653E-16,0.,-1.));
#4249=DIRECTION('center_axis',(0.,1.,0.));
#4250=DIRECTION('ref_axis',(-1.,0.,0.));
#4251=DIRECTION('center_axis',(0.,1.,0.));
#4252=DIRECTION('ref_axis',(-1.,0.,0.));
#4253=DIRECTION('center_axis',(0.,-1.,0.));
#4254=DIRECTION('ref_axis',(-1.,0.,0.));
#4255=DIRECTION('center_axis',(0.,-1.,0.));
#4256=DIRECTION('ref_axis',(-1.,0.,0.));
#4257=DIRECTION('',(0.,-1.,0.));
#4258=DIRECTION('center_axis',(0.,-1.,0.));
#4259=DIRECTION('ref_axis',(-1.,0.,0.));
#4260=DIRECTION('center_axis',(0.,-1.,0.));
#4261=DIRECTION('ref_axis',(0.,0.,-1.));
#4262=DIRECTION('center_axis',(0.,1.,0.));
#4263=DIRECTION('ref_axis',(-1.,0.,0.));
#4264=DIRECTION('center_axis',(-1.,0.,-1.64477485129653E-16));
#4265=DIRECTION('ref_axis',(-1.64477485129653E-16,0.,1.));
#4266=DIRECTION('center_axis',(0.,1.,0.));
#4267=DIRECTION('ref_axis',(1.,0.,0.));
#4268=DIRECTION('',(8.88178419700125E-16,0.,-1.));
#4269=DIRECTION('center_axis',(0.,-1.,0.));
#4270=DIRECTION('ref_axis',(0.887010833178221,0.,-0.461748613235036));
#4271=DIRECTION('center_axis',(0.,1.,0.));
#4272=DIRECTION('ref_axis',(0.716689610186419,0.,-0.697392287490218));
#4273=DIRECTION('center_axis',(0.,1.,0.));
#4274=DIRECTION('ref_axis',(1.,0.,0.));
#4275=DIRECTION('center_axis',(0.,1.,0.));
#4276=DIRECTION('ref_axis',(-0.729560185670879,0.,0.68391661442304));
#4277=DIRECTION('',(0.,0.,-1.));
#4278=DIRECTION('center_axis',(0.,-1.,0.));
#4279=DIRECTION('ref_axis',(0.957346202890884,0.,-0.288943329755864));
#4280=DIRECTION('center_axis',(0.,-1.,0.));
#4281=DIRECTION('ref_axis',(-0.78086880944303,0.,-0.624695047554424));
#4282=DIRECTION('center_axis',(0.,-1.,0.));
#4283=DIRECTION('ref_axis',(0.981356166999665,0.,-0.192198005951479));
#4284=DIRECTION('',(-0.866025403784439,0.,-0.5));
#4285=DIRECTION('',(0.866025403784442,0.,-0.499999999999994));
#4286=DIRECTION('center_axis',(0.,-1.,0.));
#4287=DIRECTION('ref_axis',(1.,0.,0.));
#4288=DIRECTION('',(-0.866025403784439,0.,-0.5));
#4289=DIRECTION('',(0.866025403784442,0.,-0.499999999999994));
#4290=DIRECTION('center_axis',(0.,-1.,0.));
#4291=DIRECTION('ref_axis',(1.,0.,0.));
#4292=DIRECTION('',(-0.866025403784439,0.,-0.5));
#4293=DIRECTION('',(0.866025403784442,0.,-0.499999999999994));
#4294=DIRECTION('center_axis',(0.,-1.,0.));
#4295=DIRECTION('ref_axis',(1.,0.,0.));
#4296=DIRECTION('',(-0.866025403784439,0.,-0.5));
#4297=DIRECTION('',(0.866025403784442,0.,-0.499999999999994));
#4298=DIRECTION('center_axis',(0.,-1.,0.));
#4299=DIRECTION('ref_axis',(1.,0.,0.));
#4300=DIRECTION('',(-0.866025403784439,0.,-0.5));
#4301=DIRECTION('',(0.866025403784442,0.,-0.499999999999994));
#4302=DIRECTION('center_axis',(0.,-1.,0.));
#4303=DIRECTION('ref_axis',(1.,0.,1.11022302462516E-14));
#4304=DIRECTION('',(-0.866025403784439,0.,-0.5));
#4305=DIRECTION('',(0.866025403784442,0.,-0.499999999999994));
#4306=DIRECTION('center_axis',(0.,-1.,0.));
#4307=DIRECTION('ref_axis',(1.,0.,0.));
#4308=DIRECTION('',(-0.866025403784439,0.,-0.5));
#4309=DIRECTION('',(0.866025403784442,0.,-0.499999999999994));
#4310=DIRECTION('center_axis',(0.,-1.,0.));
#4311=DIRECTION('ref_axis',(1.,0.,1.11022302462516E-14));
#4312=DIRECTION('',(-0.866025403784439,0.,-0.5));
#4313=DIRECTION('',(0.866025403784442,0.,-0.499999999999994));
#4314=DIRECTION('center_axis',(0.,-1.,0.));
#4315=DIRECTION('ref_axis',(1.,0.,5.55111512312581E-15));
#4316=DIRECTION('',(-0.866025403784439,0.,-0.5));
#4317=DIRECTION('',(0.866025403784442,0.,-0.499999999999994));
#4318=DIRECTION('center_axis',(0.,-1.,0.));
#4319=DIRECTION('ref_axis',(1.,0.,5.55111512312581E-15));
#4320=DIRECTION('',(-0.866025403784439,0.,-0.5));
#4321=DIRECTION('',(0.866025403784442,0.,-0.499999999999994));
#4322=DIRECTION('center_axis',(0.,-1.,0.));
#4323=DIRECTION('ref_axis',(1.,0.,2.77555756156291E-15));
#4324=DIRECTION('',(-0.866025403784439,0.,-0.5));
#4325=DIRECTION('',(0.866025403784442,0.,-0.499999999999994));
#4326=DIRECTION('center_axis',(0.,-1.,0.));
#4327=DIRECTION('ref_axis',(0.96592582628907,0.,-0.258819045102515));
#4328=DIRECTION('',(-1.,0.,-4.74123200561079E-15));
#4329=DIRECTION('center_axis',(0.,-1.,0.));
#4330=DIRECTION('ref_axis',(-0.573576436351044,0.,-0.819152044288993));
#4331=DIRECTION('',(-0.342020143325669,0.,0.939692620785908));
#4332=DIRECTION('center_axis',(0.,-1.,0.));
#4333=DIRECTION('ref_axis',(-0.984807753012208,0.,-0.173648177666931));
#4334=DIRECTION('',(-2.3373116307898E-16,0.,1.));
#4335=DIRECTION('center_axis',(0.,-1.,0.));
#4336=DIRECTION('ref_axis',(-0.590423977855503,0.,0.807093257544185));
#4337=DIRECTION('center_axis',(0.,1.,0.));
#4338=DIRECTION('ref_axis',(0.983720180521456,0.,-0.179707001629969));
#4339=DIRECTION('center_axis',(0.,-1.,0.));
#4340=DIRECTION('ref_axis',(1.,0.,0.));
#4341=DIRECTION('center_axis',(0.,1.,0.));
#4342=DIRECTION('ref_axis',(0.748736309127627,0.,-0.662867965279617));
#4343=DIRECTION('center_axis',(0.,1.,0.));
#4344=DIRECTION('ref_axis',(-1.,0.,0.));
#4345=DIRECTION('center_axis',(0.,1.,0.));
#4346=DIRECTION('ref_axis',(-1.,0.,0.));
#4347=DIRECTION('center_axis',(0.,1.,0.));
#4348=DIRECTION('ref_axis',(-1.,0.,0.));
#4349=DIRECTION('center_axis',(0.,1.,0.));
#4350=DIRECTION('ref_axis',(-1.,0.,0.));
#4351=DIRECTION('center_axis',(0.,-1.,0.));
#4352=DIRECTION('ref_axis',(0.,0.,-1.));
#4353=DIRECTION('center_axis',(0.,1.,0.));
#4354=DIRECTION('ref_axis',(-1.,0.,0.));
#4355=DIRECTION('center_axis',(0.,1.,0.));
#4356=DIRECTION('ref_axis',(-1.,0.,0.));
#4357=DIRECTION('center_axis',(0.,1.,0.));
#4358=DIRECTION('ref_axis',(0.,0.,1.));
#4359=DIRECTION('center_axis',(-1.,0.,0.));
#4360=DIRECTION('ref_axis',(0.,0.,-1.));
#4361=DIRECTION('center_axis',(0.,1.,0.));
#4362=DIRECTION('ref_axis',(-1.,0.,0.));
#4363=DIRECTION('center_axis',(0.,1.,0.));
#4364=DIRECTION('ref_axis',(-1.,0.,0.));
#4365=DIRECTION('center_axis',(0.,-1.,0.));
#4366=DIRECTION('ref_axis',(-1.,0.,0.));
#4367=DIRECTION('center_axis',(0.,-1.,0.));
#4368=DIRECTION('ref_axis',(-1.,0.,0.));
#4369=DIRECTION('',(0.,-1.,0.));
#4370=DIRECTION('center_axis',(0.,-1.,0.));
#4371=DIRECTION('ref_axis',(-1.,0.,0.));
#4372=DIRECTION('center_axis',(0.,-1.,0.));
#4373=DIRECTION('ref_axis',(0.,0.,-1.));
#4374=DIRECTION('center_axis',(-1.,0.,0.));
#4375=DIRECTION('ref_axis',(0.,0.,1.));
#4376=DIRECTION('center_axis',(0.,1.,0.));
#4377=DIRECTION('ref_axis',(0.,0.,1.));
#4378=DIRECTION('center_axis',(-1.,0.,0.));
#4379=DIRECTION('ref_axis',(0.,0.,-1.));
#4380=DIRECTION('center_axis',(0.,1.,0.));
#4381=DIRECTION('ref_axis',(-1.,0.,0.));
#4382=DIRECTION('center_axis',(0.,1.,0.));
#4383=DIRECTION('ref_axis',(-1.,0.,0.));
#4384=DIRECTION('center_axis',(0.,-1.,0.));
#4385=DIRECTION('ref_axis',(-1.,0.,0.));
#4386=DIRECTION('center_axis',(0.,-1.,0.));
#4387=DIRECTION('ref_axis',(-1.,0.,0.));
#4388=DIRECTION('',(0.,-1.,0.));
#4389=DIRECTION('center_axis',(0.,-1.,0.));
#4390=DIRECTION('ref_axis',(-1.,0.,0.));
#4391=DIRECTION('center_axis',(0.,-1.,0.));
#4392=DIRECTION('ref_axis',(0.,0.,-1.));
#4393=DIRECTION('center_axis',(-1.,0.,0.));
#4394=DIRECTION('ref_axis',(0.,0.,1.));
#4395=DIRECTION('center_axis',(0.,1.,0.));
#4396=DIRECTION('ref_axis',(0.,0.,1.));
#4397=DIRECTION('center_axis',(-1.,0.,0.));
#4398=DIRECTION('ref_axis',(0.,0.,-1.));
#4399=DIRECTION('center_axis',(0.,1.,0.));
#4400=DIRECTION('ref_axis',(-1.,0.,0.));
#4401=DIRECTION('center_axis',(0.,1.,0.));
#4402=DIRECTION('ref_axis',(-1.,0.,0.));
#4403=DIRECTION('center_axis',(0.,-1.,0.));
#4404=DIRECTION('ref_axis',(-1.,0.,0.));
#4405=DIRECTION('center_axis',(0.,-1.,0.));
#4406=DIRECTION('ref_axis',(-1.,0.,0.));
#4407=DIRECTION('',(0.,-1.,0.));
#4408=DIRECTION('center_axis',(0.,-1.,0.));
#4409=DIRECTION('ref_axis',(-1.,0.,0.));
#4410=DIRECTION('center_axis',(0.,-1.,0.));
#4411=DIRECTION('ref_axis',(0.,0.,-1.));
#4412=DIRECTION('center_axis',(-1.,0.,0.));
#4413=DIRECTION('ref_axis',(0.,0.,1.));
#4414=DIRECTION('center_axis',(0.,1.,0.));
#4415=DIRECTION('ref_axis',(0.,0.,1.));
#4416=DIRECTION('center_axis',(-1.,0.,0.));
#4417=DIRECTION('ref_axis',(0.,0.,-1.));
#4418=DIRECTION('center_axis',(0.,1.,0.));
#4419=DIRECTION('ref_axis',(-1.,0.,0.));
#4420=DIRECTION('center_axis',(0.,1.,0.));
#4421=DIRECTION('ref_axis',(-1.,0.,0.));
#4422=DIRECTION('center_axis',(0.,-1.,0.));
#4423=DIRECTION('ref_axis',(-1.,0.,0.));
#4424=DIRECTION('center_axis',(0.,-1.,0.));
#4425=DIRECTION('ref_axis',(-1.,0.,0.));
#4426=DIRECTION('',(0.,-1.,0.));
#4427=DIRECTION('center_axis',(0.,-1.,0.));
#4428=DIRECTION('ref_axis',(-1.,0.,0.));
#4429=DIRECTION('center_axis',(0.,-1.,0.));
#4430=DIRECTION('ref_axis',(0.,0.,-1.));
#4431=DIRECTION('center_axis',(-1.,0.,0.));
#4432=DIRECTION('ref_axis',(0.,0.,1.));
#4433=DIRECTION('center_axis',(0.,1.,0.));
#4434=DIRECTION('ref_axis',(0.,0.,1.));
#4435=DIRECTION('center_axis',(-1.,0.,0.));
#4436=DIRECTION('ref_axis',(0.,0.,-1.));
#4437=DIRECTION('center_axis',(0.,1.,0.));
#4438=DIRECTION('ref_axis',(-1.,0.,0.));
#4439=DIRECTION('center_axis',(0.,1.,0.));
#4440=DIRECTION('ref_axis',(-1.,0.,0.));
#4441=DIRECTION('center_axis',(0.,-1.,0.));
#4442=DIRECTION('ref_axis',(-1.,0.,0.));
#4443=DIRECTION('center_axis',(0.,-1.,0.));
#4444=DIRECTION('ref_axis',(-1.,0.,0.));
#4445=DIRECTION('',(0.,-1.,0.));
#4446=DIRECTION('center_axis',(0.,-1.,0.));
#4447=DIRECTION('ref_axis',(-1.,0.,0.));
#4448=DIRECTION('center_axis',(0.,-1.,0.));
#4449=DIRECTION('ref_axis',(0.,0.,-1.));
#4450=DIRECTION('center_axis',(-1.,0.,0.));
#4451=DIRECTION('ref_axis',(0.,0.,1.));
#4452=DIRECTION('center_axis',(0.,1.,0.));
#4453=DIRECTION('ref_axis',(0.,0.,1.));
#4454=DIRECTION('center_axis',(-1.,0.,0.));
#4455=DIRECTION('ref_axis',(0.,0.,-1.));
#4456=DIRECTION('center_axis',(0.,1.,0.));
#4457=DIRECTION('ref_axis',(-1.,0.,0.));
#4458=DIRECTION('center_axis',(0.,1.,0.));
#4459=DIRECTION('ref_axis',(-1.,0.,0.));
#4460=DIRECTION('center_axis',(0.,-1.,0.));
#4461=DIRECTION('ref_axis',(-1.,0.,0.));
#4462=DIRECTION('center_axis',(0.,-1.,0.));
#4463=DIRECTION('ref_axis',(-1.,0.,0.));
#4464=DIRECTION('',(0.,-1.,0.));
#4465=DIRECTION('center_axis',(0.,-1.,0.));
#4466=DIRECTION('ref_axis',(-1.,0.,0.));
#4467=DIRECTION('center_axis',(0.,-1.,0.));
#4468=DIRECTION('ref_axis',(0.,0.,-1.));
#4469=DIRECTION('center_axis',(-1.,0.,0.));
#4470=DIRECTION('ref_axis',(0.,0.,1.));
#4471=DIRECTION('center_axis',(0.,-1.,0.));
#4472=DIRECTION('ref_axis',(0.,0.,-1.));
#4473=DIRECTION('center_axis',(-0.984049802186642,0.,0.177893189348077));
#4474=DIRECTION('ref_axis',(0.,1.,0.));
#4475=DIRECTION('center_axis',(0.,1.,0.));
#4476=DIRECTION('ref_axis',(0.864320790310391,0.,0.502940922412584));
#4477=DIRECTION('center_axis',(0.,-1.,0.));
#4478=DIRECTION('ref_axis',(0.864320790310391,0.,0.502940922412584));
#4479=DIRECTION('center_axis',(0.,1.,0.));
#4480=DIRECTION('ref_axis',(0.,0.,1.));
#4481=DIRECTION('center_axis',(-0.684324729945747,0.,0.729177388558285));
#4482=DIRECTION('ref_axis',(0.,1.,0.));
#4483=DIRECTION('center_axis',(0.,-1.,0.));
#4484=DIRECTION('ref_axis',(-0.477653680042666,0.,-0.878548212644986));
#4485=DIRECTION('center_axis',(0.,1.,0.));
#4486=DIRECTION('ref_axis',(-0.477653680042666,0.,-0.878548212644986));
#4487=DIRECTION('center_axis',(0.,1.,0.));
#4488=DIRECTION('ref_axis',(0.,0.,1.));
#4489=DIRECTION('center_axis',(0.,1.,0.));
#4490=DIRECTION('ref_axis',(-0.367982751933913,0.,0.929832616269802));
#4491=DIRECTION('center_axis',(0.,-1.,0.));
#4492=DIRECTION('ref_axis',(-0.367982751933913,0.,0.929832616269802));
#4493=DIRECTION('center_axis',(0.,1.,0.));
#4494=DIRECTION('ref_axis',(1.,0.,0.));
#4495=DIRECTION('center_axis',(0.,-1.,0.));
#4496=DIRECTION('ref_axis',(0.957346202890884,0.,-0.288943329755864));
#4497=DIRECTION('',(0.,0.,1.));
#4498=DIRECTION('center_axis',(0.,-1.,0.));
#4499=DIRECTION('ref_axis',(-0.729560185670879,0.,0.68391661442304));
#4500=DIRECTION('center_axis',(0.,1.,0.));
#4501=DIRECTION('ref_axis',(1.,0.,0.));
#4502=DIRECTION('center_axis',(0.,-1.,0.));
#4503=DIRECTION('ref_axis',(0.716689610186419,0.,-0.697392287490218));
#4504=DIRECTION('center_axis',(0.,-1.,0.));
#4505=DIRECTION('ref_axis',(0.887010833178221,0.,-0.461748613235036));
#4506=DIRECTION('center_axis',(0.,-1.,0.));
#4507=DIRECTION('ref_axis',(0.207969717395999,0.,-0.978135265004911));
#4508=DIRECTION('center_axis',(0.,1.,0.));
#4509=DIRECTION('ref_axis',(0.495256262861909,0.,0.868746933287281));
#4510=DIRECTION('center_axis',(0.,-1.,0.));
#4511=DIRECTION('ref_axis',(-0.750757193529548,0.,-0.660578259075817));
#4512=DIRECTION('center_axis',(0.,1.,0.));
#4513=DIRECTION('ref_axis',(0.748736309127627,0.,-0.662867965279617));
#4514=DIRECTION('center_axis',(0.,-1.,0.));
#4515=DIRECTION('ref_axis',(1.,0.,0.));
#4516=DIRECTION('center_axis',(0.,-1.,0.));
#4517=DIRECTION('ref_axis',(0.983720180521456,0.,-0.179707001629969));
#4518=DIRECTION('center_axis',(0.,1.,0.));
#4519=DIRECTION('ref_axis',(-1.,0.,0.));
#4520=DIRECTION('',(2.3373116307898E-16,0.,-1.));
#4521=DIRECTION('center_axis',(0.,1.,0.));
#4522=DIRECTION('ref_axis',(0.,0.,-1.));
#4523=DIRECTION('center_axis',(0.,1.,0.));
#4524=DIRECTION('ref_axis',(0.207969717395998,0.,-0.978135265004912));
#4525=DIRECTION('center_axis',(-0.61481834209449,0.,0.788668755704309));
#4526=DIRECTION('ref_axis',(0.788668755704309,0.,0.61481834209449));
#4527=DIRECTION('center_axis',(0.,1.,0.));
#4528=DIRECTION('ref_axis',(0.207969717395999,0.,-0.978135265004911));
#4529=DIRECTION('center_axis',(0.,1.,0.));
#4530=DIRECTION('ref_axis',(0.,0.,1.));
#4531=DIRECTION('center_axis',(-0.991867759780789,0.,0.127272727272732));
#4532=DIRECTION('ref_axis',(0.127272727272732,0.,0.991867759780789));
#4533=DIRECTION('center_axis',(0.,-1.,0.));
#4534=DIRECTION('ref_axis',(0.495256262861909,0.,0.868746933287281));
#4535=DIRECTION('center_axis',(0.,-1.,0.));
#4536=DIRECTION('ref_axis',(0.,0.,-1.));
#4537=DIRECTION('center_axis',(0.,-1.,0.));
#4538=DIRECTION('ref_axis',(1.,0.,0.));
#4539=DIRECTION('',(0.,1.,0.));
#4540=DIRECTION('center_axis',(0.,1.,0.));
#4541=DIRECTION('ref_axis',(-0.97058248116236,0.,0.240768866884231));
#4542=DIRECTION('',(0.,-1.,0.));
#4543=DIRECTION('center_axis',(0.,1.,0.));
#4544=DIRECTION('ref_axis',(0.983720180521456,0.,-0.179707001629969));
#4545=DIRECTION('',(0.,1.,0.));
#4546=DIRECTION('',(0.,-1.,0.));
#4547=DIRECTION('center_axis',(0.,1.,0.));
#4548=DIRECTION('ref_axis',(-0.820422547296631,0.,0.571757679342664));
#4549=DIRECTION('',(0.,-1.,0.));
#4550=DIRECTION('center_axis',(0.,-1.,0.));
#4551=DIRECTION('ref_axis',(-0.590423977855503,0.,0.807093257544185));
#4552=DIRECTION('',(0.,-1.,0.));
#4553=DIRECTION('center_axis',(0.,1.,0.));
#4554=DIRECTION('ref_axis',(1.,0.,0.));
#4555=DIRECTION('',(0.,-1.,0.));
#4556=DIRECTION('center_axis',(0.,1.,0.));
#4557=DIRECTION('ref_axis',(1.,0.,0.));
#4558=DIRECTION('',(0.,1.,0.));
#4559=DIRECTION('center_axis',(0.,-1.,0.));
#4560=DIRECTION('ref_axis',(1.,0.,0.));
#4561=DIRECTION('center_axis',(0.,1.,0.));
#4562=DIRECTION('ref_axis',(1.,0.,0.));
#4563=DIRECTION('',(0.,-1.,0.));
#4564=DIRECTION('center_axis',(0.,1.,0.));
#4565=DIRECTION('ref_axis',(1.,0.,0.));
#4566=DIRECTION('',(-2.3373116307898E-16,0.,1.));
#4567=DIRECTION('center_axis',(0.,1.,0.));
#4568=DIRECTION('ref_axis',(-0.984807753012208,0.,-0.173648177666931));
#4569=DIRECTION('',(-0.342020143325669,0.,0.939692620785908));
#4570=DIRECTION('center_axis',(0.,1.,0.));
#4571=DIRECTION('ref_axis',(-0.573576436351044,0.,-0.819152044288993));
#4572=DIRECTION('',(-1.,0.,-4.74123200561079E-15));
#4573=DIRECTION('center_axis',(0.,1.,0.));
#4574=DIRECTION('ref_axis',(0.96592582628907,0.,-0.258819045102515));
#4575=DIRECTION('',(-0.866025403784442,0.,0.499999999999994));
#4576=DIRECTION('',(0.866025403784439,0.,0.5));
#4577=DIRECTION('center_axis',(0.,1.,0.));
#4578=DIRECTION('ref_axis',(1.,0.,2.77555756156291E-15));
#4579=DIRECTION('',(-0.866025403784442,0.,0.499999999999994));
#4580=DIRECTION('',(0.866025403784439,0.,0.5));
#4581=DIRECTION('center_axis',(0.,1.,0.));
#4582=DIRECTION('ref_axis',(1.,0.,5.55111512312581E-15));
#4583=DIRECTION('',(-0.866025403784442,0.,0.499999999999994));
#4584=DIRECTION('',(0.866025403784439,0.,0.5));
#4585=DIRECTION('center_axis',(0.,1.,0.));
#4586=DIRECTION('ref_axis',(1.,0.,5.55111512312581E-15));
#4587=DIRECTION('',(-0.866025403784442,0.,0.499999999999994));
#4588=DIRECTION('',(0.866025403784439,0.,0.5));
#4589=DIRECTION('center_axis',(0.,1.,0.));
#4590=DIRECTION('ref_axis',(1.,0.,1.11022302462516E-14));
#4591=DIRECTION('',(-0.866025403784442,0.,0.499999999999994));
#4592=DIRECTION('',(0.866025403784439,0.,0.5));
#4593=DIRECTION('center_axis',(0.,1.,0.));
#4594=DIRECTION('ref_axis',(1.,0.,0.));
#4595=DIRECTION('',(-0.866025403784442,0.,0.499999999999994));
#4596=DIRECTION('',(0.866025403784439,0.,0.5));
#4597=DIRECTION('center_axis',(0.,1.,0.));
#4598=DIRECTION('ref_axis',(1.,0.,1.11022302462516E-14));
#4599=DIRECTION('',(-0.866025403784442,0.,0.499999999999994));
#4600=DIRECTION('',(0.866025403784439,0.,0.5));
#4601=DIRECTION('center_axis',(0.,1.,0.));
#4602=DIRECTION('ref_axis',(1.,0.,0.));
#4603=DIRECTION('',(-0.866025403784442,0.,0.499999999999994));
#4604=DIRECTION('',(0.866025403784439,0.,0.5));
#4605=DIRECTION('center_axis',(0.,1.,0.));
#4606=DIRECTION('ref_axis',(1.,0.,0.));
#4607=DIRECTION('',(-0.866025403784442,0.,0.499999999999994));
#4608=DIRECTION('',(0.866025403784439,0.,0.5));
#4609=DIRECTION('center_axis',(0.,1.,0.));
#4610=DIRECTION('ref_axis',(1.,0.,0.));
#4611=DIRECTION('',(-0.866025403784442,0.,0.499999999999994));
#4612=DIRECTION('',(0.866025403784439,0.,0.5));
#4613=DIRECTION('center_axis',(0.,1.,0.));
#4614=DIRECTION('ref_axis',(1.,0.,0.));
#4615=DIRECTION('',(-0.866025403784442,0.,0.499999999999994));
#4616=DIRECTION('',(0.866025403784439,0.,0.5));
#4617=DIRECTION('center_axis',(0.,1.,0.));
#4618=DIRECTION('ref_axis',(0.981356166999665,0.,-0.192198005951479));
#4619=DIRECTION('center_axis',(0.,1.,0.));
#4620=DIRECTION('ref_axis',(-0.78086880944303,0.,-0.624695047554424));
#4621=DIRECTION('center_axis',(0.,1.,0.));
#4622=DIRECTION('ref_axis',(0.957346202890884,0.,-0.288943329755864));
#4623=DIRECTION('center_axis',(0.,1.,0.));
#4624=DIRECTION('ref_axis',(-0.177893189348079,0.,-0.984049802186642));
#4625=DIRECTION('center_axis',(0.,1.,0.));
#4626=DIRECTION('ref_axis',(-0.177893189348079,0.,-0.984049802186642));
#4627=DIRECTION('',(0.,1.,0.));
#4628=DIRECTION('center_axis',(1.,0.,0.));
#4629=DIRECTION('ref_axis',(0.,0.,-1.));
#4630=DIRECTION('',(0.,-1.,0.));
#4631=DIRECTION('',(0.,1.,0.));
#4632=DIRECTION('center_axis',(0.,1.,0.));
#4633=DIRECTION('ref_axis',(0.957346202890884,0.,-0.288943329755864));
#4634=DIRECTION('',(0.,1.,0.));
#4635=DIRECTION('center_axis',(0.,1.,0.));
#4636=DIRECTION('ref_axis',(0.887010833178221,0.,-0.461748613235036));
#4637=DIRECTION('',(0.,-1.,0.));
#4638=DIRECTION('',(0.,-1.,0.));
#4639=DIRECTION('center_axis',(0.,-1.,0.));
#4640=DIRECTION('ref_axis',(0.,0.,-1.));
#4641=DIRECTION('',(0.,-1.,0.));
#4642=DIRECTION('center_axis',(0.,-1.,0.));
#4643=DIRECTION('ref_axis',(1.,0.,0.));
#4644=DIRECTION('center_axis',(0.,1.,0.));
#4645=DIRECTION('ref_axis',(0.,0.,-1.));
#4646=DIRECTION('',(1.06329118488436E-16,-0.496138938356834,-0.868243142124459));
#4647=DIRECTION('center_axis',(0.,-1.,0.));
#4648=DIRECTION('ref_axis',(1.,0.,0.));
#4649=DIRECTION('center_axis',(0.,-1.,0.));
#4650=DIRECTION('ref_axis',(0.,0.,-1.));
#4651=DIRECTION('',(0.,-1.,0.));
#4652=DIRECTION('center_axis',(0.,-1.,0.));
#4653=DIRECTION('ref_axis',(0.716689610186419,0.,-0.697392287490218));
#4654=DIRECTION('',(0.,1.,0.));
#4655=DIRECTION('center_axis',(1.,0.,8.88178419700125E-16));
#4656=DIRECTION('ref_axis',(8.88178419700125E-16,0.,-1.));
#4657=DIRECTION('center_axis',(0.,1.,0.));
#4658=DIRECTION('ref_axis',(-0.729560185670879,0.,0.68391661442304));
#4659=DIRECTION('',(0.,-1.,0.));
#4660=DIRECTION('center_axis',(0.,1.,0.));
#4661=DIRECTION('ref_axis',(0.748736309127627,0.,-0.662867965279617));
#4662=DIRECTION('center_axis',(0.,1.,0.));
#4663=DIRECTION('ref_axis',(-0.573576436351044,0.,-0.819152044288993));
#4664=DIRECTION('',(0.,-1.,0.));
#4665=DIRECTION('',(0.,1.,0.));
#4666=DIRECTION('center_axis',(-0.939692620785908,0.,-0.342020143325669));
#4667=DIRECTION('ref_axis',(-0.342020143325669,0.,0.939692620785908));
#4668=DIRECTION('',(0.,-1.,0.));
#4669=DIRECTION('center_axis',(0.,1.,0.));
#4670=DIRECTION('ref_axis',(-0.984807753012208,0.,-0.173648177666931));
#4671=DIRECTION('',(0.,1.,0.));
#4672=DIRECTION('center_axis',(-1.,0.,-2.3373116307898E-16));
#4673=DIRECTION('ref_axis',(-2.3373116307898E-16,0.,1.));
#4674=DIRECTION('center_axis',(0.,1.,0.));
#4675=DIRECTION('ref_axis',(-0.78086880944303,0.,-0.624695047554424));
#4676=DIRECTION('',(0.,-1.,0.));
#4677=DIRECTION('center_axis',(0.,1.,0.));
#4678=DIRECTION('ref_axis',(0.96592582628907,0.,-0.258819045102515));
#4679=DIRECTION('',(0.,-1.,0.));
#4680=DIRECTION('',(0.,1.,0.));
#4681=DIRECTION('center_axis',(4.74123200561079E-15,0.,-1.));
#4682=DIRECTION('ref_axis',(-1.,0.,-4.74123200561079E-15));
#4683=DIRECTION('center_axis',(0.,1.,0.));
#4684=DIRECTION('ref_axis',(1.,0.,2.77555756156291E-15));
#4685=DIRECTION('',(0.,-1.,0.));
#4686=DIRECTION('',(0.,1.,0.));
#4687=DIRECTION('center_axis',(0.5,0.,-0.866025403784439));
#4688=DIRECTION('ref_axis',(-0.866025403784439,0.,-0.5));
#4689=DIRECTION('',(0.,1.,0.));
#4690=DIRECTION('center_axis',(0.,1.,0.));
#4691=DIRECTION('ref_axis',(1.,0.,5.55111512312581E-15));
#4692=DIRECTION('',(0.,-1.,0.));
#4693=DIRECTION('',(0.,1.,0.));
#4694=DIRECTION('center_axis',(0.5,0.,-0.866025403784439));
#4695=DIRECTION('ref_axis',(-0.866025403784439,0.,-0.5));
#4696=DIRECTION('',(0.,1.,0.));
#4697=DIRECTION('center_axis',(0.,1.,0.));
#4698=DIRECTION('ref_axis',(1.,0.,5.55111512312581E-15));
#4699=DIRECTION('',(0.,-1.,0.));
#4700=DIRECTION('',(0.,1.,0.));
#4701=DIRECTION('center_axis',(0.5,0.,-0.866025403784439));
#4702=DIRECTION('ref_axis',(-0.866025403784439,0.,-0.5));
#4703=DIRECTION('',(0.,1.,0.));
#4704=DIRECTION('center_axis',(0.,1.,0.));
#4705=DIRECTION('ref_axis',(1.,0.,1.11022302462516E-14));
#4706=DIRECTION('',(0.,-1.,0.));
#4707=DIRECTION('',(0.,1.,0.));
#4708=DIRECTION('center_axis',(0.5,0.,-0.866025403784439));
#4709=DIRECTION('ref_axis',(-0.866025403784439,0.,-0.5));
#4710=DIRECTION('',(0.,1.,0.));
#4711=DIRECTION('center_axis',(0.,1.,0.));
#4712=DIRECTION('ref_axis',(1.,0.,0.));
#4713=DIRECTION('',(0.,-1.,0.));
#4714=DIRECTION('',(0.,1.,0.));
#4715=DIRECTION('center_axis',(0.5,0.,-0.866025403784439));
#4716=DIRECTION('ref_axis',(-0.866025403784439,0.,-0.5));
#4717=DIRECTION('',(0.,1.,0.));
#4718=DIRECTION('center_axis',(0.,1.,0.));
#4719=DIRECTION('ref_axis',(1.,0.,1.11022302462516E-14));
#4720=DIRECTION('',(0.,-1.,0.));
#4721=DIRECTION('',(0.,1.,0.));
#4722=DIRECTION('center_axis',(0.5,0.,-0.866025403784439));
#4723=DIRECTION('ref_axis',(-0.866025403784439,0.,-0.5));
#4724=DIRECTION('',(0.,1.,0.));
#4725=DIRECTION('center_axis',(0.,1.,0.));
#4726=DIRECTION('ref_axis',(1.,0.,0.));
#4727=DIRECTION('',(0.,-1.,0.));
#4728=DIRECTION('',(0.,1.,0.));
#4729=DIRECTION('center_axis',(0.5,0.,-0.866025403784439));
#4730=DIRECTION('ref_axis',(-0.866025403784439,0.,-0.5));
#4731=DIRECTION('',(0.,1.,0.));
#4732=DIRECTION('center_axis',(0.,1.,0.));
#4733=DIRECTION('ref_axis',(1.,0.,0.));
#4734=DIRECTION('',(0.,-1.,0.));
#4735=DIRECTION('',(0.,1.,0.));
#4736=DIRECTION('center_axis',(0.5,0.,-0.866025403784439));
#4737=DIRECTION('ref_axis',(-0.866025403784439,0.,-0.5));
#4738=DIRECTION('',(0.,1.,0.));
#4739=DIRECTION('center_axis',(0.,1.,0.));
#4740=DIRECTION('ref_axis',(1.,0.,0.));
#4741=DIRECTION('',(0.,-1.,0.));
#4742=DIRECTION('',(0.,1.,0.));
#4743=DIRECTION('center_axis',(0.5,0.,-0.866025403784439));
#4744=DIRECTION('ref_axis',(-0.866025403784439,0.,-0.5));
#4745=DIRECTION('',(0.,1.,0.));
#4746=DIRECTION('center_axis',(0.,1.,0.));
#4747=DIRECTION('ref_axis',(1.,0.,0.));
#4748=DIRECTION('',(0.,-1.,0.));
#4749=DIRECTION('',(0.,1.,0.));
#4750=DIRECTION('center_axis',(0.5,0.,-0.866025403784439));
#4751=DIRECTION('ref_axis',(-0.866025403784439,0.,-0.5));
#4752=DIRECTION('',(0.,1.,0.));
#4753=DIRECTION('center_axis',(0.,1.,0.));
#4754=DIRECTION('ref_axis',(0.981356166999665,0.,-0.192198005951479));
#4755=DIRECTION('',(0.,1.,0.));
#4756=DIRECTION('center_axis',(0.5,0.,-0.866025403784439));
#4757=DIRECTION('ref_axis',(-0.866025403784439,0.,-0.5));
#4758=DIRECTION('',(0.,1.,0.));
#4759=DIRECTION('center_axis',(0.,1.,0.));
#4760=DIRECTION('ref_axis',(1.,0.,0.));
#4761=DIRECTION('center_axis',(0.499999999999994,0.,0.866025403784442));
#4762=DIRECTION('ref_axis',(0.866025403784442,0.,-0.499999999999994));
#4763=DIRECTION('center_axis',(0.499999999999994,0.,0.866025403784442));
#4764=DIRECTION('ref_axis',(0.866025403784442,0.,-0.499999999999994));
#4765=DIRECTION('center_axis',(0.499999999999994,0.,0.866025403784442));
#4766=DIRECTION('ref_axis',(0.866025403784442,0.,-0.499999999999994));
#4767=DIRECTION('center_axis',(0.499999999999994,0.,0.866025403784442));
#4768=DIRECTION('ref_axis',(0.866025403784442,0.,-0.499999999999994));
#4769=DIRECTION('center_axis',(0.499999999999994,0.,0.866025403784442));
#4770=DIRECTION('ref_axis',(0.866025403784442,0.,-0.499999999999994));
#4771=DIRECTION('center_axis',(0.499999999999994,0.,0.866025403784442));
#4772=DIRECTION('ref_axis',(0.866025403784442,0.,-0.499999999999994));
#4773=DIRECTION('center_axis',(0.499999999999994,0.,0.866025403784442));
#4774=DIRECTION('ref_axis',(0.866025403784442,0.,-0.499999999999994));
#4775=DIRECTION('center_axis',(0.499999999999994,0.,0.866025403784442));
#4776=DIRECTION('ref_axis',(0.866025403784442,0.,-0.499999999999994));
#4777=DIRECTION('center_axis',(0.499999999999994,0.,0.866025403784442));
#4778=DIRECTION('ref_axis',(0.866025403784442,0.,-0.499999999999994));
#4779=DIRECTION('center_axis',(0.499999999999994,0.,0.866025403784442));
#4780=DIRECTION('ref_axis',(0.866025403784442,0.,-0.499999999999994));
#4781=DIRECTION('center_axis',(0.499999999999994,0.,0.866025403784442));
#4782=DIRECTION('ref_axis',(0.866025403784442,0.,-0.499999999999994));
#4783=DIRECTION('axis',(0.,0.,1.));
#4784=DIRECTION('refdir',(1.,0.,0.));
#4785=DIRECTION('center_axis',(-1.22464679914735E-16,-1.,0.));
#4786=DIRECTION('ref_axis',(-1.,1.22464679914735E-16,0.));
#4787=DIRECTION('center_axis',(1.22464679914735E-16,1.,0.));
#4788=DIRECTION('ref_axis',(-1.,1.22464679914735E-16,0.));
#4789=DIRECTION('center_axis',(1.22464679914735E-16,1.,0.));
#4790=DIRECTION('ref_axis',(-1.,1.22464679914735E-16,0.));
#4791=DIRECTION('center_axis',(1.22464679914735E-16,1.,0.));
#4792=DIRECTION('ref_axis',(-1.,1.22464679914735E-16,0.));
#4793=DIRECTION('center_axis',(1.22464679914735E-16,1.,0.));
#4794=DIRECTION('ref_axis',(-1.,1.22464679914735E-16,0.));
#4795=DIRECTION('',(0.,0.,-1.));
#4796=DIRECTION('center_axis',(1.22464679914735E-16,1.,0.));
#4797=DIRECTION('ref_axis',(-0.71783739097213,8.79084251727077E-17,-0.696210801497884));
#4798=DIRECTION('center_axis',(-1.22464679914735E-16,-1.,0.));
#4799=DIRECTION('ref_axis',(-1.,1.22464679914735E-16,0.));
#4800=DIRECTION('center_axis',(-1.22464679914735E-16,-1.,0.));
#4801=DIRECTION('ref_axis',(0.720714457127713,-8.8260833103898E-17,0.69323204721587));
#4802=DIRECTION('center_axis',(-1.22464679914735E-16,-1.,0.));
#4803=DIRECTION('ref_axis',(-0.887010833178221,1.08627497766073E-16,-0.461748613235036));
#4804=DIRECTION('',(-8.88178419700125E-16,1.08770485875751E-31,-1.));
#4805=DIRECTION('center_axis',(1.22464679914735E-16,1.,0.));
#4806=DIRECTION('ref_axis',(-1.,1.22464679914735E-16,0.));
#4807=DIRECTION('center_axis',(1.22464679914735E-16,1.,0.));
#4808=DIRECTION('ref_axis',(-1.,1.22464679914735E-16,0.));
#4809=DIRECTION('center_axis',(1.22464679914735E-16,1.,0.));
#4810=DIRECTION('ref_axis',(-1.,1.22464679914735E-16,0.));
#4811=DIRECTION('center_axis',(1.22464679914735E-16,1.,0.));
#4812=DIRECTION('ref_axis',(-1.,1.22464679914735E-16,0.));
#4813=DIRECTION('center_axis',(1.22464679914735E-16,1.,0.));
#4814=DIRECTION('ref_axis',(-1.,1.22464679914735E-16,0.));
#4815=DIRECTION('center_axis',(1.22464679914735E-16,1.,0.));
#4816=DIRECTION('ref_axis',(0.,0.,1.));
#4817=DIRECTION('center_axis',(-1.22464679914735E-16,-1.,0.));
#4818=DIRECTION('ref_axis',(-1.,1.22464679914735E-16,0.));
#4819=DIRECTION('center_axis',(-1.,1.22464679914735E-16,0.));
#4820=DIRECTION('ref_axis',(0.,0.,-1.));
#4821=DIRECTION('center_axis',(1.22464679914735E-16,1.,0.));
#4822=DIRECTION('ref_axis',(-1.,1.48029736616688E-16,0.));
#4823=DIRECTION('center_axis',(1.22464679914735E-16,1.,0.));
#4824=DIRECTION('ref_axis',(-1.,1.48029736616688E-16,0.));
#4825=DIRECTION('center_axis',(-1.22464679914735E-16,-1.,0.));
#4826=DIRECTION('ref_axis',(-1.,1.22464679914735E-16,0.));
#4827=DIRECTION('center_axis',(-1.22464679914735E-16,-1.,0.));
#4828=DIRECTION('ref_axis',(0.,0.,-1.));
#4829=DIRECTION('center_axis',(-1.,1.22464679914735E-16,0.));
#4830=DIRECTION('ref_axis',(0.,0.,1.));
#4831=DIRECTION('center_axis',(-1.22464679914735E-16,-1.,0.));
#4832=DIRECTION('ref_axis',(-1.,1.48029736616688E-16,0.));
#4833=DIRECTION('center_axis',(-1.22464679914735E-16,-1.,0.));
#4834=DIRECTION('ref_axis',(-1.,1.48029736616688E-16,0.));
#4835=DIRECTION('center_axis',(1.22464679914735E-16,1.,0.));
#4836=DIRECTION('ref_axis',(0.,0.,1.));
#4837=DIRECTION('center_axis',(-1.22464679914735E-16,-1.,0.));
#4838=DIRECTION('ref_axis',(-1.,1.22464679914735E-16,0.));
#4839=DIRECTION('center_axis',(-1.,1.22464679914735E-16,0.));
#4840=DIRECTION('ref_axis',(0.,0.,-1.));
#4841=DIRECTION('center_axis',(1.22464679914735E-16,1.,0.));
#4842=DIRECTION('ref_axis',(-1.,1.48029736616688E-16,0.));
#4843=DIRECTION('center_axis',(1.22464679914735E-16,1.,0.));
#4844=DIRECTION('ref_axis',(-1.,1.48029736616688E-16,0.));
#4845=DIRECTION('center_axis',(-1.22464679914735E-16,-1.,0.));
#4846=DIRECTION('ref_axis',(-1.,1.22464679914735E-16,0.));
#4847=DIRECTION('center_axis',(-1.22464679914735E-16,-1.,0.));
#4848=DIRECTION('ref_axis',(0.,0.,-1.));
#4849=DIRECTION('center_axis',(-1.,1.22464679914735E-16,0.));
#4850=DIRECTION('ref_axis',(0.,0.,1.));
#4851=DIRECTION('center_axis',(-1.22464679914735E-16,-1.,0.));
#4852=DIRECTION('ref_axis',(-1.,1.48029736616688E-16,0.));
#4853=DIRECTION('center_axis',(-1.22464679914735E-16,-1.,0.));
#4854=DIRECTION('ref_axis',(-1.,1.48029736616688E-16,0.));
#4855=DIRECTION('center_axis',(-1.22464679914735E-16,-1.,0.));
#4856=DIRECTION('ref_axis',(0.,0.,-1.));
#4857=DIRECTION('center_axis',(-0.546935079329777,0.,-0.837175022918464));
#4858=DIRECTION('ref_axis',(0.,-1.,0.));
#4859=DIRECTION('center_axis',(1.22464679914735E-16,1.,0.));
#4860=DIRECTION('ref_axis',(-0.496360959013489,6.11563530513857E-17,0.868116235516425));
#4861=DIRECTION('center_axis',(-1.22464679914735E-16,-1.,0.));
#4862=DIRECTION('ref_axis',(-0.496360959013489,6.0786685967758E-17,0.868116235516425));
#4863=DIRECTION('center_axis',(1.22464679914735E-16,1.,0.));
#4864=DIRECTION('ref_axis',(0.0934958103298709,0.,-0.995619673093476));
#4865=DIRECTION('center_axis',(-1.22464679914735E-16,-1.,0.));
#4866=DIRECTION('ref_axis',(0.0934958103298644,-8.67361737988403E-18,-0.995619673093477));
#4867=DIRECTION('center_axis',(1.22464679914735E-16,1.,0.));
#4868=DIRECTION('ref_axis',(0.0934958103298644,-1.14499344854156E-17,-0.995619673093477));
#4869=DIRECTION('center_axis',(-1.22464679914735E-16,-1.,0.));
#4870=DIRECTION('ref_axis',(-1.,1.22464679914735E-16,0.));
#4871=DIRECTION('center_axis',(1.22464679914735E-16,1.,0.));
#4872=DIRECTION('ref_axis',(-0.71783739097213,8.79084251727077E-17,-0.696210801497884));
#4873=DIRECTION('center_axis',(1.22464679914735E-16,1.,0.));
#4874=DIRECTION('ref_axis',(-1.,1.22464679914735E-16,0.));
#4875=DIRECTION('center_axis',(1.22464679914735E-16,1.,0.));
#4876=DIRECTION('ref_axis',(-0.994465815705011,1.21786040286524E-16,-0.105060655785921));
#4877=DIRECTION('center_axis',(1.22464679914735E-16,1.,0.));
#4878=DIRECTION('ref_axis',(0.590423977855503,-7.23060834620589E-17,0.807093257544185));
#4879=DIRECTION('center_axis',(1.22464679914735E-16,1.,0.));
#4880=DIRECTION('ref_axis',(0.345089030270209,-4.22612176341276E-17,0.938569955404053));
#4881=DIRECTION('center_axis',(-1.22464679914735E-16,-1.,0.));
#4882=DIRECTION('ref_axis',(0.473213503463328,-5.79519402329669E-17,-0.880947773786825));
#4883=DIRECTION('center_axis',(1.22464679914735E-16,1.,0.));
#4884=DIRECTION('ref_axis',(-0.756092207943072,9.25945902317738E-17,0.654465104560794));
#4885=DIRECTION('center_axis',(1.22464679914735E-16,1.,0.));
#4886=DIRECTION('ref_axis',(0.749107521995811,-9.1724232721899E-17,0.662448428550703));
#4887=DIRECTION('center_axis',(1.22464679914735E-16,1.,0.));
#4888=DIRECTION('ref_axis',(-1.,1.22464679914735E-16,0.));
#4889=DIRECTION('center_axis',(1.22464679914735E-16,1.,0.));
#4890=DIRECTION('ref_axis',(0.959102830260762,-1.17457734106147E-16,0.283057875682332));
#4891=DIRECTION('center_axis',(-1.22464679914735E-16,-1.,0.));
#4892=DIRECTION('ref_axis',(0.,0.,1.));
#4893=DIRECTION('center_axis',(-1.22464679914735E-16,-1.,0.));
#4894=DIRECTION('ref_axis',(-0.71783739097213,8.79084251727077E-17,-0.696210801497884));
#4895=DIRECTION('',(1.22464679914735E-16,1.,0.));
#4896=DIRECTION('',(-1.22464679914735E-16,-1.,0.));
#4897=DIRECTION('center_axis',(-1.22464679914735E-16,-1.,0.));
#4898=DIRECTION('ref_axis',(-0.71783739097213,8.79084251727077E-17,-0.696210801497884));
#4899=DIRECTION('',(1.22464679914735E-16,1.,0.));
#4900=DIRECTION('center_axis',(1.,-1.22464679914735E-16,0.));
#4901=DIRECTION('ref_axis',(0.,0.,1.));
#4902=DIRECTION('',(0.,0.,-1.));
#4903=DIRECTION('center_axis',(-1.22464679914735E-16,-1.,0.));
#4904=DIRECTION('ref_axis',(0.813887546888772,-9.96724779163226E-17,0.581022427294659));
#4905=DIRECTION('center_axis',(1.22464679914735E-16,1.,0.));
#4906=DIRECTION('ref_axis',(-1.,1.22464679914735E-16,0.));
#4907=DIRECTION('',(-1.22464679914735E-16,-1.,0.));
#4908=DIRECTION('center_axis',(-1.22464679914735E-16,-1.,0.));
#4909=DIRECTION('ref_axis',(0.959102830260762,-1.17457734106147E-16,0.283057875682332));
#4910=DIRECTION('',(-1.22464679914735E-16,-1.,0.));
#4911=DIRECTION('center_axis',(-1.22464679914735E-16,-1.,0.));
#4912=DIRECTION('ref_axis',(0.959102830260762,-1.17457734106147E-16,0.283057875682332));
#4913=DIRECTION('',(-1.22464679914735E-16,-1.,0.));
#4914=DIRECTION('center_axis',(1.22464679914735E-16,1.,0.));
#4915=DIRECTION('ref_axis',(0.,0.,1.));
#4916=DIRECTION('center_axis',(-1.22464679914735E-16,-1.,0.));
#4917=DIRECTION('ref_axis',(-1.,1.22464679914735E-16,0.));
#4918=DIRECTION('center_axis',(-1.,1.22464679914735E-16,0.));
#4919=DIRECTION('ref_axis',(0.,0.,-1.));
#4920=DIRECTION('center_axis',(1.22464679914735E-16,1.,0.));
#4921=DIRECTION('ref_axis',(-1.,1.48029736616688E-16,0.));
#4922=DIRECTION('center_axis',(1.22464679914735E-16,1.,0.));
#4923=DIRECTION('ref_axis',(-1.,1.48029736616688E-16,0.));
#4924=DIRECTION('center_axis',(0.,-1.,0.));
#4925=DIRECTION('ref_axis',(-1.,0.,0.));
#4926=DIRECTION('center_axis',(-1.22464679914735E-16,-1.,0.));
#4927=DIRECTION('ref_axis',(-1.,1.48029736616688E-16,0.));
#4928=DIRECTION('',(0.,-1.,0.));
#4929=DIRECTION('center_axis',(-1.22464679914735E-16,-1.,0.));
#4930=DIRECTION('ref_axis',(-1.,1.48029736616688E-16,0.));
#4931=DIRECTION('center_axis',(-1.22464679914735E-16,-1.,0.));
#4932=DIRECTION('ref_axis',(-1.,1.22464679914735E-16,0.));
#4933=DIRECTION('',(-8.88178419700125E-16,1.08770485875751E-31,-1.));
#4934=DIRECTION('center_axis',(1.22464679914735E-16,1.,0.));
#4935=DIRECTION('ref_axis',(-0.887010833178221,1.08627497766073E-16,-0.461748613235036));
#4936=DIRECTION('center_axis',(1.22464679914735E-16,1.,0.));
#4937=DIRECTION('ref_axis',(-1.,1.22464679914735E-16,0.));
#4938=DIRECTION('center_axis',(-1.22464679914735E-16,-1.,0.));
#4939=DIRECTION('ref_axis',(0.749107521995811,-9.1724232721899E-17,0.662448428550703));
#4940=DIRECTION('',(0.,0.,-1.));
#4941=DIRECTION('center_axis',(1.22464679914735E-16,1.,0.));
#4942=DIRECTION('ref_axis',(-0.957346202890884,1.17241096304619E-16,-0.288943329755864));
#4943=DIRECTION('center_axis',(1.22464679914735E-16,1.,0.));
#4944=DIRECTION('ref_axis',(0.78086880944303,-9.56288488038412E-17,-0.624695047554424));
#4945=DIRECTION('center_axis',(1.22464679914735E-16,1.,0.));
#4946=DIRECTION('ref_axis',(-0.981356166999665,1.20181468873966E-16,-0.192198005951479));
#4947=DIRECTION('',(0.866025403784439,-1.06057523872491E-16,-0.5));
#4948=DIRECTION('',(-0.866025403784442,1.06057523872491E-16,-0.499999999999994));
#4949=DIRECTION('center_axis',(1.22464679914735E-16,1.,0.));
#4950=DIRECTION('ref_axis',(-1.,1.22464679914735E-16,0.));
#4951=DIRECTION('',(0.866025403784439,-1.06057523872491E-16,-0.5));
#4952=DIRECTION('',(-0.866025403784442,1.06057523872491E-16,-0.499999999999994));
#4953=DIRECTION('center_axis',(1.22464679914735E-16,1.,0.));
#4954=DIRECTION('ref_axis',(-1.,1.22464679914735E-16,0.));
#4955=DIRECTION('',(0.866025403784439,-1.06057523872491E-16,-0.5));
#4956=DIRECTION('',(-0.866025403784442,1.06057523872491E-16,-0.499999999999994));
#4957=DIRECTION('center_axis',(1.22464679914735E-16,1.,0.));
#4958=DIRECTION('ref_axis',(-1.,1.22464679914735E-16,0.));
#4959=DIRECTION('',(0.866025403784439,-1.06057523872491E-16,-0.5));
#4960=DIRECTION('',(-0.866025403784442,1.06057523872491E-16,-0.499999999999994));
#4961=DIRECTION('center_axis',(1.22464679914735E-16,1.,0.));
#4962=DIRECTION('ref_axis',(-1.,1.22464679914735E-16,0.));
#4963=DIRECTION('',(0.866025403784439,-1.06057523872491E-16,-0.5));
#4964=DIRECTION('',(-0.866025403784442,1.06057523872491E-16,-0.499999999999994));
#4965=DIRECTION('center_axis',(1.22464679914735E-16,1.,0.));
#4966=DIRECTION('ref_axis',(-1.,1.22464679914735E-16,1.11022302462516E-14));
#4967=DIRECTION('',(0.866025403784439,-1.06057523872491E-16,-0.5));
#4968=DIRECTION('',(-0.866025403784442,1.06057523872491E-16,-0.499999999999994));
#4969=DIRECTION('center_axis',(1.22464679914735E-16,1.,0.));
#4970=DIRECTION('ref_axis',(-1.,1.22464679914735E-16,0.));
#4971=DIRECTION('',(0.866025403784439,-1.06057523872491E-16,-0.5));
#4972=DIRECTION('',(-0.866025403784442,1.06057523872491E-16,-0.499999999999994));
#4973=DIRECTION('center_axis',(1.22464679914735E-16,1.,0.));
#4974=DIRECTION('ref_axis',(-1.,1.22464679914735E-16,1.11022302462516E-14));
#4975=DIRECTION('',(0.866025403784439,-1.06057523872491E-16,-0.5));
#4976=DIRECTION('',(-0.866025403784442,1.06057523872491E-16,-0.499999999999994));
#4977=DIRECTION('center_axis',(1.22464679914735E-16,1.,0.));
#4978=DIRECTION('ref_axis',(-1.,1.22464679914735E-16,5.55111512312581E-15));
#4979=DIRECTION('',(0.866025403784439,-1.06057523872491E-16,-0.5));
#4980=DIRECTION('',(-0.866025403784442,1.06057523872491E-16,-0.499999999999994));
#4981=DIRECTION('center_axis',(1.22464679914735E-16,1.,0.));
#4982=DIRECTION('ref_axis',(-1.,1.22464679914735E-16,5.55111512312581E-15));
#4983=DIRECTION('',(0.866025403784439,-1.06057523872491E-16,-0.5));
#4984=DIRECTION('',(-0.866025403784442,1.06057523872491E-16,-0.499999999999994));
#4985=DIRECTION('center_axis',(1.22464679914735E-16,1.,0.));
#4986=DIRECTION('ref_axis',(-1.,1.22464679914735E-16,2.77555756156291E-15));
#4987=DIRECTION('',(0.866025403784439,-1.06057523872491E-16,-0.5));
#4988=DIRECTION('',(-0.866025403784442,1.06057523872491E-16,-0.499999999999994));
#4989=DIRECTION('center_axis',(1.22464679914735E-16,1.,0.));
#4990=DIRECTION('ref_axis',(-0.96592582628907,1.18291797137867E-16,-0.258819045102515));
#4991=DIRECTION('',(1.,-1.22464679914735E-16,-4.74123200561079E-15));
#4992=DIRECTION('center_axis',(1.22464679914735E-16,1.,0.));
#4993=DIRECTION('ref_axis',(0.573576436351044,-7.02455325007305E-17,-0.819152044288993));
#4994=DIRECTION('',(-0.342020143325669,4.18853873767699E-17,-0.939692620785908));
#4995=DIRECTION('center_axis',(1.22464679914735E-16,1.,0.));
#4996=DIRECTION('ref_axis',(0.984807753012208,-1.2060416625019E-16,-0.173648177666931));
#4997=DIRECTION('',(-2.3373116307898E-16,2.86238120725661E-32,-1.));
#4998=DIRECTION('center_axis',(1.22464679914735E-16,1.,0.));
#4999=DIRECTION('ref_axis',(0.590423977855503,-7.23060834620589E-17,0.807093257544185));
#5000=DIRECTION('center_axis',(-1.22464679914735E-16,-1.,0.));
#5001=DIRECTION('ref_axis',(-0.994465815705011,1.21786040286524E-16,-0.105060655785921));
#5002=DIRECTION('center_axis',(-1.22464679914735E-16,-1.,0.));
#5003=DIRECTION('ref_axis',(-1.,1.22464679914735E-16,0.));
#5004=DIRECTION('center_axis',(-1.22464679914735E-16,-1.,0.));
#5005=DIRECTION('ref_axis',(-1.,1.22464679914735E-16,0.));
#5006=DIRECTION('center_axis',(-1.22464679914735E-16,-1.,0.));
#5007=DIRECTION('ref_axis',(-1.,1.22464679914735E-16,0.));
#5008=DIRECTION('center_axis',(-1.22464679914735E-16,-1.,0.));
#5009=DIRECTION('ref_axis',(-1.,1.22464679914735E-16,0.));
#5010=DIRECTION('center_axis',(-1.22464679914735E-16,-1.,0.));
#5011=DIRECTION('ref_axis',(0.,0.,-1.));
#5012=DIRECTION('center_axis',(-1.,1.22464679914735E-16,0.));
#5013=DIRECTION('ref_axis',(0.,0.,1.));
#5014=DIRECTION('center_axis',(1.22464679914735E-16,1.,0.));
#5015=DIRECTION('ref_axis',(0.,0.,1.));
#5016=DIRECTION('center_axis',(-1.,1.22464679914735E-16,0.));
#5017=DIRECTION('ref_axis',(0.,0.,-1.));
#5018=DIRECTION('center_axis',(1.22464679914735E-16,1.,0.));
#5019=DIRECTION('ref_axis',(-1.,1.48029736616688E-16,0.));
#5020=DIRECTION('center_axis',(1.22464679914735E-16,1.,0.));
#5021=DIRECTION('ref_axis',(-1.,1.48029736616688E-16,0.));
#5022=DIRECTION('center_axis',(0.,-1.,0.));
#5023=DIRECTION('ref_axis',(-1.,0.,0.));
#5024=DIRECTION('center_axis',(-1.22464679914735E-16,-1.,0.));
#5025=DIRECTION('ref_axis',(-1.,1.48029736616688E-16,0.));
#5026=DIRECTION('',(0.,-1.,0.));
#5027=DIRECTION('center_axis',(-1.22464679914735E-16,-1.,0.));
#5028=DIRECTION('ref_axis',(-1.,1.48029736616688E-16,0.));
#5029=DIRECTION('center_axis',(-1.22464679914735E-16,-1.,0.));
#5030=DIRECTION('ref_axis',(0.,0.,-1.));
#5031=DIRECTION('center_axis',(-1.,1.22464679914735E-16,0.));
#5032=DIRECTION('ref_axis',(0.,0.,1.));
#5033=DIRECTION('center_axis',(0.,-1.,0.));
#5034=DIRECTION('ref_axis',(-1.,0.,0.));
#5035=DIRECTION('',(0.,-1.,0.));
#5036=DIRECTION('center_axis',(0.,-1.,0.));
#5037=DIRECTION('ref_axis',(-1.,0.,0.));
#5038=DIRECTION('',(0.,-1.,0.));
#5039=DIRECTION('center_axis',(1.22464679914735E-16,1.,0.));
#5040=DIRECTION('ref_axis',(0.,0.,1.));
#5041=DIRECTION('center_axis',(-1.,1.22464679914735E-16,0.));
#5042=DIRECTION('ref_axis',(0.,0.,-1.));
#5043=DIRECTION('center_axis',(1.22464679914735E-16,1.,0.));
#5044=DIRECTION('ref_axis',(-1.,1.48029736616688E-16,0.));
#5045=DIRECTION('center_axis',(1.22464679914735E-16,1.,0.));
#5046=DIRECTION('ref_axis',(-1.,1.48029736616688E-16,0.));
#5047=DIRECTION('center_axis',(0.,-1.,0.));
#5048=DIRECTION('ref_axis',(-1.,0.,0.));
#5049=DIRECTION('center_axis',(-1.22464679914735E-16,-1.,0.));
#5050=DIRECTION('ref_axis',(-1.,1.48029736616688E-16,0.));
#5051=DIRECTION('',(0.,-1.,0.));
#5052=DIRECTION('center_axis',(-1.22464679914735E-16,-1.,0.));
#5053=DIRECTION('ref_axis',(-1.,1.48029736616688E-16,0.));
#5054=DIRECTION('center_axis',(-1.22464679914735E-16,-1.,0.));
#5055=DIRECTION('ref_axis',(0.,0.,-1.));
#5056=DIRECTION('center_axis',(-1.,1.22464679914735E-16,0.));
#5057=DIRECTION('ref_axis',(0.,0.,1.));
#5058=DIRECTION('center_axis',(1.22464679914735E-16,1.,0.));
#5059=DIRECTION('ref_axis',(0.,0.,1.));
#5060=DIRECTION('center_axis',(-1.,1.22464679914735E-16,0.));
#5061=DIRECTION('ref_axis',(0.,0.,-1.));
#5062=DIRECTION('center_axis',(1.22464679914735E-16,1.,0.));
#5063=DIRECTION('ref_axis',(-1.,1.48029736616688E-16,0.));
#5064=DIRECTION('center_axis',(1.22464679914735E-16,1.,0.));
#5065=DIRECTION('ref_axis',(-1.,1.48029736616688E-16,0.));
#5066=DIRECTION('center_axis',(0.,-1.,0.));
#5067=DIRECTION('ref_axis',(-1.,0.,0.));
#5068=DIRECTION('center_axis',(-1.22464679914735E-16,-1.,0.));
#5069=DIRECTION('ref_axis',(-1.,1.48029736616688E-16,0.));
#5070=DIRECTION('',(0.,-1.,0.));
#5071=DIRECTION('center_axis',(-1.22464679914735E-16,-1.,0.));
#5072=DIRECTION('ref_axis',(-1.,1.48029736616688E-16,0.));
#5073=DIRECTION('center_axis',(-1.22464679914735E-16,-1.,0.));
#5074=DIRECTION('ref_axis',(0.,0.,-1.));
#5075=DIRECTION('center_axis',(-1.,1.22464679914735E-16,0.));
#5076=DIRECTION('ref_axis',(0.,0.,1.));
#5077=DIRECTION('center_axis',(1.22464679914735E-16,1.,0.));
#5078=DIRECTION('ref_axis',(0.,0.,1.));
#5079=DIRECTION('center_axis',(-1.,1.22464679914735E-16,0.));
#5080=DIRECTION('ref_axis',(0.,0.,-1.));
#5081=DIRECTION('center_axis',(1.22464679914735E-16,1.,0.));
#5082=DIRECTION('ref_axis',(-1.,1.48029736616688E-16,0.));
#5083=DIRECTION('center_axis',(1.22464679914735E-16,1.,0.));
#5084=DIRECTION('ref_axis',(-1.,1.48029736616688E-16,0.));
#5085=DIRECTION('center_axis',(0.,-1.,0.));
#5086=DIRECTION('ref_axis',(-1.,0.,0.));
#5087=DIRECTION('center_axis',(-1.22464679914735E-16,-1.,0.));
#5088=DIRECTION('ref_axis',(-1.,1.48029736616688E-16,0.));
#5089=DIRECTION('',(0.,-1.,0.));
#5090=DIRECTION('center_axis',(-1.22464679914735E-16,-1.,0.));
#5091=DIRECTION('ref_axis',(-1.,1.48029736616688E-16,0.));
#5092=DIRECTION('center_axis',(-1.22464679914735E-16,-1.,0.));
#5093=DIRECTION('ref_axis',(0.,0.,-1.));
#5094=DIRECTION('center_axis',(-1.,1.22464679914735E-16,0.));
#5095=DIRECTION('ref_axis',(0.,0.,1.));
#5096=DIRECTION('center_axis',(1.22464679914735E-16,1.,0.));
#5097=DIRECTION('ref_axis',(0.,0.,1.));
#5098=DIRECTION('center_axis',(0.992839613655495,0.,0.119455018967002));
#5099=DIRECTION('ref_axis',(0.,-1.,0.));
#5100=DIRECTION('center_axis',(-1.22464679914735E-16,-1.,0.));
#5101=DIRECTION('ref_axis',(-0.756092207943072,9.54097911787242E-17,0.654465104560794));
#5102=DIRECTION('center_axis',(-1.22464679914735E-16,-1.,0.));
#5103=DIRECTION('ref_axis',(0.,0.,-1.));
#5104=DIRECTION('center_axis',(0.647780391502289,0.,0.761827122374323));
#5105=DIRECTION('ref_axis',(0.,-1.,0.));
#5106=DIRECTION('center_axis',(1.22464679914735E-16,1.,0.));
#5107=DIRECTION('ref_axis',(0.473213503463328,-5.76281019138058E-17,-0.880947773786825));
#5108=DIRECTION('center_axis',(-1.22464679914735E-16,-1.,0.));
#5109=DIRECTION('ref_axis',(0.345089030270208,0.,0.938569955404054));
#5110=DIRECTION('center_axis',(-1.22464679914735E-16,-1.,0.));
#5111=DIRECTION('ref_axis',(0.345089030270209,-4.33680868994201E-17,0.938569955404053));
#5112=DIRECTION('center_axis',(-1.22464679914735E-16,-1.,0.));
#5113=DIRECTION('ref_axis',(0.749107521995811,-9.1724232721899E-17,0.662448428550703));
#5114=DIRECTION('',(-1.22464679914735E-16,-1.,0.));
#5115=DIRECTION('',(1.22464679914735E-16,1.,0.));
#5116=DIRECTION('center_axis',(-1.,1.22464679914735E-16,0.));
#5117=DIRECTION('ref_axis',(0.,0.,-1.));
#5118=DIRECTION('',(-1.22464679914735E-16,-1.,0.));
#5119=DIRECTION('center_axis',(-1.22464679914735E-16,-1.,0.));
#5120=DIRECTION('ref_axis',(-0.994465815705011,1.21786040286524E-16,-0.105060655785921));
#5121=DIRECTION('',(1.22464679914735E-16,1.,0.));
#5122=DIRECTION('center_axis',(-1.22464679914735E-16,-1.,0.));
#5123=DIRECTION('ref_axis',(-1.,1.22464679914735E-16,0.));
#5124=DIRECTION('center_axis',(1.22464679914735E-16,1.,0.));
#5125=DIRECTION('ref_axis',(0.590423977855503,-7.23060834620589E-17,0.807093257544185));
#5126=DIRECTION('',(1.22464679914735E-16,1.,0.));
#5127=DIRECTION('center_axis',(-1.22464679914735E-16,-1.,0.));
#5128=DIRECTION('ref_axis',(-0.887010833178221,1.08627497766073E-16,-0.461748613235036));
#5129=DIRECTION('',(1.22464679914735E-16,1.,0.));
#5130=DIRECTION('',(4.84946668836794E-16,1.,-3.7685395981319E-16));
#5131=DIRECTION('center_axis',(-1.22464679914735E-16,-1.,-9.32019173961936E-47));
#5132=DIRECTION('ref_axis',(0.573576436351044,-7.02455325007305E-17,-0.819152044288993));
#5133=DIRECTION('',(1.22464679914735E-16,1.,1.75162308040602E-46));
#5134=DIRECTION('center_axis',(-1.22464679914735E-16,-1.,0.));
#5135=DIRECTION('ref_axis',(0.573576436351044,-7.02455325007305E-17,-0.819152044288993));
#5136=DIRECTION('',(-1.22464679914735E-16,-1.,8.43144749586577E-33));
#5137=DIRECTION('center_axis',(0.939692620785908,-1.15079156022785E-16,
-0.342020143325669));
#5138=DIRECTION('ref_axis',(0.342020143325669,-4.18853873767699E-17,0.939692620785908));
#5139=DIRECTION('',(-0.342020143325669,4.18853873767699E-17,-0.939692620785908));
#5140=DIRECTION('',(1.22464679914735E-16,1.,0.));
#5141=DIRECTION('center_axis',(-1.22464679914735E-16,-1.,0.));
#5142=DIRECTION('ref_axis',(-1.,1.22464679914735E-16,0.));
#5143=DIRECTION('',(1.,-1.22464679914735E-16,-4.74123200561079E-15));
#5144=DIRECTION('center_axis',(-1.22464679914735E-16,-1.,0.));
#5145=DIRECTION('ref_axis',(-0.96592582628907,1.18291797137867E-16,-0.258819045102515));
#5146=DIRECTION('',(0.866025403784442,-1.06057523872491E-16,0.499999999999994));
#5147=DIRECTION('',(-0.866025403784439,1.06057523872491E-16,0.5));
#5148=DIRECTION('center_axis',(-1.22464679914735E-16,-1.,0.));
#5149=DIRECTION('ref_axis',(-1.,1.22464679914735E-16,2.77555756156291E-15));
#5150=DIRECTION('',(0.866025403784442,-1.06057523872491E-16,0.499999999999994));
#5151=DIRECTION('',(-0.866025403784439,1.06057523872491E-16,0.5));
#5152=DIRECTION('center_axis',(-1.22464679914735E-16,-1.,0.));
#5153=DIRECTION('ref_axis',(-1.,1.22464679914735E-16,5.55111512312581E-15));
#5154=DIRECTION('',(0.866025403784442,-1.06057523872491E-16,0.499999999999994));
#5155=DIRECTION('',(-0.866025403784439,1.06057523872491E-16,0.5));
#5156=DIRECTION('center_axis',(-1.22464679914735E-16,-1.,0.));
#5157=DIRECTION('ref_axis',(-1.,1.22464679914735E-16,5.55111512312581E-15));
#5158=DIRECTION('',(0.866025403784442,-1.06057523872491E-16,0.499999999999994));
#5159=DIRECTION('',(-0.866025403784439,1.06057523872491E-16,0.5));
#5160=DIRECTION('center_axis',(-1.22464679914735E-16,-1.,0.));
#5161=DIRECTION('ref_axis',(-1.,1.22464679914735E-16,1.11022302462516E-14));
#5162=DIRECTION('',(0.866025403784442,-1.06057523872491E-16,0.499999999999994));
#5163=DIRECTION('',(-0.866025403784439,1.06057523872491E-16,0.5));
#5164=DIRECTION('center_axis',(-1.22464679914735E-16,-1.,0.));
#5165=DIRECTION('ref_axis',(-1.,1.22464679914735E-16,0.));
#5166=DIRECTION('',(0.866025403784442,-1.06057523872491E-16,0.499999999999994));
#5167=DIRECTION('',(-0.866025403784439,1.06057523872491E-16,0.5));
#5168=DIRECTION('center_axis',(-1.22464679914735E-16,-1.,0.));
#5169=DIRECTION('ref_axis',(-1.,1.22464679914735E-16,1.11022302462516E-14));
#5170=DIRECTION('',(0.866025403784442,-1.06057523872491E-16,0.499999999999994));
#5171=DIRECTION('',(-0.866025403784439,1.06057523872491E-16,0.5));
#5172=DIRECTION('center_axis',(-1.22464679914735E-16,-1.,0.));
#5173=DIRECTION('ref_axis',(-1.,1.22464679914735E-16,0.));
#5174=DIRECTION('',(0.866025403784442,-1.06057523872491E-16,0.499999999999994));
#5175=DIRECTION('',(-0.866025403784439,1.06057523872491E-16,0.5));
#5176=DIRECTION('center_axis',(-1.22464679914735E-16,-1.,0.));
#5177=DIRECTION('ref_axis',(-1.,1.22464679914735E-16,0.));
#5178=DIRECTION('',(0.866025403784442,-1.06057523872491E-16,0.499999999999994));
#5179=DIRECTION('',(-0.866025403784439,1.06057523872491E-16,0.5));
#5180=DIRECTION('center_axis',(-1.22464679914735E-16,-1.,0.));
#5181=DIRECTION('ref_axis',(-1.,1.22464679914735E-16,0.));
#5182=DIRECTION('',(0.866025403784442,-1.06057523872491E-16,0.499999999999994));
#5183=DIRECTION('',(-0.866025403784439,1.06057523872491E-16,0.5));
#5184=DIRECTION('center_axis',(-1.22464679914735E-16,-1.,0.));
#5185=DIRECTION('ref_axis',(-1.,1.22464679914735E-16,0.));
#5186=DIRECTION('',(0.866025403784442,-1.06057523872491E-16,0.499999999999994));
#5187=DIRECTION('',(-0.866025403784439,1.06057523872491E-16,0.5));
#5188=DIRECTION('center_axis',(-1.22464679914735E-16,-1.,0.));
#5189=DIRECTION('ref_axis',(-0.981356166999665,1.20181468873966E-16,-0.192198005951479));
#5190=DIRECTION('center_axis',(-1.22464679914735E-16,-1.,0.));
#5191=DIRECTION('ref_axis',(0.78086880944303,-9.56288488038412E-17,-0.624695047554424));
#5192=DIRECTION('center_axis',(-1.22464679914735E-16,-1.,0.));
#5193=DIRECTION('ref_axis',(-0.957346202890884,1.17241096304619E-16,-0.288943329755864));
#5194=DIRECTION('center_axis',(-1.22464679914735E-16,-1.,0.));
#5195=DIRECTION('ref_axis',(0.119455018967001,0.,-0.992839613655496));
#5196=DIRECTION('center_axis',(1.22464679914735E-16,1.,0.));
#5197=DIRECTION('ref_axis',(-1.,1.22464679914735E-16,0.));
#5198=DIRECTION('center_axis',(-1.22464679914735E-16,-1.,0.));
#5199=DIRECTION('ref_axis',(-1.,0.,0.));
#5200=DIRECTION('',(-2.3373116307898E-16,2.86238120725661E-32,-1.));
#5201=DIRECTION('center_axis',(1.22464679914735E-16,1.,0.));
#5202=DIRECTION('ref_axis',(0.984807753012208,-1.2060416625019E-16,-0.173648177666931));
#5203=DIRECTION('center_axis',(0.,-1.,0.));
#5204=DIRECTION('ref_axis',(-1.,0.,0.));
#5205=DIRECTION('',(0.,1.,0.));
#5206=DIRECTION('',(0.,-1.,0.));
#5207=DIRECTION('center_axis',(1.,-1.22464679914735E-16,-2.3373116307898E-16));
#5208=DIRECTION('ref_axis',(2.3373116307898E-16,-2.86238120725661E-32,1.));
#5209=DIRECTION('',(-1.22464679914735E-16,-1.,0.));
#5210=DIRECTION('center_axis',(-4.74123200561079E-15,5.80633459968624E-31,
-1.));
#5211=DIRECTION('ref_axis',(1.,-1.22464679914735E-16,-4.74123200561079E-15));
#5212=DIRECTION('',(-1.22464679914735E-16,-1.,0.));
#5213=DIRECTION('center_axis',(1.22464679914735E-16,1.,0.));
#5214=DIRECTION('ref_axis',(-1.,1.22464679914735E-16,0.));
#5215=DIRECTION('',(5.53666728908914E-16,1.,6.66152606055873E-17));
#5216=DIRECTION('center_axis',(-5.53666728908914E-16,-1.,-6.66152606055873E-17));
#5217=DIRECTION('ref_axis',(0.119455018967001,0.,-0.992839613655496));
#5218=DIRECTION('',(-5.53666728908914E-16,-1.,-6.66152606055873E-17));
#5219=DIRECTION('center_axis',(-4.84946668836794E-16,-1.,3.7685395981319E-16));
#5220=DIRECTION('ref_axis',(0.720714457127713,-8.8260833103898E-17,0.69323204721587));
#5221=DIRECTION('',(-4.84946668836794E-16,-1.,3.7685395981319E-16));
#5222=DIRECTION('center_axis',(1.22464679914735E-16,1.,0.));
#5223=DIRECTION('ref_axis',(-1.,1.22464679914735E-16,0.));
#5224=DIRECTION('center_axis',(0.,1.,0.));
#5225=DIRECTION('ref_axis',(0.,0.,1.));
#5226=DIRECTION('center_axis',(0.,-1.,0.));
#5227=DIRECTION('ref_axis',(0.,0.,1.));
#5228=DIRECTION('',(0.,-1.,0.));
#5229=DIRECTION('center_axis',(0.,1.,0.));
#5230=DIRECTION('ref_axis',(0.,0.,1.));
#5231=DIRECTION('center_axis',(0.,1.,0.));
#5232=DIRECTION('ref_axis',(0.,0.,1.));
#5233=DIRECTION('',(1.06329118488436E-16,-0.496138938356834,0.868243142124459));
#5234=DIRECTION('center_axis',(0.,1.,0.));
#5235=DIRECTION('ref_axis',(0.,0.,1.));
#5236=DIRECTION('center_axis',(0.,-1.,0.));
#5237=DIRECTION('ref_axis',(0.,0.,1.));
#5238=DIRECTION('',(0.,-1.,0.));
#5239=DIRECTION('center_axis',(0.,1.,0.));
#5240=DIRECTION('ref_axis',(0.,0.,1.));
#5241=DIRECTION('center_axis',(-1.,1.22464679914735E-16,8.88178419700125E-16));
#5242=DIRECTION('ref_axis',(-8.88178419700125E-16,1.08770485875751E-31,
-1.));
#5243=DIRECTION('',(-1.22464679914735E-16,-1.,0.));
#5244=DIRECTION('center_axis',(-1.22464679914735E-16,-1.,0.));
#5245=DIRECTION('ref_axis',(0.984807753012208,-1.2060416625019E-16,-0.173648177666931));
#5246=DIRECTION('center_axis',(-1.22464679914735E-16,-1.,0.));
#5247=DIRECTION('ref_axis',(-0.957346202890884,1.17241096304619E-16,-0.288943329755864));
#5248=DIRECTION('',(-1.22464679914735E-16,-1.,0.));
#5249=DIRECTION('center_axis',(-1.22464679914735E-16,-1.,0.));
#5250=DIRECTION('ref_axis',(0.78086880944303,-9.56288488038412E-17,-0.624695047554424));
#5251=DIRECTION('',(1.22464679914735E-16,1.,0.));
#5252=DIRECTION('center_axis',(-1.22464679914735E-16,-1.,0.));
#5253=DIRECTION('ref_axis',(-0.96592582628907,1.18291797137867E-16,-0.258819045102515));
#5254=DIRECTION('',(1.22464679914735E-16,1.,0.));
#5255=DIRECTION('center_axis',(-1.22464679914735E-16,-1.,0.));
#5256=DIRECTION('ref_axis',(-1.,1.22464679914735E-16,2.77555756156291E-15));
#5257=DIRECTION('',(1.22464679914735E-16,1.,0.));
#5258=DIRECTION('',(-1.22464679914735E-16,-1.,0.));
#5259=DIRECTION('center_axis',(-0.5,6.12323399573676E-17,-0.866025403784439));
#5260=DIRECTION('ref_axis',(0.866025403784439,-1.06057523872491E-16,-0.5));
#5261=DIRECTION('',(-1.22464679914735E-16,-1.,0.));
#5262=DIRECTION('center_axis',(-1.22464679914735E-16,-1.,0.));
#5263=DIRECTION('ref_axis',(-1.,1.22464679914735E-16,5.55111512312581E-15));
#5264=DIRECTION('',(1.22464679914735E-16,1.,0.));
#5265=DIRECTION('',(-1.22464679914735E-16,-1.,0.));
#5266=DIRECTION('center_axis',(-0.5,6.12323399573676E-17,-0.866025403784439));
#5267=DIRECTION('ref_axis',(0.866025403784439,-1.06057523872491E-16,-0.5));
#5268=DIRECTION('',(-1.22464679914735E-16,-1.,0.));
#5269=DIRECTION('center_axis',(-1.22464679914735E-16,-1.,0.));
#5270=DIRECTION('ref_axis',(-1.,1.22464679914735E-16,5.55111512312581E-15));
#5271=DIRECTION('',(1.22464679914735E-16,1.,0.));
#5272=DIRECTION('',(-1.22464679914735E-16,-1.,0.));
#5273=DIRECTION('center_axis',(-0.5,6.12323399573676E-17,-0.866025403784439));
#5274=DIRECTION('ref_axis',(0.866025403784439,-1.06057523872491E-16,-0.5));
#5275=DIRECTION('',(-1.22464679914735E-16,-1.,0.));
#5276=DIRECTION('center_axis',(-1.22464679914735E-16,-1.,0.));
#5277=DIRECTION('ref_axis',(-1.,1.22464679914735E-16,1.11022302462516E-14));
#5278=DIRECTION('',(1.22464679914735E-16,1.,0.));
#5279=DIRECTION('',(-1.22464679914735E-16,-1.,0.));
#5280=DIRECTION('center_axis',(-0.5,6.12323399573676E-17,-0.866025403784439));
#5281=DIRECTION('ref_axis',(0.866025403784439,-1.06057523872491E-16,-0.5));
#5282=DIRECTION('',(-1.22464679914735E-16,-1.,0.));
#5283=DIRECTION('center_axis',(-1.22464679914735E-16,-1.,0.));
#5284=DIRECTION('ref_axis',(-1.,1.22464679914735E-16,0.));
#5285=DIRECTION('',(1.22464679914735E-16,1.,0.));
#5286=DIRECTION('',(-1.22464679914735E-16,-1.,0.));
#5287=DIRECTION('center_axis',(-0.5,6.12323399573676E-17,-0.866025403784439));
#5288=DIRECTION('ref_axis',(0.866025403784439,-1.06057523872491E-16,-0.5));
#5289=DIRECTION('',(-1.22464679914735E-16,-1.,0.));
#5290=DIRECTION('center_axis',(-1.22464679914735E-16,-1.,0.));
#5291=DIRECTION('ref_axis',(-1.,1.22464679914735E-16,1.11022302462516E-14));
#5292=DIRECTION('',(1.22464679914735E-16,1.,0.));
#5293=DIRECTION('',(-1.22464679914735E-16,-1.,0.));
#5294=DIRECTION('center_axis',(-0.5,6.12323399573676E-17,-0.866025403784439));
#5295=DIRECTION('ref_axis',(0.866025403784439,-1.06057523872491E-16,-0.5));
#5296=DIRECTION('',(-1.22464679914735E-16,-1.,0.));
#5297=DIRECTION('center_axis',(-1.22464679914735E-16,-1.,0.));
#5298=DIRECTION('ref_axis',(-1.,1.22464679914735E-16,0.));
#5299=DIRECTION('',(1.22464679914735E-16,1.,0.));
#5300=DIRECTION('',(-1.22464679914735E-16,-1.,0.));
#5301=DIRECTION('center_axis',(-0.5,6.12323399573676E-17,-0.866025403784439));
#5302=DIRECTION('ref_axis',(0.866025403784439,-1.06057523872491E-16,-0.5));
#5303=DIRECTION('',(-1.22464679914735E-16,-1.,0.));
#5304=DIRECTION('center_axis',(-1.22464679914735E-16,-1.,0.));
#5305=DIRECTION('ref_axis',(-1.,1.22464679914735E-16,0.));
#5306=DIRECTION('',(1.22464679914735E-16,1.,0.));
#5307=DIRECTION('',(-1.22464679914735E-16,-1.,0.));
#5308=DIRECTION('center_axis',(-0.5,6.12323399573676E-17,-0.866025403784439));
#5309=DIRECTION('ref_axis',(0.866025403784439,-1.06057523872491E-16,-0.5));
#5310=DIRECTION('',(-1.22464679914735E-16,-1.,0.));
#5311=DIRECTION('center_axis',(-1.22464679914735E-16,-1.,0.));
#5312=DIRECTION('ref_axis',(-1.,1.22464679914735E-16,0.));
#5313=DIRECTION('',(1.22464679914735E-16,1.,0.));
#5314=DIRECTION('',(-1.22464679914735E-16,-1.,0.));
#5315=DIRECTION('center_axis',(-0.5,6.12323399573676E-17,-0.866025403784439));
#5316=DIRECTION('ref_axis',(0.866025403784439,-1.06057523872491E-16,-0.5));
#5317=DIRECTION('',(-1.22464679914735E-16,-1.,0.));
#5318=DIRECTION('center_axis',(-1.22464679914735E-16,-1.,0.));
#5319=DIRECTION('ref_axis',(-1.,1.22464679914735E-16,0.));
#5320=DIRECTION('',(1.22464679914735E-16,1.,0.));
#5321=DIRECTION('',(-1.22464679914735E-16,-1.,0.));
#5322=DIRECTION('center_axis',(-0.5,6.12323399573676E-17,-0.866025403784439));
#5323=DIRECTION('ref_axis',(0.866025403784439,-1.06057523872491E-16,-0.5));
#5324=DIRECTION('',(-1.22464679914735E-16,-1.,0.));
#5325=DIRECTION('center_axis',(-1.22464679914735E-16,-1.,0.));
#5326=DIRECTION('ref_axis',(-0.981356166999665,1.20181468873966E-16,-0.192198005951479));
#5327=DIRECTION('',(-1.22464679914735E-16,-1.,0.));
#5328=DIRECTION('center_axis',(-0.5,6.12323399573676E-17,-0.866025403784439));
#5329=DIRECTION('ref_axis',(0.866025403784439,-1.06057523872491E-16,-0.5));
#5330=DIRECTION('',(-1.22464679914735E-16,-1.,0.));
#5331=DIRECTION('center_axis',(-0.499999999999994,6.12323399573669E-17,
0.866025403784442));
#5332=DIRECTION('ref_axis',(-0.866025403784442,1.06057523872491E-16,-0.499999999999994));
#5333=DIRECTION('center_axis',(-0.499999999999994,6.12323399573669E-17,
0.866025403784442));
#5334=DIRECTION('ref_axis',(-0.866025403784442,1.06057523872491E-16,-0.499999999999994));
#5335=DIRECTION('center_axis',(-0.499999999999994,6.12323399573669E-17,
0.866025403784442));
#5336=DIRECTION('ref_axis',(-0.866025403784442,1.06057523872491E-16,-0.499999999999994));
#5337=DIRECTION('center_axis',(-0.499999999999994,6.12323399573669E-17,
0.866025403784442));
#5338=DIRECTION('ref_axis',(-0.866025403784442,1.06057523872491E-16,-0.499999999999994));
#5339=DIRECTION('center_axis',(-0.499999999999994,6.12323399573669E-17,
0.866025403784442));
#5340=DIRECTION('ref_axis',(-0.866025403784442,1.06057523872491E-16,-0.499999999999994));
#5341=DIRECTION('center_axis',(-0.499999999999994,6.12323399573669E-17,
0.866025403784442));
#5342=DIRECTION('ref_axis',(-0.866025403784442,1.06057523872491E-16,-0.499999999999994));
#5343=DIRECTION('center_axis',(-0.499999999999994,6.12323399573669E-17,
0.866025403784442));
#5344=DIRECTION('ref_axis',(-0.866025403784442,1.06057523872491E-16,-0.499999999999994));
#5345=DIRECTION('center_axis',(-0.499999999999994,6.12323399573669E-17,
0.866025403784442));
#5346=DIRECTION('ref_axis',(-0.866025403784442,1.06057523872491E-16,-0.499999999999994));
#5347=DIRECTION('center_axis',(-0.499999999999994,6.12323399573669E-17,
0.866025403784442));
#5348=DIRECTION('ref_axis',(-0.866025403784442,1.06057523872491E-16,-0.499999999999994));
#5349=DIRECTION('center_axis',(-0.499999999999994,6.12323399573669E-17,
0.866025403784442));
#5350=DIRECTION('ref_axis',(-0.866025403784442,1.06057523872491E-16,-0.499999999999994));
#5351=DIRECTION('center_axis',(-0.499999999999994,6.12323399573669E-17,
0.866025403784442));
#5352=DIRECTION('ref_axis',(-0.866025403784442,1.06057523872491E-16,-0.499999999999994));
#5353=DIRECTION('',(-4.9960036108132E-16,0.,1.));
#5354=DIRECTION('',(1.,0.,4.9960036108132E-16));
#5355=DIRECTION('',(-4.9960036108132E-16,0.,1.));
#5356=DIRECTION('',(1.,0.,4.9960036108132E-16));
#5357=CARTESIAN_POINT('',(0.,0.,0.));
#5358=CARTESIAN_POINT('',(0.,0.,0.));
#5359=CARTESIAN_POINT('Ctrl Pts',(30.1111362060347,-5.55111512312578E-16,
177.662026390455));
#5360=CARTESIAN_POINT('Ctrl Pts',(30.1111362060347,4.,177.662026390455));
#5361=CARTESIAN_POINT('Ctrl Pts',(30.1111362060347,8.,177.662026390455));
#5362=CARTESIAN_POINT('Ctrl Pts',(30.1111362060347,12.,177.662026390455));
#5363=CARTESIAN_POINT('Ctrl Pts',(29.3352734372379,-5.55111512312578E-16,
178.541191426342));
#5364=CARTESIAN_POINT('Ctrl Pts',(29.3352734372379,4.,178.541191426342));
#5365=CARTESIAN_POINT('Ctrl Pts',(29.335273437238,8.,178.541191426342));
#5366=CARTESIAN_POINT('Ctrl Pts',(29.335273437238,12.,178.541191426342));
#5367=CARTESIAN_POINT('Ctrl Pts',(27.4185113089107,-5.55111512312578E-16,
179.575284386591));
#5368=CARTESIAN_POINT('Ctrl Pts',(27.4185113089107,4.00000000000001,179.575284386591));
#5369=CARTESIAN_POINT('Ctrl Pts',(27.4185113089108,8.00000000000001,179.575284386591));
#5370=CARTESIAN_POINT('Ctrl Pts',(27.4185113089108,12.,179.575284386591));
#5371=CARTESIAN_POINT('Ctrl Pts',(25.307153042768,-5.55111512312578E-16,
179.319514133024));
#5372=CARTESIAN_POINT('Ctrl Pts',(25.307153042768,4.,179.319514133024));
#5373=CARTESIAN_POINT('Ctrl Pts',(25.3071530427681,8.,179.319514133024));
#5374=CARTESIAN_POINT('Ctrl Pts',(25.3071530427681,12.,179.319514133024));
#5375=CARTESIAN_POINT('Ctrl Pts',(24.4915985710919,-5.55111512312578E-16,
178.990502143629));
#5376=CARTESIAN_POINT('Ctrl Pts',(24.4915985710919,4.,178.990502143629));
#5377=CARTESIAN_POINT('Ctrl Pts',(24.491598571092,8.00000000000001,178.990502143629));
#5378=CARTESIAN_POINT('Ctrl Pts',(24.491598571092,12.,178.990502143629));
#5379=CARTESIAN_POINT('',(30.1111362060347,12.,177.662026390455));
#5380=CARTESIAN_POINT('',(24.4915985710919,12.,178.99050214363));
#5381=CARTESIAN_POINT('Ctrl Pts',(30.1111362060347,12.,177.662026390455));
#5382=CARTESIAN_POINT('Ctrl Pts',(29.335273437238,12.,178.541191426342));
#5383=CARTESIAN_POINT('Ctrl Pts',(28.2399807924796,12.,179.132101689341));
#5384=CARTESIAN_POINT('Ctrl Pts',(27.0811465516998,12.,179.301832127421));
#5385=CARTESIAN_POINT('Ctrl Pts',(26.2120208711149,12.,179.429129955981));
#5386=CARTESIAN_POINT('Ctrl Pts',(25.3071530427681,12.,179.319514133024));
#5387=CARTESIAN_POINT('Ctrl Pts',(24.491598571092,12.,178.990502143629));
#5388=CARTESIAN_POINT('',(24.4915985710919,-4.16333634234434E-16,178.99050214363));
#5389=CARTESIAN_POINT('Ctrl Pts',(24.491598571092,12.,178.990502143629));
#5390=CARTESIAN_POINT('Ctrl Pts',(24.491598571092,8.00000000000001,178.990502143629));
#5391=CARTESIAN_POINT('Ctrl Pts',(24.4915985710919,4.,178.990502143629));
#5392=CARTESIAN_POINT('Ctrl Pts',(24.4915985710919,-5.55111512312578E-16,
178.990502143629));
#5393=CARTESIAN_POINT('',(30.1111362060347,-2.77555756156289E-16,177.662026390455));
#5394=CARTESIAN_POINT('Ctrl Pts',(24.4915985710919,4.16333634234434E-16,
178.990502143629));
#5395=CARTESIAN_POINT('Ctrl Pts',(25.307153042768,4.16333634234433E-16,
179.319514133024));
#5396=CARTESIAN_POINT('Ctrl Pts',(26.2120208711149,4.16333634234434E-16,
179.429129955981));
#5397=CARTESIAN_POINT('Ctrl Pts',(27.0811465516997,4.16333634234434E-16,
179.301832127421));
#5398=CARTESIAN_POINT('Ctrl Pts',(28.2399807924795,4.16333634234434E-16,
179.132101689341));
#5399=CARTESIAN_POINT('Ctrl Pts',(29.3352734372379,4.16333634234433E-16,
178.541191426342));
#5400=CARTESIAN_POINT('Ctrl Pts',(30.1111362060347,4.16333634234434E-16,
177.662026390455));
#5401=CARTESIAN_POINT('Ctrl Pts',(30.1111362060347,-5.55111512312578E-16,
177.662026390455));
#5402=CARTESIAN_POINT('Ctrl Pts',(30.1111362060347,4.,177.662026390455));
#5403=CARTESIAN_POINT('Ctrl Pts',(30.1111362060347,8.,177.662026390455));
#5404=CARTESIAN_POINT('Ctrl Pts',(30.1111362060347,12.,177.662026390455));
#5405=CARTESIAN_POINT('Ctrl Pts',(25.0038814727012,0.,179.979611683943));
#5406=CARTESIAN_POINT('Ctrl Pts',(25.0038814727012,12.,179.979611683943));
#5407=CARTESIAN_POINT('Ctrl Pts',(25.6765906694314,0.,179.969832767566));
#5408=CARTESIAN_POINT('Ctrl Pts',(25.6765906694314,12.,179.969832767566));
#5409=CARTESIAN_POINT('Ctrl Pts',(26.9577413146719,0.,179.81935939368));
#5410=CARTESIAN_POINT('Ctrl Pts',(26.9577413146719,12.,179.81935939368));
#5411=CARTESIAN_POINT('Ctrl Pts',(28.6866639071674,0.,179.20090020028));
#5412=CARTESIAN_POINT('Ctrl Pts',(28.6866639071674,12.,179.20090020028));
#5413=CARTESIAN_POINT('Ctrl Pts',(30.6047148997049,0.,177.58760535548));
#5414=CARTESIAN_POINT('Ctrl Pts',(30.6047148997049,12.,177.58760535548));
#5415=CARTESIAN_POINT('Ctrl Pts',(32.3523905713861,0.,174.266862699443));
#5416=CARTESIAN_POINT('Ctrl Pts',(32.3523905713861,12.,174.266862699443));
#5417=CARTESIAN_POINT('Ctrl Pts',(33.4527456605824,0.,169.706923389892));
#5418=CARTESIAN_POINT('Ctrl Pts',(33.4527456605824,12.,169.706923389892));
#5419=CARTESIAN_POINT('Ctrl Pts',(33.9236445007751,0.,164.063448817848));
#5420=CARTESIAN_POINT('Ctrl Pts',(33.9236445007751,12.,164.063448817848));
#5421=CARTESIAN_POINT('Ctrl Pts',(33.7974241442642,0.,157.552639524115));
#5422=CARTESIAN_POINT('Ctrl Pts',(33.7974241442642,12.,157.552639524115));
#5423=CARTESIAN_POINT('Ctrl Pts',(33.1209080851713,0.,150.424501192335));
#5424=CARTESIAN_POINT('Ctrl Pts',(33.1209080851713,12.,150.424501192335));
#5425=CARTESIAN_POINT('Ctrl Pts',(31.9561244463003,0.,142.936058559935));
#5426=CARTESIAN_POINT('Ctrl Pts',(31.9561244463003,12.,142.936058559935));
#5427=CARTESIAN_POINT('Ctrl Pts',(30.3813258190561,0.,135.326609967968));
#5428=CARTESIAN_POINT('Ctrl Pts',(30.3813258190561,12.,135.326609967968));
#5429=CARTESIAN_POINT('Ctrl Pts',(28.4934043783239,0.,127.790052248584));
#5430=CARTESIAN_POINT('Ctrl Pts',(28.4934043783239,12.,127.790052248584));
#5431=CARTESIAN_POINT('Ctrl Pts',(26.4084304546348,0.,120.455221772055));
#5432=CARTESIAN_POINT('Ctrl Pts',(26.4084304546348,12.,120.455221772055));
#5433=CARTESIAN_POINT('Ctrl Pts',(24.2522935519545,0.,113.401663405956));
#5434=CARTESIAN_POINT('Ctrl Pts',(24.2522935519545,12.,113.401663405956));
#5435=CARTESIAN_POINT('Ctrl Pts',(22.1530118833109,0.,106.669513575835));
#5436=CARTESIAN_POINT('Ctrl Pts',(22.1530118833109,12.,106.669513575835));
#5437=CARTESIAN_POINT('Ctrl Pts',(20.2327549194948,0.,100.270611027016));
#5438=CARTESIAN_POINT('Ctrl Pts',(20.2327549194948,12.,100.270611027016));
#5439=CARTESIAN_POINT('Ctrl Pts',(18.5995064225493,0.,94.1983697375454));
#5440=CARTESIAN_POINT('Ctrl Pts',(18.5995064225493,12.,94.1983697375454));
#5441=CARTESIAN_POINT('Ctrl Pts',(17.339461445602,0.,88.437034196987));
#5442=CARTESIAN_POINT('Ctrl Pts',(17.339461445602,12.,88.437034196987));
#5443=CARTESIAN_POINT('Ctrl Pts',(16.5060591521237,0.,82.9716879821223));
#5444=CARTESIAN_POINT('Ctrl Pts',(16.5060591521237,12.,82.9716879821223));
#5445=CARTESIAN_POINT('Ctrl Pts',(16.1252660999342,0.,77.790675714576));
#5446=CARTESIAN_POINT('Ctrl Pts',(16.1252660999342,12.,77.790675714576));
#5447=CARTESIAN_POINT('Ctrl Pts',(16.1895876836877,0.,73.8664634100455));
#5448=CARTESIAN_POINT('Ctrl Pts',(16.1895876836877,12.,73.8664634100455));
#5449=CARTESIAN_POINT('Ctrl Pts',(16.4448704858772,0.,71.0451039812044));
#5450=CARTESIAN_POINT('Ctrl Pts',(16.4448704858772,12.,71.0451039812044));
#5451=CARTESIAN_POINT('Ctrl Pts',(16.7067077162794,0.,69.2181083276178));
#5452=CARTESIAN_POINT('Ctrl Pts',(16.7067077162794,12.,69.2181083276178));
#5453=CARTESIAN_POINT('Ctrl Pts',(16.8605382625009,0.,68.318088312505));
#5454=CARTESIAN_POINT('Ctrl Pts',(16.8605382625009,12.,68.318088312505));
#5455=CARTESIAN_POINT('',(16.6659387194549,-5.55111512312578E-16,69.5687329132749));
#5456=CARTESIAN_POINT('Ctrl Pts',(30.1111362060347,0.,177.662026390455));
#5457=CARTESIAN_POINT('Ctrl Pts',(30.1789473890055,0.,177.585186485889));
#5458=CARTESIAN_POINT('Ctrl Pts',(30.6756529609941,0.,177.003999953174));
#5459=CARTESIAN_POINT('Ctrl Pts',(31.5212222235603,0.,175.758210378776));
#5460=CARTESIAN_POINT('Ctrl Pts',(32.538134734889,0.,173.497127437624));
#5461=CARTESIAN_POINT('Ctrl Pts',(33.4527456605824,0.,169.706923389892));
#5462=CARTESIAN_POINT('Ctrl Pts',(33.9236445007751,0.,164.063448817848));
#5463=CARTESIAN_POINT('Ctrl Pts',(33.7974241442642,0.,157.552639524115));
#5464=CARTESIAN_POINT('Ctrl Pts',(33.1209080851713,0.,150.424501192335));
#5465=CARTESIAN_POINT('Ctrl Pts',(31.9561244463003,0.,142.936058559935));
#5466=CARTESIAN_POINT('Ctrl Pts',(30.3813258190561,0.,135.326609967968));
#5467=CARTESIAN_POINT('Ctrl Pts',(28.4934043783239,0.,127.790052248584));
#5468=CARTESIAN_POINT('Ctrl Pts',(26.4084304546348,0.,120.455221772055));
#5469=CARTESIAN_POINT('Ctrl Pts',(24.2522935519545,0.,113.401663405956));
#5470=CARTESIAN_POINT('Ctrl Pts',(22.1530118833109,0.,106.669513575835));
#5471=CARTESIAN_POINT('Ctrl Pts',(20.2327549194948,0.,100.270611027016));
#5472=CARTESIAN_POINT('Ctrl Pts',(18.5995064225493,0.,94.1983697375454));
#5473=CARTESIAN_POINT('Ctrl Pts',(17.339461445602,0.,88.437034196987));
#5474=CARTESIAN_POINT('Ctrl Pts',(16.5060591521237,0.,82.9716879821223));
#5475=CARTESIAN_POINT('Ctrl Pts',(16.1462583951778,0.,78.0762936862169));
#5476=CARTESIAN_POINT('Ctrl Pts',(16.1824749195856,0.,74.4083442177634));
#5477=CARTESIAN_POINT('Ctrl Pts',(16.3797483972416,0.,71.8258675503893));
#5478=CARTESIAN_POINT('Ctrl Pts',(16.5728111026577,0.,70.2314378571222));
#5479=CARTESIAN_POINT('Ctrl Pts',(16.6659387194549,0.,69.5687329132749));
#5480=CARTESIAN_POINT('',(16.6659387194549,12.,69.5687329132749));
#5481=CARTESIAN_POINT('Ctrl Pts',(16.6659387194549,12.,69.5687329132749));
#5482=CARTESIAN_POINT('Ctrl Pts',(16.6659387194549,8.,69.5687329132749));
#5483=CARTESIAN_POINT('Ctrl Pts',(16.6659387194549,4.,69.5687329132749));
#5484=CARTESIAN_POINT('Ctrl Pts',(16.6659387194549,-1.11022302462516E-15,
69.5687329132749));
#5485=CARTESIAN_POINT('Ctrl Pts',(30.1111362060347,12.,177.662026390455));
#5486=CARTESIAN_POINT('Ctrl Pts',(30.1789473890055,12.,177.585186485889));
#5487=CARTESIAN_POINT('Ctrl Pts',(30.6756529609941,12.,177.003999953174));
#5488=CARTESIAN_POINT('Ctrl Pts',(31.5212222235603,12.,175.758210378776));
#5489=CARTESIAN_POINT('Ctrl Pts',(32.538134734889,12.,173.497127437624));
#5490=CARTESIAN_POINT('Ctrl Pts',(33.4527456605824,12.,169.706923389892));
#5491=CARTESIAN_POINT('Ctrl Pts',(33.9236445007751,12.,164.063448817848));
#5492=CARTESIAN_POINT('Ctrl Pts',(33.7974241442642,12.,157.552639524115));
#5493=CARTESIAN_POINT('Ctrl Pts',(33.1209080851713,12.,150.424501192335));
#5494=CARTESIAN_POINT('Ctrl Pts',(31.9561244463003,12.,142.936058559935));
#5495=CARTESIAN_POINT('Ctrl Pts',(30.3813258190561,12.,135.326609967968));
#5496=CARTESIAN_POINT('Ctrl Pts',(28.4934043783239,12.,127.790052248584));
#5497=CARTESIAN_POINT('Ctrl Pts',(26.4084304546348,12.,120.455221772055));
#5498=CARTESIAN_POINT('Ctrl Pts',(24.2522935519545,12.,113.401663405956));
#5499=CARTESIAN_POINT('Ctrl Pts',(22.1530118833109,12.,106.669513575835));
#5500=CARTESIAN_POINT('Ctrl Pts',(20.2327549194948,12.,100.270611027016));
#5501=CARTESIAN_POINT('Ctrl Pts',(18.5995064225493,12.,94.1983697375454));
#5502=CARTESIAN_POINT('Ctrl Pts',(17.339461445602,12.,88.437034196987));
#5503=CARTESIAN_POINT('Ctrl Pts',(16.5060591521237,12.,82.9716879821223));
#5504=CARTESIAN_POINT('Ctrl Pts',(16.1462583951778,12.,78.0762936862169));
#5505=CARTESIAN_POINT('Ctrl Pts',(16.1824749195856,12.,74.4083442177634));
#5506=CARTESIAN_POINT('Ctrl Pts',(16.3797483972416,12.,71.8258675503893));
#5507=CARTESIAN_POINT('Ctrl Pts',(16.5728111026577,12.,70.2314378571222));
#5508=CARTESIAN_POINT('Ctrl Pts',(16.6659387194549,12.,69.5687329132749));
#5509=CARTESIAN_POINT('Origin',(9.08152010050251,0.,89.9898058419717));
#5510=CARTESIAN_POINT('',(0.201575999684589,1.38777878078145E-16,71.6621613121526));
#5511=CARTESIAN_POINT('Ctrl Pts',(24.4916103555657,-2.77555756156289E-16,
178.990503721428));
#5512=CARTESIAN_POINT('Ctrl Pts',(24.1845556557274,-2.77555756156289E-16,
178.866630881775));
#5513=CARTESIAN_POINT('Ctrl Pts',(23.891013134866,-2.77555756156289E-16,
178.734918798312));
#5514=CARTESIAN_POINT('Ctrl Pts',(23.6108914316332,-2.77555756156289E-16,
178.595546503562));
#5515=CARTESIAN_POINT('Ctrl Pts',(21.2211375200938,-2.77555756156289E-16,
177.406543714076));
#5516=CARTESIAN_POINT('Ctrl Pts',(19.8246283399989,-2.77555756156289E-16,
175.71386471998));
#5517=CARTESIAN_POINT('Ctrl Pts',(19.1283486626053,-2.77555756156289E-16,
173.309392168423));
#5518=CARTESIAN_POINT('Ctrl Pts',(18.4851407666694,-2.77555756156289E-16,
171.088193157543));
#5519=CARTESIAN_POINT('Ctrl Pts',(18.4854014924789,-2.77555756156289E-16,
168.212610331631));
#5520=CARTESIAN_POINT('Ctrl Pts',(18.670609755464,-2.77555756156289E-16,
164.696163563186));
#5521=CARTESIAN_POINT('Ctrl Pts',(18.8757264222344,-2.77555756156289E-16,
160.801726952239));
#5522=CARTESIAN_POINT('Ctrl Pts',(19.2353838401803,-2.77555756156289E-16,
156.121343935118));
#5523=CARTESIAN_POINT('Ctrl Pts',(19.0509421968452,-2.77555756156289E-16,
150.835583434025));
#5524=CARTESIAN_POINT('Ctrl Pts',(18.8785325732316,-2.77555756156289E-16,
145.894638634217));
#5525=CARTESIAN_POINT('Ctrl Pts',(18.2309106748405,-2.77555756156289E-16,
140.431641092601));
#5526=CARTESIAN_POINT('Ctrl Pts',(17.1109026637935,-2.77555756156289E-16,
134.759164815869));
#5527=CARTESIAN_POINT('Ctrl Pts',(15.5052573558314,-2.77555756156289E-16,
126.627093590999));
#5528=CARTESIAN_POINT('Ctrl Pts',(12.9624189478726,-2.77555756156289E-16,
118.09352641128));
#5529=CARTESIAN_POINT('Ctrl Pts',(10.4610632026909,-2.77555756156289E-16,
110.166690947877));
#5530=CARTESIAN_POINT('Ctrl Pts',(8.37530593721775,-2.77555756156289E-16,
103.556893564257));
#5531=CARTESIAN_POINT('Ctrl Pts',(6.36348162848977,-2.77555756156289E-16,
97.3824968777321));
#5532=CARTESIAN_POINT('Ctrl Pts',(4.76163408796734,-2.77555756156289E-16,
91.9028382304609));
#5533=CARTESIAN_POINT('Ctrl Pts',(2.83068767425845,-2.77555756156289E-16,
85.2973861224244));
#5534=CARTESIAN_POINT('Ctrl Pts',(1.47283236613133,-2.77555756156289E-16,
79.6765711866863));
#5535=CARTESIAN_POINT('Ctrl Pts',(0.741969292559056,-2.77555756156289E-16,
75.0703236104865));
#5536=CARTESIAN_POINT('Ctrl Pts',(0.721573468219769,-2.77555756156289E-16,
74.9417794004633));
#5537=CARTESIAN_POINT('Ctrl Pts',(0.700809906721494,-2.77555756156289E-16,
74.8107412999025));
#5538=CARTESIAN_POINT('Ctrl Pts',(0.680224233837566,-2.77555756156289E-16,
74.6809111005449));
#5539=CARTESIAN_POINT('Ctrl Pts',(0.52067482245324,-2.77555756156289E-16,
73.6746611710808));
#5540=CARTESIAN_POINT('Ctrl Pts',(0.361125411068913,-2.77555756156289E-16,
72.6684112416167));
#5541=CARTESIAN_POINT('Ctrl Pts',(0.201575999684586,-2.77555756156289E-16,
71.6621613121526));
#5542=CARTESIAN_POINT('',(0.10216339837351,0.,70.9528833478846));
#5543=CARTESIAN_POINT('Ctrl Pts',(0.10216339837351,0.,70.9528833478846));
#5544=CARTESIAN_POINT('Ctrl Pts',(0.113876143651918,0.,71.0490039138136));
#5545=CARTESIAN_POINT('Ctrl Pts',(0.126290376275044,5.55111512312578E-16,
71.1450383059713));
#5546=CARTESIAN_POINT('Ctrl Pts',(0.158626301310262,5.55111512312578E-16,
71.3815906753606));
#5547=CARTESIAN_POINT('Ctrl Pts',(0.179351110201937,5.55111512312578E-16,
71.5219928635182));
#5548=CARTESIAN_POINT('Ctrl Pts',(0.201575999684589,5.55111512312578E-16,
71.6621613121526));
#5549=CARTESIAN_POINT('',(1.84545454545455,0.,69.0621473616633));
#5550=CARTESIAN_POINT('Origin',(2.1,0.,71.0458828812249));
#5551=CARTESIAN_POINT('',(11.4356969577126,0.,63.5949308052118));
#5552=CARTESIAN_POINT('Origin',(0.,0.,54.6800648448419));
#5553=CARTESIAN_POINT('',(16.7134506683127,0.,64.7170792308425));
#5554=CARTESIAN_POINT('Origin',(13.8017032248256,0.,65.4393858314952));
#5555=CARTESIAN_POINT('',(16.8605382625009,0.,65.9209235652637));
#5556=CARTESIAN_POINT('Origin',(11.8605382625009,0.,65.9209235652637));
#5557=CARTESIAN_POINT('',(16.8605382625009,-5.55111512312578E-16,66.7855489919928));
#5558=CARTESIAN_POINT('',(16.8605382625009,0.,68.318088312505));
#5559=CARTESIAN_POINT('Ctrl Pts',(16.6659387194549,-1.11022302462516E-15,
69.5687329132749));
#5560=CARTESIAN_POINT('Ctrl Pts',(16.7954609543714,-1.11022302462516E-15,
68.6470404189398));
#5561=CARTESIAN_POINT('Ctrl Pts',(16.8605382625009,-1.11022302462516E-15,
67.7162976494999));
#5562=CARTESIAN_POINT('Ctrl Pts',(16.8605382625009,-1.11022302462516E-15,
66.7855489919928));
#5563=CARTESIAN_POINT('',(10.8798117590683,0.,84.766569993096));
#5564=CARTESIAN_POINT('Origin',(10.8798117590683,0.,90.016569993096));
#5565=CARTESIAN_POINT('',(20.1820590315244,0.,116.787464675614));
#5566=CARTESIAN_POINT('Origin',(20.1820590315244,0.,122.037464675614));
#5567=CARTESIAN_POINT('',(26.0473030793717,0.,149.57847954315));
#5568=CARTESIAN_POINT('Origin',(26.0473030793717,0.,154.82847954315));
#5569=CARTESIAN_POINT('',(25.1493761539567,0.,166.220657307137));
#5570=CARTESIAN_POINT('Origin',(25.1493761539567,0.,171.470657307137));
#5571=CARTESIAN_POINT('',(23.7648184143258,0.,133.068116429898));
#5572=CARTESIAN_POINT('Origin',(23.7648184143258,0.,138.318116429898));
#5573=CARTESIAN_POINT('',(15.1757872636311,0.,100.878400841783));
#5574=CARTESIAN_POINT('Origin',(15.1757872636311,0.,106.128400841783));
#5575=CARTESIAN_POINT('',(7.57467802727654,0.,68.4210128938492));
#5576=CARTESIAN_POINT('Origin',(7.57467802727655,0.,73.6710128938492));
#5577=CARTESIAN_POINT('Ctrl Pts',(0.201575999684589,5.55111512312578E-16,
71.6621613121526));
#5578=CARTESIAN_POINT('Ctrl Pts',(0.201575999684589,4.,71.6621613121526));
#5579=CARTESIAN_POINT('Ctrl Pts',(0.201575999684589,8.,71.6621613121526));
#5580=CARTESIAN_POINT('Ctrl Pts',(0.201575999684589,12.,71.6621613121526));
#5581=CARTESIAN_POINT('Ctrl Pts',(0.157126644588616,5.55111512312578E-16,
71.3818270881528));
#5582=CARTESIAN_POINT('Ctrl Pts',(0.157126644588616,4.,71.3818270881528));
#5583=CARTESIAN_POINT('Ctrl Pts',(0.157126644588616,8.,71.3818270881528));
#5584=CARTESIAN_POINT('Ctrl Pts',(0.157126644588616,12.,71.3818270881528));
#5585=CARTESIAN_POINT('Ctrl Pts',(0.118675871561229,5.55111512312578E-16,
71.100541754439));
#5586=CARTESIAN_POINT('Ctrl Pts',(0.118675871561229,4.00000000000001,71.100541754439));
#5587=CARTESIAN_POINT('Ctrl Pts',(0.118675871561229,8.00000000000001,71.100541754439));
#5588=CARTESIAN_POINT('Ctrl Pts',(0.118675871561229,12.,71.100541754439));
#5589=CARTESIAN_POINT('Ctrl Pts',(0.0862588713042944,5.55111512312578E-16,
70.8185627474041));
#5590=CARTESIAN_POINT('Ctrl Pts',(0.0862588713042944,4.,70.8185627474041));
#5591=CARTESIAN_POINT('Ctrl Pts',(0.0862588713042944,8.,70.8185627474041));
#5592=CARTESIAN_POINT('Ctrl Pts',(0.0862588713042944,12.,70.8185627474041));
#5593=CARTESIAN_POINT('',(0.201575999684591,12.,71.6621613121526));
#5594=CARTESIAN_POINT('',(0.086258871304294,12.,70.8185627474041));
#5595=CARTESIAN_POINT('Ctrl Pts',(0.201575999684589,12.,71.6621613121526));
#5596=CARTESIAN_POINT('Ctrl Pts',(0.179351110201938,12.,71.5219928635182));
#5597=CARTESIAN_POINT('Ctrl Pts',(0.158626301310261,12.,71.3815906753606));
#5598=CARTESIAN_POINT('Ctrl Pts',(0.120183959308303,12.,71.100367018529));
#5599=CARTESIAN_POINT('Ctrl Pts',(0.102467525997121,12.,70.9595535953983));
#5600=CARTESIAN_POINT('Ctrl Pts',(0.0862588713042944,12.,70.8185627474041));
#5601=CARTESIAN_POINT('',(0.0862588713042934,5.93517862930997,70.8185627474041));
#5602=CARTESIAN_POINT('Ctrl Pts',(0.0862588713042944,12.,70.8185627474041));
#5603=CARTESIAN_POINT('Ctrl Pts',(0.0862588713042944,9.97839287643666,70.8185627474041));
#5604=CARTESIAN_POINT('Ctrl Pts',(0.0862588713042944,7.95678575287332,70.8185627474041));
#5605=CARTESIAN_POINT('Ctrl Pts',(0.0862588713042944,5.93517862930997,70.8185627474041));
#5606=CARTESIAN_POINT('',(0.10216339837351,5.85,70.9528833478846));
#5607=CARTESIAN_POINT('Ctrl Pts',(0.0862588713042944,5.93517862930997,70.8185627474041));
#5608=CARTESIAN_POINT('Ctrl Pts',(0.0887759727843395,5.92799298574873,70.8404577336867));
#5609=CARTESIAN_POINT('Ctrl Pts',(0.0914924588405288,5.91945505621906,70.8637299630183));
#5610=CARTESIAN_POINT('Ctrl Pts',(0.093970353072728,5.90994189698021,70.8846664873935));
#5611=CARTESIAN_POINT('Ctrl Pts',(0.095299935482809,5.90483734932684,70.8959005562959));
#5612=CARTESIAN_POINT('Ctrl Pts',(0.0967051564524133,5.89889588479372,70.9076827408204));
#5613=CARTESIAN_POINT('Ctrl Pts',(0.0979650382695146,5.89235498398253,70.918175397934));
#5614=CARTESIAN_POINT('Ctrl Pts',(0.0986810241918932,5.88863781556489,70.9241383340442));
#5615=CARTESIAN_POINT('Ctrl Pts',(0.0994106286606291,5.8844129601615,70.9301898770123));
#5616=CARTESIAN_POINT('Ctrl Pts',(0.100054127002355,5.87979658301261,70.935509677343));
#5617=CARTESIAN_POINT('Ctrl Pts',(0.100491602858023,5.87665818558041,70.9391262899288));
#5618=CARTESIAN_POINT('Ctrl Pts',(0.100917147319372,5.8731395492539,70.9426352692728));
#5619=CARTESIAN_POINT('Ctrl Pts',(0.101269193070301,5.86931201367907,70.9455332961669));
#5620=CARTESIAN_POINT('Ctrl Pts',(0.101545790756529,5.86630476964572,70.9478102375343));
#5621=CARTESIAN_POINT('Ctrl Pts',(0.101785901377863,5.86301092717194,70.9497833710268));
#5622=CARTESIAN_POINT('Ctrl Pts',(0.101947298848234,5.85946949974606,70.9511088633752));
#5623=CARTESIAN_POINT('Ctrl Pts',(0.102049503601597,5.85722689510186,70.9519482298055));
#5624=CARTESIAN_POINT('Ctrl Pts',(0.102118924382551,5.85491227238324,70.9525179478544));
#5625=CARTESIAN_POINT('Ctrl Pts',(0.102148024930682,5.85252747179766,70.9527567728692));
#5626=CARTESIAN_POINT('Ctrl Pts',(0.102153686557578,5.85206349939836,70.9528032372217));
#5627=CARTESIAN_POINT('Ctrl Pts',(0.102157801323617,5.8515985957694,70.9528370053915));
#5628=CARTESIAN_POINT('Ctrl Pts',(0.102160349484228,5.85113274422756,70.952857916975));
#5629=CARTESIAN_POINT('Ctrl Pts',(0.102161480141541,5.85092603886927,70.9528671957602));
#5630=CARTESIAN_POINT('Ctrl Pts',(0.102162301796551,5.85071925039044,70.952873938655));
#5631=CARTESIAN_POINT('Ctrl Pts',(0.102162813665169,5.85051237706681,70.9528781392898));
#5632=CARTESIAN_POINT('Ctrl Pts',(0.102163236214524,5.850341602406,70.9528816069287));
#5633=CARTESIAN_POINT('Ctrl Pts',(0.102163447558052,5.8501708103852,70.9528833413074));
#5634=CARTESIAN_POINT('Ctrl Pts',(0.102163447558052,5.85,70.9528833413074));
#5635=CARTESIAN_POINT('Ctrl Pts',(0.102163398373512,5.85,70.9528833478846));
#5636=CARTESIAN_POINT('Ctrl Pts',(0.102163398373512,3.9,70.9528833478846));
#5637=CARTESIAN_POINT('Ctrl Pts',(0.102163398373512,1.95,70.9528833478846));
#5638=CARTESIAN_POINT('Ctrl Pts',(0.102163398373512,5.55111512312578E-16,
70.9528833478846));
#5639=CARTESIAN_POINT('Ctrl Pts',(0.201575999684589,5.55111512312578E-16,
71.6621613121526));
#5640=CARTESIAN_POINT('Ctrl Pts',(0.201575999684589,4.,71.6621613121526));
#5641=CARTESIAN_POINT('Ctrl Pts',(0.201575999684589,8.,71.6621613121526));
#5642=CARTESIAN_POINT('Ctrl Pts',(0.201575999684589,12.,71.6621613121526));
#5643=CARTESIAN_POINT('Origin',(2.1,6.,71.0458828812249));
#5644=CARTESIAN_POINT('',(0.167327364177957,5.85,70.5313185191237));
#5645=CARTESIAN_POINT('Origin',(2.1,5.85,71.0458828812249));
#5646=CARTESIAN_POINT('',(1.84545454545455,5.85,69.0621473616633));
#5647=CARTESIAN_POINT('Origin',(2.1,5.85,71.0458828812249));
#5648=CARTESIAN_POINT('',(1.84545454545455,6.,69.0621473616633));
#5649=CARTESIAN_POINT('Origin',(2.1,5.85,71.0458828812249));
#5650=CARTESIAN_POINT('',(0.0223769164913044,6.,70.4927261919661));
#5651=CARTESIAN_POINT('Ctrl Pts',(0.0862588713042928,5.93517862930997,70.8185627474041));
#5652=CARTESIAN_POINT('Ctrl Pts',(0.0845967304204616,5.9399235917338,70.8041046287546));
#5653=CARTESIAN_POINT('Ctrl Pts',(0.0827474848153628,5.94461602799197,70.78934939228));
#5654=CARTESIAN_POINT('Ctrl Pts',(0.0666494217436444,5.98055480277916,70.6714087345975));
#5655=CARTESIAN_POINT('Ctrl Pts',(0.0478842991293523,5.99641411035438,70.5877998687428));
#5656=CARTESIAN_POINT('Ctrl Pts',(0.0268716139190181,5.99982148679707,70.5089784957825));
#5657=CARTESIAN_POINT('Ctrl Pts',(0.0246168267848724,6.,70.5007341802852));
#5658=CARTESIAN_POINT('Ctrl Pts',(0.0223769164913028,6.,70.492726191966));
#5659=CARTESIAN_POINT('Origin',(0.022376916491304,5.85,70.4927261919661));
#5660=CARTESIAN_POINT('Ctrl Pts',(-0.877880935759164,-2.77555756156289E-16,
64.854217266948));
#5661=CARTESIAN_POINT('Ctrl Pts',(-0.877880935759164,12.,64.854217266948));
#5662=CARTESIAN_POINT('Ctrl Pts',(-0.55914579459985,-2.77555756156289E-16,
66.8644234502646));
#5663=CARTESIAN_POINT('Ctrl Pts',(-0.55914579459985,12.,66.8644234502646));
#5664=CARTESIAN_POINT('Ctrl Pts',(-0.240410653440535,-2.77555756156289E-16,
68.8746296335812));
#5665=CARTESIAN_POINT('Ctrl Pts',(-0.240410653440535,12.,68.8746296335812));
#5666=CARTESIAN_POINT('Ctrl Pts',(0.0783244877187797,-2.77555756156289E-16,
70.8848358168977));
#5667=CARTESIAN_POINT('Ctrl Pts',(0.0783244877187797,12.,70.8848358168977));
#5668=CARTESIAN_POINT('Ctrl Pts',(0.278957736425042,-2.77555756156289E-16,
72.1501942447801));
#5669=CARTESIAN_POINT('Ctrl Pts',(0.278957736425042,12.,72.1501942447801));
#5670=CARTESIAN_POINT('Ctrl Pts',(0.479590985131304,-2.77555756156289E-16,
73.4155526726625));
#5671=CARTESIAN_POINT('Ctrl Pts',(0.479590985131304,12.,73.4155526726625));
#5672=CARTESIAN_POINT('Ctrl Pts',(0.680224233837566,-2.77555756156289E-16,
74.6809111005449));
#5673=CARTESIAN_POINT('Ctrl Pts',(0.680224233837566,12.,74.6809111005449));
#5674=CARTESIAN_POINT('Ctrl Pts',(0.700809906721494,-2.77555756156289E-16,
74.8107412999025));
#5675=CARTESIAN_POINT('Ctrl Pts',(0.700809906721494,12.,74.8107412999025));
#5676=CARTESIAN_POINT('Ctrl Pts',(0.721573468219769,-2.77555756156289E-16,
74.9417794004633));
#5677=CARTESIAN_POINT('Ctrl Pts',(0.721573468219769,12.,74.9417794004633));
#5678=CARTESIAN_POINT('Ctrl Pts',(0.741969292559056,-2.77555756156289E-16,
75.0703236104865));
#5679=CARTESIAN_POINT('Ctrl Pts',(0.741969292559056,12.,75.0703236104865));
#5680=CARTESIAN_POINT('Ctrl Pts',(1.47283236613133,-2.77555756156289E-16,
79.6765711866863));
#5681=CARTESIAN_POINT('Ctrl Pts',(1.47283236613133,12.,79.6765711866863));
#5682=CARTESIAN_POINT('Ctrl Pts',(2.83068767425845,-2.77555756156289E-16,
85.2973861224244));
#5683=CARTESIAN_POINT('Ctrl Pts',(2.83068767425845,12.,85.2973861224244));
#5684=CARTESIAN_POINT('Ctrl Pts',(4.76163408796734,-2.77555756156289E-16,
91.9028382304609));
#5685=CARTESIAN_POINT('Ctrl Pts',(4.76163408796734,12.,91.9028382304609));
#5686=CARTESIAN_POINT('Ctrl Pts',(6.36348162848977,-2.77555756156289E-16,
97.3824968777321));
#5687=CARTESIAN_POINT('Ctrl Pts',(6.36348162848977,12.,97.3824968777321));
#5688=CARTESIAN_POINT('Ctrl Pts',(8.37530593721775,-2.77555756156289E-16,
103.556893564257));
#5689=CARTESIAN_POINT('Ctrl Pts',(8.37530593721775,12.,103.556893564257));
#5690=CARTESIAN_POINT('Ctrl Pts',(10.4610632026909,-2.77555756156289E-16,
110.166690947877));
#5691=CARTESIAN_POINT('Ctrl Pts',(10.4610632026909,12.,110.166690947877));
#5692=CARTESIAN_POINT('Ctrl Pts',(12.9624189478726,-2.77555756156289E-16,
118.09352641128));
#5693=CARTESIAN_POINT('Ctrl Pts',(12.9624189478726,12.,118.09352641128));
#5694=CARTESIAN_POINT('Ctrl Pts',(15.5052573558314,-2.77555756156289E-16,
126.627093590999));
#5695=CARTESIAN_POINT('Ctrl Pts',(15.5052573558314,12.,126.627093590999));
#5696=CARTESIAN_POINT('Ctrl Pts',(17.1109026637935,-2.77555756156289E-16,
134.759164815869));
#5697=CARTESIAN_POINT('Ctrl Pts',(17.1109026637935,12.,134.759164815869));
#5698=CARTESIAN_POINT('Ctrl Pts',(18.2309106748405,-2.77555756156289E-16,
140.431641092601));
#5699=CARTESIAN_POINT('Ctrl Pts',(18.2309106748405,12.,140.431641092601));
#5700=CARTESIAN_POINT('Ctrl Pts',(18.8785325732316,-2.77555756156289E-16,
145.894638634217));
#5701=CARTESIAN_POINT('Ctrl Pts',(18.8785325732316,12.,145.894638634217));
#5702=CARTESIAN_POINT('Ctrl Pts',(19.0509421968452,-2.77555756156289E-16,
150.835583434025));
#5703=CARTESIAN_POINT('Ctrl Pts',(19.0509421968452,12.,150.835583434025));
#5704=CARTESIAN_POINT('Ctrl Pts',(19.2353838401803,-2.77555756156289E-16,
156.121343935118));
#5705=CARTESIAN_POINT('Ctrl Pts',(19.2353838401803,12.,156.121343935118));
#5706=CARTESIAN_POINT('Ctrl Pts',(18.8757264222344,-2.77555756156289E-16,
160.801726952239));
#5707=CARTESIAN_POINT('Ctrl Pts',(18.8757264222344,12.,160.801726952239));
#5708=CARTESIAN_POINT('Ctrl Pts',(18.670609755464,-2.77555756156289E-16,
164.696163563186));
#5709=CARTESIAN_POINT('Ctrl Pts',(18.670609755464,12.,164.696163563186));
#5710=CARTESIAN_POINT('Ctrl Pts',(18.4854014924789,-2.77555756156289E-16,
168.212610331631));
#5711=CARTESIAN_POINT('Ctrl Pts',(18.4854014924789,12.,168.212610331631));
#5712=CARTESIAN_POINT('Ctrl Pts',(18.4851407666694,-2.77555756156289E-16,
171.088193157543));
#5713=CARTESIAN_POINT('Ctrl Pts',(18.4851407666694,12.,171.088193157543));
#5714=CARTESIAN_POINT('Ctrl Pts',(19.1283486626053,-2.77555756156289E-16,
173.309392168423));
#5715=CARTESIAN_POINT('Ctrl Pts',(19.1283486626053,12.,173.309392168423));
#5716=CARTESIAN_POINT('Ctrl Pts',(19.8246283399989,-2.77555756156289E-16,
175.71386471998));
#5717=CARTESIAN_POINT('Ctrl Pts',(19.8246283399989,12.,175.71386471998));
#5718=CARTESIAN_POINT('Ctrl Pts',(21.2211375200938,-2.77555756156289E-16,
177.406543714076));
#5719=CARTESIAN_POINT('Ctrl Pts',(21.2211375200938,12.,177.406543714076));
#5720=CARTESIAN_POINT('Ctrl Pts',(23.6108914316332,-2.77555756156289E-16,
178.595546503562));
#5721=CARTESIAN_POINT('Ctrl Pts',(23.6108914316332,12.,178.595546503562));
#5722=CARTESIAN_POINT('Ctrl Pts',(24.1123227923464,-2.77555756156289E-16,
178.845029633914));
#5723=CARTESIAN_POINT('Ctrl Pts',(24.1123227923464,12.,178.845029633914));
#5724=CARTESIAN_POINT('Ctrl Pts',(24.6567581124226,-2.77555756156289E-16,
179.069967358466));
#5725=CARTESIAN_POINT('Ctrl Pts',(24.6567581124226,12.,179.069967358466));
#5726=CARTESIAN_POINT('Ctrl Pts',(25.2447214225278,-2.77555756156289E-16,
179.269332781985));
#5727=CARTESIAN_POINT('Ctrl Pts',(25.2447214225278,12.,179.269332781985));
#5728=CARTESIAN_POINT('Ctrl Pts',(25.3290181297536,-2.77555756156289E-16,
179.297915940914));
#5729=CARTESIAN_POINT('Ctrl Pts',(25.3290181297536,12.,179.297915940914));
#5730=CARTESIAN_POINT('Ctrl Pts',(25.4133148369792,-2.77555756156289E-16,
179.326499099843));
#5731=CARTESIAN_POINT('Ctrl Pts',(25.4133148369792,12.,179.326499099843));
#5732=CARTESIAN_POINT('Ctrl Pts',(25.497611544205,-2.77555756156289E-16,
179.355082258773));
#5733=CARTESIAN_POINT('Ctrl Pts',(25.497611544205,12.,179.355082258773));
#5734=CARTESIAN_POINT('Ctrl Pts',(26.7990877557088,-2.77555756156289E-16,
179.796384210182));
#5735=CARTESIAN_POINT('Ctrl Pts',(26.7990877557088,12.,179.796384210182));
#5736=CARTESIAN_POINT('Ctrl Pts',(28.1005639672124,-2.77555756156289E-16,
180.237686161591));
#5737=CARTESIAN_POINT('Ctrl Pts',(28.1005639672124,12.,180.237686161591));
#5738=CARTESIAN_POINT('Ctrl Pts',(29.4020401787161,-2.77555756156289E-16,
180.678988113));
#5739=CARTESIAN_POINT('Ctrl Pts',(29.4020401787161,12.,180.678988113));
#5740=CARTESIAN_POINT('Ctrl Pts',(24.4916103555656,12.,178.990503721428));
#5741=CARTESIAN_POINT('Ctrl Pts',(24.1845556557274,12.,178.866630881775));
#5742=CARTESIAN_POINT('Ctrl Pts',(23.891013134866,12.,178.734918798312));
#5743=CARTESIAN_POINT('Ctrl Pts',(23.6108914316332,12.,178.595546503562));
#5744=CARTESIAN_POINT('Ctrl Pts',(21.2211375200938,12.,177.406543714076));
#5745=CARTESIAN_POINT('Ctrl Pts',(19.8246283399989,12.,175.71386471998));
#5746=CARTESIAN_POINT('Ctrl Pts',(19.1283486626053,12.,173.309392168423));
#5747=CARTESIAN_POINT('Ctrl Pts',(18.4851407666694,12.,171.088193157543));
#5748=CARTESIAN_POINT('Ctrl Pts',(18.4854014924789,12.,168.212610331631));
#5749=CARTESIAN_POINT('Ctrl Pts',(18.670609755464,12.,164.696163563186));
#5750=CARTESIAN_POINT('Ctrl Pts',(18.8757264222344,12.,160.801726952239));
#5751=CARTESIAN_POINT('Ctrl Pts',(19.2353838401803,12.,156.121343935118));
#5752=CARTESIAN_POINT('Ctrl Pts',(19.0509421968452,12.,150.835583434025));
#5753=CARTESIAN_POINT('Ctrl Pts',(18.8785325732316,12.,145.894638634217));
#5754=CARTESIAN_POINT('Ctrl Pts',(18.2309106748405,12.,140.431641092601));
#5755=CARTESIAN_POINT('Ctrl Pts',(17.1109026637935,12.,134.759164815869));
#5756=CARTESIAN_POINT('Ctrl Pts',(15.5052573558314,12.,126.627093590999));
#5757=CARTESIAN_POINT('Ctrl Pts',(12.9624189478726,12.,118.09352641128));
#5758=CARTESIAN_POINT('Ctrl Pts',(10.4610632026909,12.,110.166690947877));
#5759=CARTESIAN_POINT('Ctrl Pts',(8.37530593721775,12.,103.556893564257));
#5760=CARTESIAN_POINT('Ctrl Pts',(6.36348162848977,12.,97.3824968777321));
#5761=CARTESIAN_POINT('Ctrl Pts',(4.76163408796734,12.,91.9028382304609));
#5762=CARTESIAN_POINT('Ctrl Pts',(2.83068767425845,12.,85.2973861224244));
#5763=CARTESIAN_POINT('Ctrl Pts',(1.47283236613133,12.,79.6765711866863));
#5764=CARTESIAN_POINT('Ctrl Pts',(0.741969292559056,12.,75.0703236104865));
#5765=CARTESIAN_POINT('Ctrl Pts',(0.721573468219769,12.,74.9417794004633));
#5766=CARTESIAN_POINT('Ctrl Pts',(0.700809906721494,12.,74.8107412999025));
#5767=CARTESIAN_POINT('Ctrl Pts',(0.680224233837566,12.,74.6809111005449));
#5768=CARTESIAN_POINT('Ctrl Pts',(0.520674822453239,12.,73.6746611710808));
#5769=CARTESIAN_POINT('Ctrl Pts',(0.361125411068912,12.,72.6684112416167));
#5770=CARTESIAN_POINT('Ctrl Pts',(0.201575999684585,12.,71.6621613121526));
#5771=CARTESIAN_POINT('Origin',(7.57467802727655,1.5,73.6710128938492));
#5772=CARTESIAN_POINT('',(7.57467802727654,1.5,69.9210128938492));
#5773=CARTESIAN_POINT('Origin',(7.57467802727655,1.5,68.4210128938492));
#5774=CARTESIAN_POINT('',(11.3246780272765,1.5,73.6710128938492));
#5775=CARTESIAN_POINT('Origin',(7.57467802727655,1.5,73.6710128938492));
#5776=CARTESIAN_POINT('Origin',(7.57467802727655,1.5,73.6710128938492));
#5777=CARTESIAN_POINT('Origin',(7.57467802727655,12.,73.6710128938492));
#5778=CARTESIAN_POINT('',(11.3246780272765,10.5,73.6710128938492));
#5779=CARTESIAN_POINT('',(7.57467802727654,10.5,77.4210128938492));
#5780=CARTESIAN_POINT('Origin',(7.57467802727655,10.5,73.6710128938492));
#5781=CARTESIAN_POINT('',(11.3246780272765,12.,73.6710128938492));
#5782=CARTESIAN_POINT('Origin',(7.57467802727655,10.5,73.6710128938492));
#5783=CARTESIAN_POINT('Origin',(7.57467802727655,10.5,73.6710128938492));
#5784=CARTESIAN_POINT('',(7.57467802727654,12.,78.9210128938492));
#5785=CARTESIAN_POINT('Origin',(7.57467802727655,12.,73.6710128938492));
#5786=CARTESIAN_POINT('Origin',(7.57467802727655,10.5,78.9210128938492));
#5787=CARTESIAN_POINT('Origin',(9.08152010050251,12.,89.9898058419717));
#5788=CARTESIAN_POINT('',(16.8605382625009,12.,66.7855489919928));
#5789=CARTESIAN_POINT('Ctrl Pts',(16.8605382625009,12.,66.7855489919928));
#5790=CARTESIAN_POINT('Ctrl Pts',(16.8605382625009,12.,67.7162976494999));
#5791=CARTESIAN_POINT('Ctrl Pts',(16.7954609543714,12.,68.6470404189398));
#5792=CARTESIAN_POINT('Ctrl Pts',(16.6659387194549,12.,69.5687329132749));
#5793=CARTESIAN_POINT('',(16.8605382625009,12.,65.9209235652637));
#5794=CARTESIAN_POINT('',(16.8605382625009,12.,68.318088312505));
#5795=CARTESIAN_POINT('',(15.4439863134329,12.,62.4339621278126));
#5796=CARTESIAN_POINT('Origin',(11.8605382625009,12.,65.9209235652637));
#5797=CARTESIAN_POINT('',(14.1486050401689,12.,57.8529145761257));
#5798=CARTESIAN_POINT('Origin',(19.027434364365,12.,58.9470006903615));
#5799=CARTESIAN_POINT('',(0.935483870967742,12.,40.2102732109876));
#5800=CARTESIAN_POINT('Origin',(0.,12.,54.6800648448419));
#5801=CARTESIAN_POINT('',(0.,12.,39.2123565465839));
#5802=CARTESIAN_POINT('Origin',(1.,12.,39.2123565465839));
#5803=CARTESIAN_POINT('',(0.,12.,38.1223106969234));
#5804=CARTESIAN_POINT('',(0.,12.,36.5));
#5805=CARTESIAN_POINT('',(-0.834882478104062,12.,35.3561227009992));
#5806=CARTESIAN_POINT('Origin',(-5.,12.,38.1223106969234));
#5807=CARTESIAN_POINT('',(-0.142171093356791,12.,16.6803508185733));
#5808=CARTESIAN_POINT('Origin',(12.5,12.,26.5));
#5809=CARTESIAN_POINT('',(-0.200121126803905,12.,16.3844600135692));
#5810=CARTESIAN_POINT('Origin',(-0.300121126803905,12.,16.5576650943261));
#5811=CARTESIAN_POINT('',(-1.29903810567666,12.,15.75));
#5812=CARTESIAN_POINT('',(-1.29903810567666,12.,15.75));
#5813=CARTESIAN_POINT('',(-0.299999999999994,12.,15.1732050807569));
#5814=CARTESIAN_POINT('',(0.,12.,15.));
#5815=CARTESIAN_POINT('',(-0.299999999999991,12.,14.8267949192431));
#5816=CARTESIAN_POINT('Origin',(-0.399999999999992,12.,15.));
#5817=CARTESIAN_POINT('',(-1.29903810567666,12.,14.25));
#5818=CARTESIAN_POINT('',(-1.29903810567666,12.,14.25));
#5819=CARTESIAN_POINT('',(-0.299999999999995,12.,13.6732050807569));
#5820=CARTESIAN_POINT('',(0.,12.,13.5));
#5821=CARTESIAN_POINT('',(-0.299999999999994,12.,13.3267949192431));
#5822=CARTESIAN_POINT('Origin',(-0.399999999999994,12.,13.5));
#5823=CARTESIAN_POINT('',(-1.29903810567666,12.,12.75));
#5824=CARTESIAN_POINT('',(-1.29903810567666,12.,12.75));
#5825=CARTESIAN_POINT('',(-0.299999999999995,12.,12.1732050807569));
#5826=CARTESIAN_POINT('',(0.,12.,12.));
#5827=CARTESIAN_POINT('',(-0.299999999999994,12.,11.8267949192431));
#5828=CARTESIAN_POINT('Origin',(-0.399999999999994,12.,12.));
#5829=CARTESIAN_POINT('',(-1.29903810567666,12.,11.25));
#5830=CARTESIAN_POINT('',(-1.29903810567666,12.,11.25));
#5831=CARTESIAN_POINT('',(-0.299999999999994,12.,10.6732050807569));
#5832=CARTESIAN_POINT('',(0.,12.,10.5));
#5833=CARTESIAN_POINT('',(-0.299999999999991,12.,10.3267949192431));
#5834=CARTESIAN_POINT('Origin',(-0.399999999999992,12.,10.5));
#5835=CARTESIAN_POINT('',(-1.29903810567666,12.,9.74999999999999));
#5836=CARTESIAN_POINT('',(-1.29903810567666,12.,9.74999999999999));
#5837=CARTESIAN_POINT('',(-0.299999999999993,12.,9.17320508075688));
#5838=CARTESIAN_POINT('',(0.,12.,9.));
#5839=CARTESIAN_POINT('',(-0.299999999999992,12.,8.82679491924311));
#5840=CARTESIAN_POINT('Origin',(-0.399999999999992,12.,8.99999999999999));
#5841=CARTESIAN_POINT('',(-1.29903810567666,12.,8.24999999999999));
#5842=CARTESIAN_POINT('',(-1.29903810567666,12.,8.24999999999999));
#5843=CARTESIAN_POINT('',(-0.299999999999993,12.,7.67320508075688));
#5844=CARTESIAN_POINT('',(0.,12.,7.5));
#5845=CARTESIAN_POINT('',(-0.299999999999992,12.,7.32679491924311));
#5846=CARTESIAN_POINT('Origin',(-0.399999999999992,12.,7.49999999999999));
#5847=CARTESIAN_POINT('',(-1.29903810567666,12.,6.74999999999999));
#5848=CARTESIAN_POINT('',(-1.29903810567666,12.,6.74999999999999));
#5849=CARTESIAN_POINT('',(-0.299999999999993,12.,6.17320508075688));
#5850=CARTESIAN_POINT('',(0.,12.,6.));
#5851=CARTESIAN_POINT('',(-0.299999999999992,12.,5.82679491924311));
#5852=CARTESIAN_POINT('Origin',(-0.399999999999992,12.,5.99999999999999));
#5853=CARTESIAN_POINT('',(-1.29903810567666,12.,5.24999999999999));
#5854=CARTESIAN_POINT('',(-1.29903810567666,12.,5.24999999999999));
#5855=CARTESIAN_POINT('',(-0.299999999999994,12.,4.67320508075688));
#5856=CARTESIAN_POINT('',(0.,12.,4.5));
#5857=CARTESIAN_POINT('',(-0.299999999999992,12.,4.32679491924311));
#5858=CARTESIAN_POINT('Origin',(-0.399999999999993,12.,4.49999999999999));
#5859=CARTESIAN_POINT('',(-1.29903810567666,12.,3.74999999999999));
#5860=CARTESIAN_POINT('',(-1.29903810567666,12.,3.74999999999999));
#5861=CARTESIAN_POINT('',(-0.299999999999994,12.,3.17320508075688));
#5862=CARTESIAN_POINT('',(0.,12.,3.));
#5863=CARTESIAN_POINT('',(-0.299999999999992,12.,2.82679491924311));
#5864=CARTESIAN_POINT('Origin',(-0.399999999999993,12.,2.99999999999999));
#5865=CARTESIAN_POINT('',(-1.29903810567666,12.,2.24999999999999));
#5866=CARTESIAN_POINT('',(-1.29903810567666,12.,2.24999999999999));
#5867=CARTESIAN_POINT('',(-0.299999999999993,12.,1.67320508075688));
#5868=CARTESIAN_POINT('',(0.,12.,1.5));
#5869=CARTESIAN_POINT('',(-0.299999999999991,12.,1.3267949192431));
#5870=CARTESIAN_POINT('Origin',(-0.399999999999992,12.,1.49999999999999));
#5871=CARTESIAN_POINT('',(-1.29903810567666,12.,0.749999999999988));
#5872=CARTESIAN_POINT('',(-1.29903810567666,12.,0.749999999999988));
#5873=CARTESIAN_POINT('',(-0.646410161513781,12.,0.373205080756885));
#5874=CARTESIAN_POINT('',(0.,12.,0.));
#5875=CARTESIAN_POINT('',(-0.746410161513779,12.,-3.53890374708225E-15));
#5876=CARTESIAN_POINT('Origin',(-0.74641016151378,12.,0.199999999999997));
#5877=CARTESIAN_POINT('',(-3.39937738537086,12.,-1.61172368586699E-14));
#5878=CARTESIAN_POINT('',(0.,12.,0.));
#5879=CARTESIAN_POINT('',(-6.2184552477286,12.,1.97393957002298));
#5880=CARTESIAN_POINT('Origin',(-3.39937738537087,12.,2.99999999999998));
#5881=CARTESIAN_POINT('',(-14.5544567154882,12.,24.8769153712332));
#5882=CARTESIAN_POINT('',(-5.5,12.,-2.60767760308594E-14));
#5883=CARTESIAN_POINT('',(-15.7606042997701,12.,31.7173182377465));
#5884=CARTESIAN_POINT('Origin',(4.23939570022993,12.,31.7173182377465));
#5885=CARTESIAN_POINT('',(-15.7606042997701,12.,44.0689483873653));
#5886=CARTESIAN_POINT('',(-15.7606042997701,12.,28.1907786235772));
#5887=CARTESIAN_POINT('',(-14.7349729232312,12.,47.4238935132839));
#5888=CARTESIAN_POINT('Origin',(-9.76060429977007,12.,44.0689483873653));
#5889=CARTESIAN_POINT('',(-14.0142285348487,12.,51.3692645529134));
#5890=CARTESIAN_POINT('Origin',(-18.8802801094489,12.,50.219681118216));
#5891=CARTESIAN_POINT('',(-1.74545454545455,12.,68.973888281199));
#5892=CARTESIAN_POINT('Origin',(0.,12.,54.6800648448419));
#5893=CARTESIAN_POINT('Origin',(-2.,12.,71.0584041990011));
#5894=CARTESIAN_POINT('',(10.8798117590683,12.,95.266569993096));
#5895=CARTESIAN_POINT('Origin',(10.8798117590683,12.,90.016569993096));
#5896=CARTESIAN_POINT('',(20.1820590315244,12.,127.287464675614));
#5897=CARTESIAN_POINT('Origin',(20.1820590315244,12.,122.037464675614));
#5898=CARTESIAN_POINT('',(26.0473030793717,12.,160.07847954315));
#5899=CARTESIAN_POINT('Origin',(26.0473030793717,12.,154.82847954315));
#5900=CARTESIAN_POINT('',(25.1493761539567,12.,176.720657307137));
#5901=CARTESIAN_POINT('Origin',(25.1493761539567,12.,171.470657307137));
#5902=CARTESIAN_POINT('',(-1.59204083889156E-15,12.,67.6800648448419));
#5903=CARTESIAN_POINT('Origin',(0.,12.,54.6800648448419));
#5904=CARTESIAN_POINT('',(23.7648184143258,12.,143.568116429898));
#5905=CARTESIAN_POINT('Origin',(23.7648184143258,12.,138.318116429898));
#5906=CARTESIAN_POINT('',(15.1757872636311,12.,111.378400841783));
#5907=CARTESIAN_POINT('Origin',(15.1757872636311,12.,106.128400841783));
#5908=CARTESIAN_POINT('Origin',(10.8798117590683,1.5,90.016569993096));
#5909=CARTESIAN_POINT('',(10.8798117590683,1.5,86.266569993096));
#5910=CARTESIAN_POINT('Origin',(10.8798117590683,1.5,84.766569993096));
#5911=CARTESIAN_POINT('',(14.6298117590683,1.5,90.016569993096));
#5912=CARTESIAN_POINT('Origin',(10.8798117590683,1.5,90.016569993096));
#5913=CARTESIAN_POINT('Origin',(10.8798117590683,1.5,90.016569993096));
#5914=CARTESIAN_POINT('Origin',(10.8798117590683,12.,90.016569993096));
#5915=CARTESIAN_POINT('',(14.6298117590683,10.5,90.016569993096));
#5916=CARTESIAN_POINT('',(10.8798117590683,10.5,93.766569993096));
#5917=CARTESIAN_POINT('Origin',(10.8798117590683,10.5,90.016569993096));
#5918=CARTESIAN_POINT('',(14.6298117590683,12.,90.016569993096));
#5919=CARTESIAN_POINT('Origin',(10.8798117590683,10.5,90.016569993096));
#5920=CARTESIAN_POINT('Origin',(10.8798117590683,10.5,90.016569993096));
#5921=CARTESIAN_POINT('Origin',(10.8798117590683,10.5,95.266569993096));
#5922=CARTESIAN_POINT('Origin',(15.1757872636311,1.5,106.128400841783));
#5923=CARTESIAN_POINT('',(15.1757872636311,1.5,102.378400841783));
#5924=CARTESIAN_POINT('Origin',(15.1757872636311,1.5,100.878400841783));
#5925=CARTESIAN_POINT('',(18.9257872636311,1.5,106.128400841783));
#5926=CARTESIAN_POINT('Origin',(15.1757872636311,1.5,106.128400841783));
#5927=CARTESIAN_POINT('Origin',(15.1757872636311,1.5,106.128400841783));
#5928=CARTESIAN_POINT('Origin',(15.1757872636311,12.,106.128400841783));
#5929=CARTESIAN_POINT('',(18.9257872636311,10.5,106.128400841783));
#5930=CARTESIAN_POINT('',(15.1757872636311,10.5,109.878400841783));
#5931=CARTESIAN_POINT('Origin',(15.1757872636311,10.5,106.128400841783));
#5932=CARTESIAN_POINT('',(18.9257872636311,12.,106.128400841783));
#5933=CARTESIAN_POINT('Origin',(15.1757872636311,10.5,106.128400841783));
#5934=CARTESIAN_POINT('Origin',(15.1757872636311,10.5,106.128400841783));
#5935=CARTESIAN_POINT('Origin',(15.1757872636311,10.5,111.378400841783));
#5936=CARTESIAN_POINT('Origin',(20.1820590315244,1.5,122.037464675614));
#5937=CARTESIAN_POINT('',(20.1820590315244,1.5,118.287464675614));
#5938=CARTESIAN_POINT('Origin',(20.1820590315244,1.5,116.787464675614));
#5939=CARTESIAN_POINT('',(23.9320590315244,1.5,122.037464675614));
#5940=CARTESIAN_POINT('Origin',(20.1820590315244,1.5,122.037464675614));
#5941=CARTESIAN_POINT('Origin',(20.1820590315244,1.5,122.037464675614));
#5942=CARTESIAN_POINT('Origin',(20.1820590315244,12.,122.037464675614));
#5943=CARTESIAN_POINT('',(23.9320590315244,10.5,122.037464675614));
#5944=CARTESIAN_POINT('',(20.1820590315244,10.5,125.787464675614));
#5945=CARTESIAN_POINT('Origin',(20.1820590315244,10.5,122.037464675614));
#5946=CARTESIAN_POINT('',(23.9320590315244,12.,122.037464675614));
#5947=CARTESIAN_POINT('Origin',(20.1820590315244,10.5,122.037464675614));
#5948=CARTESIAN_POINT('Origin',(20.1820590315244,10.5,122.037464675614));
#5949=CARTESIAN_POINT('Origin',(20.1820590315244,10.5,127.287464675614));
#5950=CARTESIAN_POINT('Origin',(23.7648184143258,1.5,138.318116429898));
#5951=CARTESIAN_POINT('',(23.7648184143258,1.5,134.568116429898));
#5952=CARTESIAN_POINT('Origin',(23.7648184143258,1.5,133.068116429898));
#5953=CARTESIAN_POINT('',(27.5148184143258,1.5,138.318116429898));
#5954=CARTESIAN_POINT('Origin',(23.7648184143258,1.5,138.318116429898));
#5955=CARTESIAN_POINT('Origin',(23.7648184143258,1.5,138.318116429898));
#5956=CARTESIAN_POINT('Origin',(23.7648184143258,12.,138.318116429898));
#5957=CARTESIAN_POINT('',(27.5148184143258,10.5,138.318116429898));
#5958=CARTESIAN_POINT('',(23.7648184143258,10.5,142.068116429898));
#5959=CARTESIAN_POINT('Origin',(23.7648184143258,10.5,138.318116429898));
#5960=CARTESIAN_POINT('',(27.5148184143258,12.,138.318116429898));
#5961=CARTESIAN_POINT('Origin',(23.7648184143258,10.5,138.318116429898));
#5962=CARTESIAN_POINT('Origin',(23.7648184143258,10.5,138.318116429898));
#5963=CARTESIAN_POINT('Origin',(23.7648184143258,10.5,143.568116429898));
#5964=CARTESIAN_POINT('Origin',(26.0473030793717,1.5,154.82847954315));
#5965=CARTESIAN_POINT('',(26.0473030793717,1.5,151.07847954315));
#5966=CARTESIAN_POINT('Origin',(26.0473030793717,1.5,149.57847954315));
#5967=CARTESIAN_POINT('',(29.7973030793717,1.5,154.82847954315));
#5968=CARTESIAN_POINT('Origin',(26.0473030793717,1.5,154.82847954315));
#5969=CARTESIAN_POINT('Origin',(26.0473030793717,1.5,154.82847954315));
#5970=CARTESIAN_POINT('Origin',(26.0473030793717,12.,154.82847954315));
#5971=CARTESIAN_POINT('',(29.7973030793717,10.5,154.82847954315));
#5972=CARTESIAN_POINT('',(26.0473030793717,10.5,158.57847954315));
#5973=CARTESIAN_POINT('Origin',(26.0473030793717,10.5,154.82847954315));
#5974=CARTESIAN_POINT('',(29.7973030793717,12.,154.82847954315));
#5975=CARTESIAN_POINT('Origin',(26.0473030793717,10.5,154.82847954315));
#5976=CARTESIAN_POINT('Origin',(26.0473030793717,10.5,154.82847954315));
#5977=CARTESIAN_POINT('Origin',(26.0473030793717,10.5,160.07847954315));
#5978=CARTESIAN_POINT('Origin',(25.1493761539567,1.5,171.470657307137));
#5979=CARTESIAN_POINT('',(25.1493761539567,1.5,167.720657307137));
#5980=CARTESIAN_POINT('Origin',(25.1493761539567,1.5,166.220657307137));
#5981=CARTESIAN_POINT('',(28.8993761539567,1.5,171.470657307137));
#5982=CARTESIAN_POINT('Origin',(25.1493761539567,1.5,171.470657307137));
#5983=CARTESIAN_POINT('Origin',(25.1493761539567,1.5,171.470657307137));
#5984=CARTESIAN_POINT('Origin',(25.1493761539567,12.,171.470657307137));
#5985=CARTESIAN_POINT('',(28.8993761539567,10.5,171.470657307137));
#5986=CARTESIAN_POINT('',(25.1493761539567,10.5,175.220657307137));
#5987=CARTESIAN_POINT('Origin',(25.1493761539567,10.5,171.470657307137));
#5988=CARTESIAN_POINT('',(28.8993761539567,12.,171.470657307137));
#5989=CARTESIAN_POINT('Origin',(25.1493761539567,10.5,171.470657307137));
#5990=CARTESIAN_POINT('Origin',(25.1493761539567,10.5,171.470657307137));
#5991=CARTESIAN_POINT('Origin',(25.1493761539567,10.5,176.720657307137));
#5992=CARTESIAN_POINT('Origin',(-3.11313081359137,5.85,37.4591933065756));
#5993=CARTESIAN_POINT('',(-2.55276726714493,6.,40.5589501834636));
#5994=CARTESIAN_POINT('',(-2.57945124554714,5.85,40.4113427131356));
#5995=CARTESIAN_POINT('Origin',(-2.55276726714493,5.85,40.5589501834636));
#5996=CARTESIAN_POINT('',(-0.282827033978442,5.85,36.4645172210539));
#5997=CARTESIAN_POINT('Origin',(-3.11313081359137,5.85,37.4591933065756));
#5998=CARTESIAN_POINT('',(-0.00273028634391236,6.,37.9570974741608));
#5999=CARTESIAN_POINT('Ctrl Pts',(-0.282827033978442,5.85,36.464517221054));
#6000=CARTESIAN_POINT('Ctrl Pts',(-0.281550868730322,5.85054432902168,36.4681484889388));
#6001=CARTESIAN_POINT('Ctrl Pts',(-0.28027889632304,5.85108865811518,36.471781230892));
#6002=CARTESIAN_POINT('Ctrl Pts',(-0.0872451242010619,5.93396522718405,
37.0251317173595));
#6003=CARTESIAN_POINT('Ctrl Pts',(-0.016656026019705,6.,37.5358801166247));
#6004=CARTESIAN_POINT('Ctrl Pts',(-0.00273028634391285,6.,37.9570974741608));
#6005=CARTESIAN_POINT('Origin',(-3.11313081359137,6.,37.4591933065756));
#6006=CARTESIAN_POINT('Origin',(0.,5.85,54.6800648448419));
#6007=CARTESIAN_POINT('',(-10.4636955258115,6.,44.8600049701205));
#6008=CARTESIAN_POINT('',(-10.5730721340952,5.85,44.7573562606286));
#6009=CARTESIAN_POINT('Origin',(-10.4636955258115,5.85,44.8600049701205));
#6010=CARTESIAN_POINT('Origin',(0.,5.85,54.6800648448419));
#6011=CARTESIAN_POINT('Origin',(0.,6.,54.6800648448419));
#6012=CARTESIAN_POINT('Origin',(-12.7606042997701,5.85,42.7043820707914));
#6013=CARTESIAN_POINT('',(-15.7606042997701,6.,43.6648507064063));
#6014=CARTESIAN_POINT('',(-15.7606042997701,5.85,42.7043820707914));
#6015=CARTESIAN_POINT('Ctrl Pts',(-15.7606042997701,6.,43.6648507064063));
#6016=CARTESIAN_POINT('Ctrl Pts',(-15.7606042997701,6.,43.3594033410911));
#6017=CARTESIAN_POINT('Ctrl Pts',(-15.7606042997701,5.91665407963723,43.0024681768844));
#6018=CARTESIAN_POINT('Ctrl Pts',(-15.7606042997701,5.85,42.7043820707914));
#6019=CARTESIAN_POINT('Origin',(-12.7606042997701,5.85,42.7043820707914));
#6020=CARTESIAN_POINT('Origin',(-12.7606042997701,6.,42.7043820707914));
#6021=CARTESIAN_POINT('Origin',(0.,6.,54.6800648448419));
#6022=CARTESIAN_POINT('',(0.,6.,38.1223106969234));
#6023=CARTESIAN_POINT('Origin',(-5.,6.,38.1223106969234));
#6024=CARTESIAN_POINT('',(0.,6.,39.2123565465839));
#6025=CARTESIAN_POINT('',(0.,6.,47.4300648448419));
#6026=CARTESIAN_POINT('',(0.935483870967742,6.,40.2102732109876));
#6027=CARTESIAN_POINT('Origin',(1.,6.,39.2123565465839));
#6028=CARTESIAN_POINT('',(14.1486050401689,6.,57.8529145761257));
#6029=CARTESIAN_POINT('Origin',(0.,6.,54.6800648448419));
#6030=CARTESIAN_POINT('',(15.443986313433,6.,62.4339621278126));
#6031=CARTESIAN_POINT('Origin',(19.027434364365,6.,58.9470006903615));
#6032=CARTESIAN_POINT('',(16.1282111132904,6.,63.3157424892856));
#6033=CARTESIAN_POINT('Origin',(11.8605382625009,6.,65.9209235652637));
#6034=CARTESIAN_POINT('',(11.317396644357,6.,63.5027080538976));
#6035=CARTESIAN_POINT('Origin',(13.8017032248256,6.,65.4393858314952));
#6036=CARTESIAN_POINT('',(1.82636363636364,6.,68.9133671976962));
#6037=CARTESIAN_POINT('Origin',(0.,6.,54.6800648448419));
#6038=CARTESIAN_POINT('Origin',(2.1,6.,71.0458828812249));
#6039=CARTESIAN_POINT('',(-1.74545454545455,6.,68.973888281199));
#6040=CARTESIAN_POINT('Origin',(-2.,6.,71.0584041990011));
#6041=CARTESIAN_POINT('',(-14.0142285348487,6.,51.3692645529134));
#6042=CARTESIAN_POINT('Origin',(0.,6.,54.6800648448419));
#6043=CARTESIAN_POINT('',(-14.7349729232312,6.,47.4238935132839));
#6044=CARTESIAN_POINT('Origin',(-18.8802801094489,6.,50.219681118216));
#6045=CARTESIAN_POINT('',(-15.7606042997701,6.,44.0689483873653));
#6046=CARTESIAN_POINT('Origin',(-9.76060429977007,6.,44.0689483873653));
#6047=CARTESIAN_POINT('',(-15.7606042997701,6.,41.4354217342095));
#6048=CARTESIAN_POINT('',(-7.34788079488412E-16,6.,60.6800648448419));
#6049=CARTESIAN_POINT('Origin',(0.,6.,54.6800648448419));
#6050=CARTESIAN_POINT('Origin',(13.8017032248256,5.85,65.4393858314952));
#6051=CARTESIAN_POINT('',(11.4356969577126,5.85,63.5949308052118));
#6052=CARTESIAN_POINT('Origin',(11.317396644357,5.85,63.5027080538976));
#6053=CARTESIAN_POINT('',(16.7134506683127,5.85,64.7170792308425));
#6054=CARTESIAN_POINT('Ctrl Pts',(16.1282111132904,6.,63.3157424892856));
#6055=CARTESIAN_POINT('Ctrl Pts',(16.3478005199175,6.,63.6754624940196));
#6056=CARTESIAN_POINT('Ctrl Pts',(16.5691762296344,5.93396522696693,64.1411228247804));
#6057=CARTESIAN_POINT('Ctrl Pts',(16.7115929218408,5.85108865811531,64.7096087808958));
#6058=CARTESIAN_POINT('Ctrl Pts',(16.7125239519712,5.85054432902207,64.7133434710757));
#6059=CARTESIAN_POINT('Ctrl Pts',(16.7134506683127,5.85,64.7170792308425));
#6060=CARTESIAN_POINT('Origin',(13.8017032248256,5.85,65.4393858314952));
#6061=CARTESIAN_POINT('Origin',(0.,5.85,54.6800648448419));
#6062=CARTESIAN_POINT('Origin',(1.82636363636364,5.85,68.9133671976962));
#6063=CARTESIAN_POINT('Origin',(0.,5.85,54.6800648448419));
#6064=CARTESIAN_POINT('Origin',(2.1,5.85,71.0458828812249));
#6065=CARTESIAN_POINT('Origin',(0.,6.,54.6800648448419));
#6066=CARTESIAN_POINT('',(11.4356969577126,0.,63.5949308052118));
#6067=CARTESIAN_POINT('Origin',(13.8017032248256,0.,65.4393858314952));
#6068=CARTESIAN_POINT('',(16.7134506683127,0.,64.7170792308425));
#6069=CARTESIAN_POINT('Origin',(-18.8802801094489,0.,50.219681118216));
#6070=CARTESIAN_POINT('',(-14.0142285348487,0.,51.3692645529134));
#6071=CARTESIAN_POINT('',(-14.7349729232312,0.,47.4238935132839));
#6072=CARTESIAN_POINT('Origin',(0.,0.,54.6800648448419));
#6073=CARTESIAN_POINT('',(-1.74545454545455,0.,68.973888281199));
#6074=CARTESIAN_POINT('Origin',(-9.76060429977007,0.,44.0689483873653));
#6075=CARTESIAN_POINT('',(-15.7606042997701,0.,44.0689483873653));
#6076=CARTESIAN_POINT('Origin',(-12.7606042997701,6.,42.7043820707914));
#6077=CARTESIAN_POINT('',(-15.7606042997701,0.,42.7043820707914));
#6078=CARTESIAN_POINT('',(-15.7606042997701,6.,42.7043820707914));
#6079=CARTESIAN_POINT('',(-10.5730721340952,0.,44.7573562606286));
#6080=CARTESIAN_POINT('Origin',(-12.7606042997701,0.,42.7043820707914));
#6081=CARTESIAN_POINT('',(-10.5730721340952,6.,44.7573562606286));
#6082=CARTESIAN_POINT('Origin',(0.,6.,54.6800648448419));
#6083=CARTESIAN_POINT('',(-2.57945124554714,0.,40.4113427131356));
#6084=CARTESIAN_POINT('Origin',(0.,0.,54.6800648448419));
#6085=CARTESIAN_POINT('',(-2.57945124554714,6.,40.4113427131356));
#6086=CARTESIAN_POINT('Origin',(9.08152010050251,0.,89.9898058419717));
#6087=CARTESIAN_POINT('',(-15.7606042997701,0.,31.7173182377465));
#6088=CARTESIAN_POINT('',(-15.7606042997701,0.,28.1907786235772));
#6089=CARTESIAN_POINT('',(-14.5544567154882,0.,24.8769153712332));
#6090=CARTESIAN_POINT('Origin',(4.23939570022993,0.,31.7173182377465));
#6091=CARTESIAN_POINT('',(-6.2184552477286,0.,1.97393957002298));
#6092=CARTESIAN_POINT('',(-5.5,0.,-2.60767760308594E-14));
#6093=CARTESIAN_POINT('',(-3.39937738537086,0.,-1.61172368586699E-14));
#6094=CARTESIAN_POINT('Origin',(-3.39937738537087,0.,2.99999999999998));
#6095=CARTESIAN_POINT('',(-0.746410161513779,0.,-3.53890374708225E-15));
#6096=CARTESIAN_POINT('',(0.,0.,0.));
#6097=CARTESIAN_POINT('',(-0.646410161513781,0.,0.373205080756885));
#6098=CARTESIAN_POINT('Origin',(-0.74641016151378,0.,0.199999999999997));
#6099=CARTESIAN_POINT('',(-1.29903810567666,0.,0.749999999999988));
#6100=CARTESIAN_POINT('',(0.,0.,0.));
#6101=CARTESIAN_POINT('',(-0.299999999999991,0.,1.3267949192431));
#6102=CARTESIAN_POINT('',(-1.29903810567666,0.,0.749999999999988));
#6103=CARTESIAN_POINT('',(-0.299999999999993,0.,1.67320508075688));
#6104=CARTESIAN_POINT('Origin',(-0.399999999999992,0.,1.49999999999999));
#6105=CARTESIAN_POINT('',(-1.29903810567666,0.,2.24999999999999));
#6106=CARTESIAN_POINT('',(0.,0.,1.5));
#6107=CARTESIAN_POINT('',(-0.299999999999992,0.,2.82679491924311));
#6108=CARTESIAN_POINT('',(-1.29903810567666,0.,2.24999999999999));
#6109=CARTESIAN_POINT('',(-0.299999999999994,0.,3.17320508075688));
#6110=CARTESIAN_POINT('Origin',(-0.399999999999993,0.,2.99999999999999));
#6111=CARTESIAN_POINT('',(-1.29903810567666,0.,3.74999999999999));
#6112=CARTESIAN_POINT('',(0.,0.,3.));
#6113=CARTESIAN_POINT('',(-0.299999999999992,0.,4.32679491924311));
#6114=CARTESIAN_POINT('',(-1.29903810567666,0.,3.74999999999999));
#6115=CARTESIAN_POINT('',(-0.299999999999994,0.,4.67320508075688));
#6116=CARTESIAN_POINT('Origin',(-0.399999999999993,0.,4.49999999999999));
#6117=CARTESIAN_POINT('',(-1.29903810567666,0.,5.24999999999999));
#6118=CARTESIAN_POINT('',(0.,0.,4.5));
#6119=CARTESIAN_POINT('',(-0.299999999999992,0.,5.82679491924311));
#6120=CARTESIAN_POINT('',(-1.29903810567666,0.,5.24999999999999));
#6121=CARTESIAN_POINT('',(-0.299999999999993,0.,6.17320508075688));
#6122=CARTESIAN_POINT('Origin',(-0.399999999999992,0.,5.99999999999999));
#6123=CARTESIAN_POINT('',(-1.29903810567666,0.,6.74999999999999));
#6124=CARTESIAN_POINT('',(0.,0.,6.));
#6125=CARTESIAN_POINT('',(-0.299999999999992,0.,7.32679491924311));
#6126=CARTESIAN_POINT('',(-1.29903810567666,0.,6.74999999999999));
#6127=CARTESIAN_POINT('',(-0.299999999999993,0.,7.67320508075688));
#6128=CARTESIAN_POINT('Origin',(-0.399999999999992,0.,7.49999999999999));
#6129=CARTESIAN_POINT('',(-1.29903810567666,0.,8.24999999999999));
#6130=CARTESIAN_POINT('',(0.,0.,7.5));
#6131=CARTESIAN_POINT('',(-0.299999999999992,0.,8.82679491924311));
#6132=CARTESIAN_POINT('',(-1.29903810567666,0.,8.24999999999999));
#6133=CARTESIAN_POINT('',(-0.299999999999993,0.,9.17320508075688));
#6134=CARTESIAN_POINT('Origin',(-0.399999999999992,0.,8.99999999999999));
#6135=CARTESIAN_POINT('',(-1.29903810567666,0.,9.74999999999999));
#6136=CARTESIAN_POINT('',(0.,0.,9.));
#6137=CARTESIAN_POINT('',(-0.299999999999991,0.,10.3267949192431));
#6138=CARTESIAN_POINT('',(-1.29903810567666,0.,9.74999999999999));
#6139=CARTESIAN_POINT('',(-0.299999999999994,0.,10.6732050807569));
#6140=CARTESIAN_POINT('Origin',(-0.399999999999992,0.,10.5));
#6141=CARTESIAN_POINT('',(-1.29903810567666,0.,11.25));
#6142=CARTESIAN_POINT('',(0.,0.,10.5));
#6143=CARTESIAN_POINT('',(-0.299999999999994,0.,11.8267949192431));
#6144=CARTESIAN_POINT('',(-1.29903810567666,0.,11.25));
#6145=CARTESIAN_POINT('',(-0.299999999999995,0.,12.1732050807569));
#6146=CARTESIAN_POINT('Origin',(-0.399999999999994,0.,12.));
#6147=CARTESIAN_POINT('',(-1.29903810567666,0.,12.75));
#6148=CARTESIAN_POINT('',(0.,0.,12.));
#6149=CARTESIAN_POINT('',(-0.299999999999994,0.,13.3267949192431));
#6150=CARTESIAN_POINT('',(-1.29903810567666,0.,12.75));
#6151=CARTESIAN_POINT('',(-0.299999999999995,0.,13.6732050807569));
#6152=CARTESIAN_POINT('Origin',(-0.399999999999994,0.,13.5));
#6153=CARTESIAN_POINT('',(-1.29903810567666,0.,14.25));
#6154=CARTESIAN_POINT('',(0.,0.,13.5));
#6155=CARTESIAN_POINT('',(-0.299999999999991,0.,14.8267949192431));
#6156=CARTESIAN_POINT('',(-1.29903810567666,0.,14.25));
#6157=CARTESIAN_POINT('',(-0.299999999999994,0.,15.1732050807569));
#6158=CARTESIAN_POINT('Origin',(-0.399999999999992,0.,15.));
#6159=CARTESIAN_POINT('',(-1.29903810567666,0.,15.75));
#6160=CARTESIAN_POINT('',(0.,0.,15.));
#6161=CARTESIAN_POINT('',(-0.200121126803905,0.,16.3844600135692));
#6162=CARTESIAN_POINT('',(-1.29903810567666,0.,15.75));
#6163=CARTESIAN_POINT('',(-0.142171093356791,0.,16.6803508185733));
#6164=CARTESIAN_POINT('Origin',(-0.300121126803905,0.,16.5576650943261));
#6165=CARTESIAN_POINT('',(-0.834882478104062,0.,35.3561227009992));
#6166=CARTESIAN_POINT('Origin',(12.5,0.,26.5));
#6167=CARTESIAN_POINT('',(-0.282827033978452,0.,36.464517221054));
#6168=CARTESIAN_POINT('Origin',(-5.,0.,38.1223106969234));
#6169=CARTESIAN_POINT('Origin',(-3.11313081359137,0.,37.4591933065756));
#6170=CARTESIAN_POINT('Origin',(-3.11313081359137,6.,37.4591933065756));
#6171=CARTESIAN_POINT('',(-0.282827033978442,6.,36.4645172210539));
#6172=CARTESIAN_POINT('Origin',(0.,0.,40.1800648448419));
#6173=CARTESIAN_POINT('',(0.,0.,38.1223106969234));
#6174=CARTESIAN_POINT('',(0.,0.,39.2123565465839));
#6175=CARTESIAN_POINT('Origin',(-5.,0.,38.1223106969234));
#6176=CARTESIAN_POINT('',(-0.834882478104062,0.,35.3561227009992));
#6177=CARTESIAN_POINT('Origin',(11.8605382625009,0.,65.9209235652637));
#6178=CARTESIAN_POINT('',(15.443986313433,0.,62.4339621278126));
#6179=CARTESIAN_POINT('',(16.8605382625009,0.,65.9209235652637));
#6180=CARTESIAN_POINT('Origin',(0.,11.5,54.6800648448419));
#6181=CARTESIAN_POINT('',(-1.59204083889156E-15,11.,67.6800648448419));
#6182=CARTESIAN_POINT('',(-1.59204083889156E-15,11.5,67.6800648448419));
#6183=CARTESIAN_POINT('Origin',(0.,11.,54.6800648448419));
#6184=CARTESIAN_POINT('Origin',(0.,9.,54.6800648448419));
#6185=CARTESIAN_POINT('',(-7.34788079488412E-16,7.,60.6800648448419));
#6186=CARTESIAN_POINT('',(-1.16341445918999E-15,9.,64.1800648448419));
#6187=CARTESIAN_POINT('Origin',(0.,7.,54.6800648448419));
#6188=CARTESIAN_POINT('Origin',(0.,6.5,54.6800648448419));
#6189=CARTESIAN_POINT('',(-7.34788079488412E-16,6.5,60.6800648448419));
#6190=CARTESIAN_POINT('Origin',(19.027434364365,0.,58.9470006903615));
#6191=CARTESIAN_POINT('',(14.1486050401689,0.,57.8529145761257));
#6192=CARTESIAN_POINT('Origin',(16.8605382625009,0.,68.318088312505));
#6193=CARTESIAN_POINT('Ctrl Pts',(16.8605382625009,-1.11022302462516E-15,
66.7855489919928));
#6194=CARTESIAN_POINT('Ctrl Pts',(16.8605382625009,4.,66.7855489919928));
#6195=CARTESIAN_POINT('Ctrl Pts',(16.8605382625009,8.,66.7855489919928));
#6196=CARTESIAN_POINT('Ctrl Pts',(16.8605382625009,12.,66.7855489919928));
#6197=CARTESIAN_POINT('Ctrl Pts',(16.8605382625009,-1.11022302462516E-15,
66.7855489919928));
#6198=CARTESIAN_POINT('Ctrl Pts',(16.8605382625009,4.,66.7855489919928));
#6199=CARTESIAN_POINT('Ctrl Pts',(16.8605382625009,8.,66.7855489919928));
#6200=CARTESIAN_POINT('Ctrl Pts',(16.8605382625009,12.,66.7855489919928));
#6201=CARTESIAN_POINT('Ctrl Pts',(16.8605382625009,-1.11022302462516E-15,
67.7162976494999));
#6202=CARTESIAN_POINT('Ctrl Pts',(16.8605382625009,4.,67.7162976494999));
#6203=CARTESIAN_POINT('Ctrl Pts',(16.8605382625009,8.,67.7162976494999));
#6204=CARTESIAN_POINT('Ctrl Pts',(16.8605382625009,12.,67.7162976494999));
#6205=CARTESIAN_POINT('Ctrl Pts',(16.7954609543714,-1.11022302462516E-15,
68.6470404189398));
#6206=CARTESIAN_POINT('Ctrl Pts',(16.7954609543714,4.00000000000001,68.6470404189398));
#6207=CARTESIAN_POINT('Ctrl Pts',(16.7954609543714,8.,68.6470404189398));
#6208=CARTESIAN_POINT('Ctrl Pts',(16.7954609543714,12.,68.6470404189398));
#6209=CARTESIAN_POINT('Ctrl Pts',(16.6659387194549,-1.11022302462516E-15,
69.5687329132749));
#6210=CARTESIAN_POINT('Ctrl Pts',(16.6659387194549,4.,69.5687329132749));
#6211=CARTESIAN_POINT('Ctrl Pts',(16.6659387194549,8.,69.5687329132749));
#6212=CARTESIAN_POINT('Ctrl Pts',(16.6659387194549,12.,69.5687329132749));
#6213=CARTESIAN_POINT('Origin',(1.,0.,39.2123565465839));
#6214=CARTESIAN_POINT('',(0.935483870967742,0.,40.2102732109876));
#6215=CARTESIAN_POINT('Origin',(-2.,0.,71.0584041990011));
#6216=CARTESIAN_POINT('Origin',(-3.39937738537087,0.,2.99999999999998));
#6217=CARTESIAN_POINT('',(-3.39937738537086,0.,-1.60982338570648E-14));
#6218=CARTESIAN_POINT('',(-6.2184552477286,0.,1.97393957002298));
#6219=CARTESIAN_POINT('Origin',(-5.5,0.,-2.60767760308594E-14));
#6220=CARTESIAN_POINT('',(-14.5544567154882,0.,24.8769153712332));
#6221=CARTESIAN_POINT('Origin',(4.23939570022993,0.,31.7173182377465));
#6222=CARTESIAN_POINT('',(-15.7606042997701,0.,31.7173182377465));
#6223=CARTESIAN_POINT('Origin',(-15.7606042997701,0.,28.1907786235772));
#6224=CARTESIAN_POINT('Origin',(12.5,0.,26.5));
#6225=CARTESIAN_POINT('',(-0.142171093356791,0.,16.6803508185733));
#6226=CARTESIAN_POINT('Origin',(-0.74641016151378,0.,0.199999999999997));
#6227=CARTESIAN_POINT('',(-0.646410161513781,0.,0.373205080756885));
#6228=CARTESIAN_POINT('',(-0.746410161513779,0.,-3.53883589099269E-15));
#6229=CARTESIAN_POINT('Origin',(0.,0.,0.));
#6230=CARTESIAN_POINT('Origin',(-0.399999999999992,0.,1.49999999999999));
#6231=CARTESIAN_POINT('',(-0.299999999999993,0.,1.67320508075688));
#6232=CARTESIAN_POINT('',(-0.299999999999992,0.,1.3267949192431));
#6233=CARTESIAN_POINT('Origin',(0.,0.,1.49999999999999));
#6234=CARTESIAN_POINT('',(-1.29903810567666,0.,0.749999999999988));
#6235=CARTESIAN_POINT('Origin',(-0.399999999999993,0.,2.99999999999999));
#6236=CARTESIAN_POINT('',(-0.299999999999994,0.,3.17320508075688));
#6237=CARTESIAN_POINT('',(-0.299999999999992,0.,2.82679491924311));
#6238=CARTESIAN_POINT('Origin',(0.,0.,2.99999999999999));
#6239=CARTESIAN_POINT('',(-1.29903810567666,0.,2.24999999999999));
#6240=CARTESIAN_POINT('Origin',(-0.399999999999993,0.,4.49999999999999));
#6241=CARTESIAN_POINT('',(-0.299999999999994,0.,4.67320508075688));
#6242=CARTESIAN_POINT('',(-0.299999999999992,0.,4.32679491924311));
#6243=CARTESIAN_POINT('Origin',(0.,0.,4.49999999999999));
#6244=CARTESIAN_POINT('',(-1.29903810567666,0.,3.74999999999999));
#6245=CARTESIAN_POINT('Origin',(-0.399999999999992,0.,5.99999999999999));
#6246=CARTESIAN_POINT('',(-0.299999999999993,0.,6.17320508075688));
#6247=CARTESIAN_POINT('',(-0.299999999999992,0.,5.82679491924311));
#6248=CARTESIAN_POINT('Origin',(0.,0.,5.99999999999999));
#6249=CARTESIAN_POINT('',(-1.29903810567666,0.,5.24999999999999));
#6250=CARTESIAN_POINT('Origin',(-0.399999999999992,0.,7.49999999999999));
#6251=CARTESIAN_POINT('',(-0.299999999999993,0.,7.67320508075688));
#6252=CARTESIAN_POINT('',(-0.299999999999992,0.,7.32679491924311));
#6253=CARTESIAN_POINT('Origin',(0.,0.,7.49999999999999));
#6254=CARTESIAN_POINT('',(-1.29903810567666,0.,6.74999999999999));
#6255=CARTESIAN_POINT('Origin',(-0.399999999999992,0.,8.99999999999999));
#6256=CARTESIAN_POINT('',(-0.299999999999993,0.,9.17320508075688));
#6257=CARTESIAN_POINT('',(-0.299999999999992,0.,8.82679491924311));
#6258=CARTESIAN_POINT('Origin',(0.,0.,8.99999999999999));
#6259=CARTESIAN_POINT('',(-1.29903810567666,0.,8.24999999999999));
#6260=CARTESIAN_POINT('Origin',(-0.399999999999992,0.,10.5));
#6261=CARTESIAN_POINT('',(-0.299999999999993,0.,10.6732050807569));
#6262=CARTESIAN_POINT('',(-0.299999999999991,0.,10.3267949192431));
#6263=CARTESIAN_POINT('Origin',(0.,0.,10.5));
#6264=CARTESIAN_POINT('',(-1.29903810567666,0.,9.74999999999999));
#6265=CARTESIAN_POINT('Origin',(-0.399999999999994,0.,12.));
#6266=CARTESIAN_POINT('',(-0.299999999999995,0.,12.1732050807569));
#6267=CARTESIAN_POINT('',(-0.299999999999993,0.,11.8267949192431));
#6268=CARTESIAN_POINT('Origin',(0.,0.,12.));
#6269=CARTESIAN_POINT('',(-1.29903810567666,0.,11.25));
#6270=CARTESIAN_POINT('Origin',(-0.399999999999994,0.,13.5));
#6271=CARTESIAN_POINT('',(-0.299999999999995,0.,13.6732050807569));
#6272=CARTESIAN_POINT('',(-0.299999999999993,0.,13.3267949192431));
#6273=CARTESIAN_POINT('Origin',(0.,0.,13.5));
#6274=CARTESIAN_POINT('',(-1.29903810567666,0.,12.75));
#6275=CARTESIAN_POINT('Origin',(-0.399999999999992,0.,15.));
#6276=CARTESIAN_POINT('',(-0.299999999999993,0.,15.1732050807569));
#6277=CARTESIAN_POINT('',(-0.299999999999991,0.,14.8267949192431));
#6278=CARTESIAN_POINT('Origin',(0.,0.,15.));
#6279=CARTESIAN_POINT('',(-1.29903810567666,0.,14.25));
#6280=CARTESIAN_POINT('Origin',(-0.300121126803905,0.,16.5576650943261));
#6281=CARTESIAN_POINT('',(-0.200121126803905,0.,16.3844600135692));
#6282=CARTESIAN_POINT('Origin',(0.,0.,16.5));
#6283=CARTESIAN_POINT('',(-1.29903810567666,0.,15.75));
#6284=CARTESIAN_POINT('Origin',(0.,0.,54.6800648448419));
#6285=CARTESIAN_POINT('Origin',(-1.29903810567666,0.,0.749999999999988));
#6286=CARTESIAN_POINT('Origin',(-1.29903810567666,0.,2.24999999999999));
#6287=CARTESIAN_POINT('Origin',(-1.29903810567666,0.,3.74999999999999));
#6288=CARTESIAN_POINT('Origin',(-1.29903810567666,0.,5.24999999999999));
#6289=CARTESIAN_POINT('Origin',(-1.29903810567666,0.,6.74999999999999));
#6290=CARTESIAN_POINT('Origin',(-1.29903810567666,0.,8.24999999999999));
#6291=CARTESIAN_POINT('Origin',(-1.29903810567666,0.,9.74999999999999));
#6292=CARTESIAN_POINT('Origin',(-1.29903810567666,0.,11.25));
#6293=CARTESIAN_POINT('Origin',(-1.29903810567666,0.,12.75));
#6294=CARTESIAN_POINT('Origin',(-1.29903810567666,0.,14.25));
#6295=CARTESIAN_POINT('Origin',(-1.29903810567666,0.,15.75));
#6296=CARTESIAN_POINT('',(0.,0.,0.));
#6297=CARTESIAN_POINT('Ctrl Pts',(-62.6246227900115,-0.000199999999992984,
176.29130089938));
#6298=CARTESIAN_POINT('Ctrl Pts',(-62.6246227900115,-4.0002,176.29130089938));
#6299=CARTESIAN_POINT('Ctrl Pts',(-62.6246227900116,-8.00019999999999,176.29130089938));
#6300=CARTESIAN_POINT('Ctrl Pts',(-62.6246227900116,-12.0002,176.29130089938));
#6301=CARTESIAN_POINT('Ctrl Pts',(-61.943951251828,-0.000199999999993067,
177.429046884725));
#6302=CARTESIAN_POINT('Ctrl Pts',(-61.943951251828,-4.0002,177.429046884725));
#6303=CARTESIAN_POINT('Ctrl Pts',(-61.943951251828,-8.00019999999999,177.429046884725));
#6304=CARTESIAN_POINT('Ctrl Pts',(-61.943951251828,-12.0002,177.429046884725));
#6305=CARTESIAN_POINT('Ctrl Pts',(-59.9254055462644,-0.00019999999999332,
178.907095688276));
#6306=CARTESIAN_POINT('Ctrl Pts',(-59.9254055462644,-4.00019999999999,178.907095688276));
#6307=CARTESIAN_POINT('Ctrl Pts',(-59.9254055462645,-8.0002,178.907095688275));
#6308=CARTESIAN_POINT('Ctrl Pts',(-59.9254055462645,-12.0002,178.907095688275));
#6309=CARTESIAN_POINT('Ctrl Pts',(-57.5008644839656,-0.00019999999999363,
178.753702015701));
#6310=CARTESIAN_POINT('Ctrl Pts',(-57.5008644839656,-4.0002,178.753702015701));
#6311=CARTESIAN_POINT('Ctrl Pts',(-57.5008644839657,-8.00019999999999,178.753702015701));
#6312=CARTESIAN_POINT('Ctrl Pts',(-57.5008644839657,-12.0002,178.753702015701));
#6313=CARTESIAN_POINT('Ctrl Pts',(-56.5704037020073,-0.000199999999993749,
178.402997299953));
#6314=CARTESIAN_POINT('Ctrl Pts',(-56.5704037020073,-4.0002,178.402997299953));
#6315=CARTESIAN_POINT('Ctrl Pts',(-56.5704037020074,-8.00019999999999,178.402997299953));
#6316=CARTESIAN_POINT('Ctrl Pts',(-56.5704037020074,-12.0002,178.402997299953));
#6317=CARTESIAN_POINT('',(-62.6246227900116,-12.0002,176.29130089938));
#6318=CARTESIAN_POINT('',(-56.5704037020074,-12.0002,178.402997299953));
#6319=CARTESIAN_POINT('Ctrl Pts',(-62.6246227900116,-12.0002,176.29130089938));
#6320=CARTESIAN_POINT('Ctrl Pts',(-61.943951251828,-12.0002,177.429046884725));
#6321=CARTESIAN_POINT('Ctrl Pts',(-60.7904965629346,-12.0002,178.27364620104));
#6322=CARTESIAN_POINT('Ctrl Pts',(-59.5044719616378,-12.0002,178.585529606783));
#6323=CARTESIAN_POINT('Ctrl Pts',(-58.5399535106652,-12.0002,178.81944216109));
#6324=CARTESIAN_POINT('Ctrl Pts',(-57.5008644839657,-12.0002,178.753702015701));
#6325=CARTESIAN_POINT('Ctrl Pts',(-56.5704037020074,-12.0002,178.402997299953));
#6326=CARTESIAN_POINT('',(-56.5704037020073,-0.00019999999999427,178.402997299953));
#6327=CARTESIAN_POINT('Ctrl Pts',(-56.5704037020074,-12.0002,178.402997299953));
#6328=CARTESIAN_POINT('Ctrl Pts',(-56.5704037020074,-8.00019999999999,178.402997299953));
#6329=CARTESIAN_POINT('Ctrl Pts',(-56.5704037020073,-4.0002,178.402997299953));
#6330=CARTESIAN_POINT('Ctrl Pts',(-56.5704037020073,-0.000199999999993749,
178.402997299953));
#6331=CARTESIAN_POINT('',(-62.6246227900115,-0.0001999999999939,176.29130089938));
#6332=CARTESIAN_POINT('Ctrl Pts',(-56.5704037020073,-0.000199999999993753,
178.402997299953));
#6333=CARTESIAN_POINT('Ctrl Pts',(-57.5008644839656,-0.000199999999993633,
178.753702015701));
#6334=CARTESIAN_POINT('Ctrl Pts',(-58.5399535106651,-0.0001999999999935,
178.81944216109));
#6335=CARTESIAN_POINT('Ctrl Pts',(-59.5044719616377,-0.000199999999993378,
178.585529606783));
#6336=CARTESIAN_POINT('Ctrl Pts',(-60.7904965629345,-0.000199999999993215,
178.27364620104));
#6337=CARTESIAN_POINT('Ctrl Pts',(-61.943951251828,-0.00019999999999307,
177.429046884725));
#6338=CARTESIAN_POINT('Ctrl Pts',(-62.6246227900115,-0.000199999999992987,
176.29130089938));
#6339=CARTESIAN_POINT('Ctrl Pts',(-62.6246227900115,-0.000199999999992984,
176.29130089938));
#6340=CARTESIAN_POINT('Ctrl Pts',(-62.6246227900115,-4.0002,176.29130089938));
#6341=CARTESIAN_POINT('Ctrl Pts',(-62.6246227900116,-8.00019999999999,176.29130089938));
#6342=CARTESIAN_POINT('Ctrl Pts',(-62.6246227900116,-12.0002,176.29130089938));
#6343=CARTESIAN_POINT('Ctrl Pts',(-56.5250900722413,-0.000199999999995008,
179.979611683943));
#6344=CARTESIAN_POINT('Ctrl Pts',(-56.5250900722413,-12.0002,179.979611683943));
#6345=CARTESIAN_POINT('Ctrl Pts',(-57.1977992689715,-0.000199999999994925,
179.969832767566));
#6346=CARTESIAN_POINT('Ctrl Pts',(-57.1977992689715,-12.0002,179.969832767566));
#6347=CARTESIAN_POINT('Ctrl Pts',(-58.478949914212,-0.000199999999994768,
179.81935939368));
#6348=CARTESIAN_POINT('Ctrl Pts',(-58.478949914212,-12.0002,179.81935939368));
#6349=CARTESIAN_POINT('Ctrl Pts',(-60.2078725067075,-0.000199999999994557,
179.20090020028));
#6350=CARTESIAN_POINT('Ctrl Pts',(-60.2078725067075,-12.0002,179.20090020028));
#6351=CARTESIAN_POINT('Ctrl Pts',(-62.125923499245,-0.000199999999994322,
177.58760535548));
#6352=CARTESIAN_POINT('Ctrl Pts',(-62.125923499245,-12.0002,177.58760535548));
#6353=CARTESIAN_POINT('Ctrl Pts',(-63.8735991709263,-0.000199999999994108,
174.266862699443));
#6354=CARTESIAN_POINT('Ctrl Pts',(-63.8735991709263,-12.0002,174.266862699443));
#6355=CARTESIAN_POINT('Ctrl Pts',(-64.9739542601226,-0.000199999999993973,
169.706923389892));
#6356=CARTESIAN_POINT('Ctrl Pts',(-64.9739542601226,-12.0002,169.706923389892));
#6357=CARTESIAN_POINT('Ctrl Pts',(-65.4448531003152,-0.000199999999993915,
164.063448817848));
#6358=CARTESIAN_POINT('Ctrl Pts',(-65.4448531003152,-12.0002,164.063448817848));
#6359=CARTESIAN_POINT('Ctrl Pts',(-65.3186327438043,-0.000199999999993931,
157.552639524115));
#6360=CARTESIAN_POINT('Ctrl Pts',(-65.3186327438043,-12.0002,157.552639524115));
#6361=CARTESIAN_POINT('Ctrl Pts',(-64.6421166847115,-0.000199999999994014,
150.424501192335));
#6362=CARTESIAN_POINT('Ctrl Pts',(-64.6421166847115,-12.0002,150.424501192335));
#6363=CARTESIAN_POINT('Ctrl Pts',(-63.4773330458404,-0.000199999999994156,
142.936058559935));
#6364=CARTESIAN_POINT('Ctrl Pts',(-63.4773330458404,-12.0002,142.936058559935));
#6365=CARTESIAN_POINT('Ctrl Pts',(-61.9025344185962,-0.000199999999994349,
135.326609967968));
#6366=CARTESIAN_POINT('Ctrl Pts',(-61.9025344185962,-12.0002,135.326609967968));
#6367=CARTESIAN_POINT('Ctrl Pts',(-60.014612977864,-0.00019999999999458,
127.790052248584));
#6368=CARTESIAN_POINT('Ctrl Pts',(-60.014612977864,-12.0002,127.790052248584));
#6369=CARTESIAN_POINT('Ctrl Pts',(-57.929639054175,-0.000199999999994836,
120.455221772055));
#6370=CARTESIAN_POINT('Ctrl Pts',(-57.929639054175,-12.0002,120.455221772055));
#6371=CARTESIAN_POINT('Ctrl Pts',(-55.7735021514946,-0.0001999999999951,
113.401663405956));
#6372=CARTESIAN_POINT('Ctrl Pts',(-55.7735021514946,-12.0002,113.401663405956));
#6373=CARTESIAN_POINT('Ctrl Pts',(-53.6742204828511,-0.000199999999995357,
106.669513575835));
#6374=CARTESIAN_POINT('Ctrl Pts',(-53.6742204828511,-12.0002,106.669513575835));
#6375=CARTESIAN_POINT('Ctrl Pts',(-51.753963519035,-0.000199999999995592,
100.270611027016));
#6376=CARTESIAN_POINT('Ctrl Pts',(-51.753963519035,-12.0002,100.270611027016));
#6377=CARTESIAN_POINT('Ctrl Pts',(-50.1207150220894,-0.000199999999995792,
94.1983697375454));
#6378=CARTESIAN_POINT('Ctrl Pts',(-50.1207150220894,-12.0002,94.1983697375454));
#6379=CARTESIAN_POINT('Ctrl Pts',(-48.8606700451422,-0.000199999999995946,
88.437034196987));
#6380=CARTESIAN_POINT('Ctrl Pts',(-48.8606700451422,-12.0002,88.437034196987));
#6381=CARTESIAN_POINT('Ctrl Pts',(-48.0272677516639,-0.000199999999996048,
82.9716879821223));
#6382=CARTESIAN_POINT('Ctrl Pts',(-48.0272677516639,-12.0002,82.9716879821223));
#6383=CARTESIAN_POINT('Ctrl Pts',(-47.6464746994743,-0.000199999999996095,
77.790675714576));
#6384=CARTESIAN_POINT('Ctrl Pts',(-47.6464746994743,-12.0002,77.790675714576));
#6385=CARTESIAN_POINT('Ctrl Pts',(-47.7107962832278,-0.000199999999996087,
73.8664634100455));
#6386=CARTESIAN_POINT('Ctrl Pts',(-47.7107962832278,-12.0002,73.8664634100455));
#6387=CARTESIAN_POINT('Ctrl Pts',(-47.9660790854173,-0.000199999999996056,
71.0451039812044));
#6388=CARTESIAN_POINT('Ctrl Pts',(-47.9660790854173,-12.0002,71.0451039812044));
#6389=CARTESIAN_POINT('Ctrl Pts',(-48.2279163158195,-0.000199999999996024,
69.2181083276178));
#6390=CARTESIAN_POINT('Ctrl Pts',(-48.2279163158195,-12.0002,69.2181083276178));
#6391=CARTESIAN_POINT('Ctrl Pts',(-48.381746862041,-0.000199999999996005,
68.318088312505));
#6392=CARTESIAN_POINT('Ctrl Pts',(-48.381746862041,-12.0002,68.318088312505));
#6393=CARTESIAN_POINT('',(-48.1871473189951,-0.000199999999995474,69.5687329132749));
#6394=CARTESIAN_POINT('Ctrl Pts',(-62.6246227900115,-0.000199999999994261,
176.29130089938));
#6395=CARTESIAN_POINT('Ctrl Pts',(-62.8705741646753,-0.000199999999994231,
175.880191908602));
#6396=CARTESIAN_POINT('Ctrl Pts',(-63.4515684697306,-0.00019999999999416,
174.778707860422));
#6397=CARTESIAN_POINT('Ctrl Pts',(-64.2383119483664,-0.000199999999994063,
172.734538583983));
#6398=CARTESIAN_POINT('Ctrl Pts',(-65.0056677152408,-0.000199999999993969,
169.32685433413));
#6399=CARTESIAN_POINT('Ctrl Pts',(-65.4448531003152,-0.000199999999993915,
164.063448817848));
#6400=CARTESIAN_POINT('Ctrl Pts',(-65.3186327438043,-0.000199999999993931,
157.552639524115));
#6401=CARTESIAN_POINT('Ctrl Pts',(-64.6421166847115,-0.000199999999994014,
150.424501192335));
#6402=CARTESIAN_POINT('Ctrl Pts',(-63.4773330458404,-0.000199999999994156,
142.936058559935));
#6403=CARTESIAN_POINT('Ctrl Pts',(-61.9025344185962,-0.000199999999994349,
135.326609967968));
#6404=CARTESIAN_POINT('Ctrl Pts',(-60.014612977864,-0.00019999999999458,
127.790052248584));
#6405=CARTESIAN_POINT('Ctrl Pts',(-57.929639054175,-0.000199999999994836,
120.455221772055));
#6406=CARTESIAN_POINT('Ctrl Pts',(-55.7735021514946,-0.0001999999999951,
113.401663405956));
#6407=CARTESIAN_POINT('Ctrl Pts',(-53.6742204828511,-0.000199999999995357,
106.669513575835));
#6408=CARTESIAN_POINT('Ctrl Pts',(-51.753963519035,-0.000199999999995592,
100.270611027016));
#6409=CARTESIAN_POINT('Ctrl Pts',(-50.1207150220894,-0.000199999999995792,
94.1983697375454));
#6410=CARTESIAN_POINT('Ctrl Pts',(-48.8606700451422,-0.000199999999995946,
88.437034196987));
#6411=CARTESIAN_POINT('Ctrl Pts',(-48.0272677516639,-0.000199999999996048,
82.9716879821223));
#6412=CARTESIAN_POINT('Ctrl Pts',(-47.667466994718,-0.000199999999996093,
78.0762936862169));
#6413=CARTESIAN_POINT('Ctrl Pts',(-47.7036835191257,-0.000199999999996088,
74.4083442177634));
#6414=CARTESIAN_POINT('Ctrl Pts',(-47.9009569967818,-0.000199999999996064,
71.8258675503893));
#6415=CARTESIAN_POINT('Ctrl Pts',(-48.0940197021979,-0.00019999999999604,
70.2314378571222));
#6416=CARTESIAN_POINT('Ctrl Pts',(-48.1871473189951,-0.000199999999996029,
69.5687329132749));
#6417=CARTESIAN_POINT('',(-48.1871473189951,-12.0002,69.5687329132749));
#6418=CARTESIAN_POINT('Ctrl Pts',(-48.1871473189951,-12.0002,69.5687329132749));
#6419=CARTESIAN_POINT('Ctrl Pts',(-48.1871473189951,-8.0002,69.5687329132749));
#6420=CARTESIAN_POINT('Ctrl Pts',(-48.1871473189951,-4.0002,69.568732913275));
#6421=CARTESIAN_POINT('Ctrl Pts',(-48.1871473189951,-0.000199999999996341,
69.568732913275));
#6422=CARTESIAN_POINT('Ctrl Pts',(-62.6246227900116,-12.0002,176.29130089938));
#6423=CARTESIAN_POINT('Ctrl Pts',(-62.8705741646753,-12.0002,175.880191908602));
#6424=CARTESIAN_POINT('Ctrl Pts',(-63.4515684697306,-12.0002,174.778707860422));
#6425=CARTESIAN_POINT('Ctrl Pts',(-64.2383119483664,-12.0002,172.734538583983));
#6426=CARTESIAN_POINT('Ctrl Pts',(-65.0056677152408,-12.0002,169.32685433413));
#6427=CARTESIAN_POINT('Ctrl Pts',(-65.4448531003152,-12.0002,164.063448817848));
#6428=CARTESIAN_POINT('Ctrl Pts',(-65.3186327438043,-12.0002,157.552639524115));
#6429=CARTESIAN_POINT('Ctrl Pts',(-64.6421166847115,-12.0002,150.424501192335));
#6430=CARTESIAN_POINT('Ctrl Pts',(-63.4773330458404,-12.0002,142.936058559935));
#6431=CARTESIAN_POINT('Ctrl Pts',(-61.9025344185962,-12.0002,135.326609967968));
#6432=CARTESIAN_POINT('Ctrl Pts',(-60.014612977864,-12.0002,127.790052248584));
#6433=CARTESIAN_POINT('Ctrl Pts',(-57.929639054175,-12.0002,120.455221772055));
#6434=CARTESIAN_POINT('Ctrl Pts',(-55.7735021514946,-12.0002,113.401663405956));
#6435=CARTESIAN_POINT('Ctrl Pts',(-53.6742204828511,-12.0002,106.669513575835));
#6436=CARTESIAN_POINT('Ctrl Pts',(-51.753963519035,-12.0002,100.270611027016));
#6437=CARTESIAN_POINT('Ctrl Pts',(-50.1207150220894,-12.0002,94.1983697375454));
#6438=CARTESIAN_POINT('Ctrl Pts',(-48.8606700451422,-12.0002,88.437034196987));
#6439=CARTESIAN_POINT('Ctrl Pts',(-48.0272677516639,-12.0002,82.9716879821223));
#6440=CARTESIAN_POINT('Ctrl Pts',(-47.667466994718,-12.0002,78.0762936862169));
#6441=CARTESIAN_POINT('Ctrl Pts',(-47.7036835191257,-12.0002,74.4083442177634));
#6442=CARTESIAN_POINT('Ctrl Pts',(-47.9009569967818,-12.0002,71.8258675503893));
#6443=CARTESIAN_POINT('Ctrl Pts',(-48.0940197021979,-12.0002,70.2314378571222));
#6444=CARTESIAN_POINT('Ctrl Pts',(-48.1871473189951,-12.0002,69.5687329132749));
#6445=CARTESIAN_POINT('Origin',(-40.6027287000427,-0.000199999999996958,
89.9898058419717));
#6446=CARTESIAN_POINT('',(-47.1952467428502,-0.00019999999999615,125.234665093968));
#6447=CARTESIAN_POINT('Ctrl Pts',(-56.5704450516757,-0.000199999999995002,
178.40300432874));
#6448=CARTESIAN_POINT('Ctrl Pts',(-55.945741315325,-0.000199999999995079,
178.167525947177));
#6449=CARTESIAN_POINT('Ctrl Pts',(-55.3831005116596,-0.000199999999995148,
177.901593491943));
#6450=CARTESIAN_POINT('Ctrl Pts',(-54.8801705573086,-0.000199999999995209,
177.608414892989));
#6451=CARTESIAN_POINT('Ctrl Pts',(-53.2914186357334,-0.000199999999995404,
176.682265916527));
#6452=CARTESIAN_POINT('Ctrl Pts',(-52.2963753421637,-0.000199999999995526,
175.52750753568));
#6453=CARTESIAN_POINT('Ctrl Pts',(-51.6642911544216,-0.000199999999995603,
173.957831720129));
#6454=CARTESIAN_POINT('Ctrl Pts',(-51.0070785813248,-0.000199999999995683,
172.325753744328));
#6455=CARTESIAN_POINT('Ctrl Pts',(-50.7876236896654,-0.00019999999999571,
170.171817140439));
#6456=CARTESIAN_POINT('Ctrl Pts',(-50.836377510861,-0.000199999999995704,
167.451416203267));
#6457=CARTESIAN_POINT('Ctrl Pts',(-50.9087686815493,-0.000199999999995696,
163.412081362352));
#6458=CARTESIAN_POINT('Ctrl Pts',(-51.4857607453903,-0.000199999999995625,
158.1649867408));
#6459=CARTESIAN_POINT('Ctrl Pts',(-51.3562900151184,-0.000199999999995641,
152.044571875511));
#6460=CARTESIAN_POINT('Ctrl Pts',(-51.2545444746813,-0.000199999999995653,
147.234798138542));
#6461=CARTESIAN_POINT('Ctrl Pts',(-50.7134898509071,-0.000199999999995719,
141.895567876884));
#6462=CARTESIAN_POINT('Ctrl Pts',(-49.6946063836293,-0.000199999999995844,
136.330384003253));
#6463=CARTESIAN_POINT('Ctrl Pts',(-49.028883804117,-0.000199999999995926,
132.694179586556));
#6464=CARTESIAN_POINT('Ctrl Pts',(-48.1648903154682,-0.000199999999996032,
128.965725372405));
#6465=CARTESIAN_POINT('Ctrl Pts',(-47.1884242518558,-0.000199999999996151,
125.237168939827));
#6466=CARTESIAN_POINT('',(-51.7545051957774,-0.000199999999995482,127.88165484439));
#6467=CARTESIAN_POINT('Origin',(-51.7545051957774,-0.000199999999995482,
122.63165484439));
#6468=CARTESIAN_POINT('',(-46.5046115105977,-0.000199999999996235,122.66506583525));
#6469=CARTESIAN_POINT('Origin',(-51.7545051957774,-0.000199999999995482,
122.63165484439));
#6470=CARTESIAN_POINT('',(-42.6975311039059,-0.000199999999996701,109.941071494255));
#6471=CARTESIAN_POINT('Ctrl Pts',(-46.4984573648266,-0.000199999999996236,
122.66775324421));
#6472=CARTESIAN_POINT('Ctrl Pts',(-45.5253393330335,-0.000199999999996355,
119.127762089372));
#6473=CARTESIAN_POINT('Ctrl Pts',(-44.4683936949336,-0.000199999999996484,
115.60681621811));
#6474=CARTESIAN_POINT('Ctrl Pts',(-43.4013341751531,-0.000199999999996615,
112.184084315119));
#6475=CARTESIAN_POINT('Ctrl Pts',(-43.1667498700129,-0.000199999999996644,
111.431624709763));
#6476=CARTESIAN_POINT('Ctrl Pts',(-42.9323407835629,-0.000199999999996672,
110.684152454351));
#6477=CARTESIAN_POINT('Ctrl Pts',(-42.6986457488746,-0.000199999999996701,
109.942086177412));
#6478=CARTESIAN_POINT('',(-46.9541390377964,-0.000199999999996037,112.117996666474));
#6479=CARTESIAN_POINT('Origin',(-46.9541390377964,-0.000199999999996037,
106.867996666474));
#6480=CARTESIAN_POINT('',(-41.7044523229613,-0.000199999999996823,106.81064340952));
#6481=CARTESIAN_POINT('Origin',(-46.9541390377964,-0.000199999999996037,
106.867996666474));
#6482=CARTESIAN_POINT('',(-33.3243835617692,-0.000199999999997849,76.8233206869994));
#6483=CARTESIAN_POINT('Ctrl Pts',(-41.7089258124885,-0.000199999999996822,
106.814654120057));
#6484=CARTESIAN_POINT('Ctrl Pts',(-40.1963002866245,-0.000199999999997008,
102.052901038136));
#6485=CARTESIAN_POINT('Ctrl Pts',(-38.7473327186036,-0.000199999999997185,
97.5493752537409));
#6486=CARTESIAN_POINT('Ctrl Pts',(-37.5141412752715,-0.000199999999997336,
93.422259944263));
#6487=CARTESIAN_POINT('Ctrl Pts',(-35.5890927801072,-0.000199999999997572,
86.9797102827014));
#6488=CARTESIAN_POINT('Ctrl Pts',(-34.1690239452355,-0.000199999999997746,
81.4312578645312));
#6489=CARTESIAN_POINT('Ctrl Pts',(-33.3243835617692,-0.000199999999997849,
76.8233206869994));
#6490=CARTESIAN_POINT('',(-33.0212085995401,-0.000199999999997933,73.4878209426206));
#6491=CARTESIAN_POINT('Ctrl Pts',(-33.3243835617692,-0.000199999999995759,
76.8233206869994));
#6492=CARTESIAN_POINT('Ctrl Pts',(-33.1228207805463,-0.000199999999995784,
75.7236945604435));
#6493=CARTESIAN_POINT('Ctrl Pts',(-33.0212085995401,-0.000199999999995799,
74.6057677986825));
#6494=CARTESIAN_POINT('Ctrl Pts',(-33.0212085995401,-0.000199999999995805,
73.4878209426205));
#6495=CARTESIAN_POINT('',(-33.0212085995401,-0.000199999999997886,71.022417796605));
#6496=CARTESIAN_POINT('',(-33.0212085995401,-0.000199999999997886,79.5849353434068));
#6497=CARTESIAN_POINT('',(-32.2098742736734,-0.000199999999997986,69.4139794499043));
#6498=CARTESIAN_POINT('Origin',(-31.0212085995401,-0.000199999999998131,
71.022417796605));
#6499=CARTESIAN_POINT('',(-43.8695401875872,-0.000199999999996467,62.7473572649565));
#6500=CARTESIAN_POINT('Origin',(-31.5212085995401,-0.00019999999999798,
54.6800648448419));
#6501=CARTESIAN_POINT('',(-46.9853191476796,-0.000199999999996176,62.4547633291843));
#6502=CARTESIAN_POINT('Origin',(-45.5438902334241,-0.000200000000004416,
63.8412274236161));
#6503=CARTESIAN_POINT('',(-48.381746862041,-0.000199999999996005,65.9209235652637));
#6504=CARTESIAN_POINT('Origin',(-43.381746862041,-0.000199999999996617,
65.9209235652637));
#6505=CARTESIAN_POINT('',(-48.381746862041,-0.00019999999999545,66.7855489919928));
#6506=CARTESIAN_POINT('',(-48.381746862041,-0.000199999999996005,68.318088312505));
#6507=CARTESIAN_POINT('Ctrl Pts',(-48.1871473189951,-0.000199999999996341,
69.568732913275));
#6508=CARTESIAN_POINT('Ctrl Pts',(-48.3166695539115,-0.000199999999996323,
68.6470404189399));
#6509=CARTESIAN_POINT('Ctrl Pts',(-48.381746862041,-0.000199999999996314,
67.7162976495));
#6510=CARTESIAN_POINT('Ctrl Pts',(-48.381746862041,-0.000199999999996314,
66.7855489919928));
#6511=CARTESIAN_POINT('',(-39.469244081626,-0.000199999999997147,80.0598701258088));
#6512=CARTESIAN_POINT('Origin',(-39.469244081626,-0.000199999999997147,
74.8098701258088));
#6513=CARTESIAN_POINT('',(-55.4511046921549,-0.000199999999994926,143.932738193932));
#6514=CARTESIAN_POINT('Origin',(-55.4511046921549,-0.000199999999994926,
138.682738193932));
#6515=CARTESIAN_POINT('',(-56.9758517690387,-0.000199999999994926,176.729611683943));
#6516=CARTESIAN_POINT('Origin',(-56.9758517690387,-0.000199999999994926,
171.479611683943));
#6517=CARTESIAN_POINT('',(-57.543286335674,-0.000199999999994926,160.270637099726));
#6518=CARTESIAN_POINT('Origin',(-57.543286335674,-0.000199999999994926,
155.020637099726));
#6519=CARTESIAN_POINT('',(-42.5282710996532,-0.000199999999996592,96.2479652880301));
#6520=CARTESIAN_POINT('Origin',(-42.5282710996532,-0.000199999999996592,
90.9979652880301));
#6521=CARTESIAN_POINT('Origin',(-46.9541390377964,-10.5002,106.867996666474));
#6522=CARTESIAN_POINT('',(-42.6975311039059,-12.0002,109.941071494255));
#6523=CARTESIAN_POINT('',(-41.7044523229613,-12.0002,106.81064340952));
#6524=CARTESIAN_POINT('Ctrl Pts',(-42.6975311038591,-12.0002,109.941071494106));
#6525=CARTESIAN_POINT('Ctrl Pts',(-42.6493103017949,-12.0001999999984,109.788258967397));
#6526=CARTESIAN_POINT('Ctrl Pts',(-42.6004164851168,-11.9976479670838,109.633471341969));
#6527=CARTESIAN_POINT('Ctrl Pts',(-42.4232704024478,-11.98598349995,109.07315028428));
#6528=CARTESIAN_POINT('Ctrl Pts',(-42.2718968013762,-11.9710132499317,108.59530252758));
#6529=CARTESIAN_POINT('Ctrl Pts',(-41.971798172678,-11.9843450721733,107.650650149089));
#6530=CARTESIAN_POINT('Ctrl Pts',(-41.8748531662368,-11.9942495744338,107.345908944699));
#6531=CARTESIAN_POINT('Ctrl Pts',(-41.756286508804,-11.9994833287574,106.973431913046));
#6532=CARTESIAN_POINT('Ctrl Pts',(-41.7303261364095,-12.0002,106.891894372657));
#6533=CARTESIAN_POINT('Ctrl Pts',(-41.7044523229613,-12.0002,106.81064340952));
#6534=CARTESIAN_POINT('',(-46.9541390377964,-12.0002,101.617996666474));
#6535=CARTESIAN_POINT('Origin',(-46.9541390377964,-12.0002,106.867996666474));
#6536=CARTESIAN_POINT('',(-46.9541390377964,-10.5002,103.117996666474));
#6537=CARTESIAN_POINT('Origin',(-46.9541390377964,-10.5002,101.617996666474));
#6538=CARTESIAN_POINT('',(-43.2041390377964,-10.5002,106.867996666474));
#6539=CARTESIAN_POINT('Origin',(-46.9541390377964,-10.5002,106.867996666474));
#6540=CARTESIAN_POINT('Origin',(-46.9541390377964,-10.5002,106.867996666474));
#6541=CARTESIAN_POINT('Origin',(-46.9541390377964,-12.0002,106.867996666474));
#6542=CARTESIAN_POINT('Origin',(-46.9541390377964,-1.5002,106.867996666474));
#6543=CARTESIAN_POINT('Ctrl Pts',(-41.7044523229613,-0.000199999999996433,
106.81064340952));
#6544=CARTESIAN_POINT('Ctrl Pts',(-41.7466715142415,-0.000199999999996843,
106.943223400531));
#6545=CARTESIAN_POINT('Ctrl Pts',(-41.7886908481553,-0.0020971193159482,
107.075215861718));
#6546=CARTESIAN_POINT('Ctrl Pts',(-41.9800202228628,-0.0136829980948945,
107.676434455561));
#6547=CARTESIAN_POINT('Ctrl Pts',(-42.1220505551892,-0.0310142733222068,
108.122901011469));
#6548=CARTESIAN_POINT('Ctrl Pts',(-42.4726835683096,-0.0134762291761737,
109.229273928455));
#6549=CARTESIAN_POINT('Ctrl Pts',(-42.584074946152,-0.000200000003858499,
109.581527036366));
#6550=CARTESIAN_POINT('Ctrl Pts',(-42.6975311038591,-0.000199999999997424,
109.941071494106));
#6551=CARTESIAN_POINT('',(-46.9541390377964,-1.5002,110.617996666474));
#6552=CARTESIAN_POINT('Origin',(-46.9541390377964,-1.5002,112.117996666474));
#6553=CARTESIAN_POINT('',(-43.2041390377964,-1.5002,106.867996666474));
#6554=CARTESIAN_POINT('Origin',(-46.9541390377964,-1.5002,106.867996666474));
#6555=CARTESIAN_POINT('Origin',(-46.9541390377964,-1.5002,106.867996666474));
#6556=CARTESIAN_POINT('Origin',(-51.7545051957774,-10.5002,122.63165484439));
#6557=CARTESIAN_POINT('',(-47.1952467428502,-12.0002,125.234665093968));
#6558=CARTESIAN_POINT('',(-46.5046115105977,-12.0002,122.66506583525));
#6559=CARTESIAN_POINT('Ctrl Pts',(-47.1952467392387,-12.0002,125.234665080177));
#6560=CARTESIAN_POINT('Ctrl Pts',(-47.1402218301504,-12.0001999998608,125.024545697216));
#6561=CARTESIAN_POINT('Ctrl Pts',(-47.0870264117568,-11.9972311973991,124.822598026988));
#6562=CARTESIAN_POINT('Ctrl Pts',(-46.8909502732954,-11.9883655057735,124.084050870058));
#6563=CARTESIAN_POINT('Ctrl Pts',(-46.8203060878548,-11.9882244500086,123.821142524659));
#6564=CARTESIAN_POINT('Ctrl Pts',(-46.6133422909714,-11.9974447294842,123.060790735997));
#6565=CARTESIAN_POINT('Ctrl Pts',(-46.5590876327609,-12.0002,122.862893847807));
#6566=CARTESIAN_POINT('Ctrl Pts',(-46.5046115105977,-12.0002,122.66506583525));
#6567=CARTESIAN_POINT('',(-51.7545051957774,-12.0002,117.38165484439));
#6568=CARTESIAN_POINT('Origin',(-51.7545051957774,-12.0002,122.63165484439));
#6569=CARTESIAN_POINT('',(-51.7545051957774,-10.5002,118.88165484439));
#6570=CARTESIAN_POINT('Origin',(-51.7545051957774,-10.5002,117.38165484439));
#6571=CARTESIAN_POINT('',(-48.0045051957774,-10.5002,122.63165484439));
#6572=CARTESIAN_POINT('Origin',(-51.7545051957774,-10.5002,122.63165484439));
#6573=CARTESIAN_POINT('Origin',(-51.7545051957774,-10.5002,122.63165484439));
#6574=CARTESIAN_POINT('Origin',(-51.7545051957774,-12.0002,122.63165484439));
#6575=CARTESIAN_POINT('Origin',(-51.7545051957774,-1.5002,122.63165484439));
#6576=CARTESIAN_POINT('Ctrl Pts',(-46.5046115105977,-0.000199999999997595,
122.66506583525));
#6577=CARTESIAN_POINT('Ctrl Pts',(-46.5541512348044,-0.000199999999996775,
122.844967502132));
#6578=CARTESIAN_POINT('Ctrl Pts',(-46.6038737029873,-0.00248744492495336,
123.026466579081));
#6579=CARTESIAN_POINT('Ctrl Pts',(-46.7129432469914,-0.00741615907535066,
123.426323800432));
#6580=CARTESIAN_POINT('Ctrl Pts',(-46.7988824319218,-0.0124320245719779,
123.742316205157));
#6581=CARTESIAN_POINT('Ctrl Pts',(-47.0244148967426,-0.00744340232399571,
124.585192160997));
#6582=CARTESIAN_POINT('Ctrl Pts',(-47.1102210591137,-0.000200000215031197,
124.909984063165));
#6583=CARTESIAN_POINT('Ctrl Pts',(-47.1952467392387,-0.000199999999998438,
125.234665080177));
#6584=CARTESIAN_POINT('',(-51.7545051957774,-1.5002,126.38165484439));
#6585=CARTESIAN_POINT('Origin',(-51.7545051957774,-1.5002,127.88165484439));
#6586=CARTESIAN_POINT('',(-48.0045051957774,-1.5002,122.63165484439));
#6587=CARTESIAN_POINT('Origin',(-51.7545051957774,-1.5002,122.63165484439));
#6588=CARTESIAN_POINT('Origin',(-51.7545051957774,-1.5002,122.63165484439));
#6589=CARTESIAN_POINT('Origin',(-31.5212085995401,-6.1002,54.6800648448419));
#6590=CARTESIAN_POINT('',(-43.7439639341495,-6.2502,62.665317003057));
#6591=CARTESIAN_POINT('',(-43.8695401875872,-6.1002,62.7473572649565));
#6592=CARTESIAN_POINT('Origin',(-43.7439639341495,-6.1002,62.665317003057));
#6593=CARTESIAN_POINT('',(-32.2098742736734,-6.1002,69.4139794499043));
#6594=CARTESIAN_POINT('Origin',(-31.5212085995401,-6.1002,54.6800648448419));
#6595=CARTESIAN_POINT('',(-31.989687433522,-6.2502,69.2725467304606));
#6596=CARTESIAN_POINT('Ctrl Pts',(-32.2098742736734,-6.1002,69.4139794499043));
#6597=CARTESIAN_POINT('Ctrl Pts',(-32.2098742736734,-6.11083512573821,69.4139794499043));
#6598=CARTESIAN_POINT('Ctrl Pts',(-32.2084345417742,-6.12140440444212,69.4129126122833));
#6599=CARTESIAN_POINT('Ctrl Pts',(-32.2019647716453,-6.14491194260078,69.4081578386798));
#6600=CARTESIAN_POINT('Ctrl Pts',(-32.1961832271739,-6.15714194075211,69.4039257834761));
#6601=CARTESIAN_POINT('Ctrl Pts',(-32.1789971468595,-6.18296061469924,69.3915674960537));
#6602=CARTESIAN_POINT('Ctrl Pts',(-32.1664881556998,-6.19539513062227,69.3827182737268));
#6603=CARTESIAN_POINT('Ctrl Pts',(-32.1334322941952,-6.21978864891569,69.3600387184259));
#6604=CARTESIAN_POINT('Ctrl Pts',(-32.1095004851989,-6.23128103813641,69.3440908511361));
#6605=CARTESIAN_POINT('Ctrl Pts',(-32.0531912272999,-6.24649331017814,69.3089253133378));
#6606=CARTESIAN_POINT('Ctrl Pts',(-32.0226299693371,-6.2502,69.2907790158512));
#6607=CARTESIAN_POINT('Ctrl Pts',(-31.989687433522,-6.2502,69.2725467304606));
#6608=CARTESIAN_POINT('Origin',(-31.5212085995401,-6.2502,54.6800648448419));
#6609=CARTESIAN_POINT('Origin',(-45.5438902334241,-6.10019999999999,63.8412274236161));
#6610=CARTESIAN_POINT('',(-46.9024206125936,-6.12516717010145,62.3705917015966));
#6611=CARTESIAN_POINT('',(-46.9853191476796,-6.10019999999999,62.4547633291843));
#6612=CARTESIAN_POINT('Ctrl Pts',(-46.9024206125935,-6.12516717010145,62.3705917015965));
#6613=CARTESIAN_POINT('Ctrl Pts',(-46.9285179763845,-6.11745898731098,62.396471058002));
#6614=CARTESIAN_POINT('Ctrl Pts',(-46.9546365748858,-6.10957682951938,62.4229420980275));
#6615=CARTESIAN_POINT('Ctrl Pts',(-46.9822750715663,-6.10113118186727,62.4516006587523));
#6616=CARTESIAN_POINT('Ctrl Pts',(-46.9837976308971,-6.10066559078113,62.4531814935691));
#6617=CARTESIAN_POINT('Ctrl Pts',(-46.9853191476796,-6.10019999999999,62.4547633291843));
#6618=CARTESIAN_POINT('Origin',(-45.5438902334241,-6.10019999999999,63.8412274236161));
#6619=CARTESIAN_POINT('',(-46.4940102369018,-6.2502,61.9125563840161));
#6620=CARTESIAN_POINT('Origin',(-45.5438902334241,-6.2502,63.8412274236161));
#6621=CARTESIAN_POINT('Ctrl Pts',(-46.4940102369018,-6.25019999999999,61.9125563840161));
#6622=CARTESIAN_POINT('Ctrl Pts',(-46.5553346938361,-6.25019999999998,61.9904754796451));
#6623=CARTESIAN_POINT('Ctrl Pts',(-46.6185202772107,-6.23233147754778,62.0653704664198));
#6624=CARTESIAN_POINT('Ctrl Pts',(-46.7657825840036,-6.18307354528621,62.2329109002974));
#6625=CARTESIAN_POINT('Ctrl Pts',(-46.8516666565104,-6.14015798579749,62.3202617246317));
#6626=CARTESIAN_POINT('Ctrl Pts',(-46.9024206125935,-6.12516717010136,62.3705917015965));
#6627=CARTESIAN_POINT('Origin',(-31.5212085995401,-6.2502,54.6800648448419));
#6628=CARTESIAN_POINT('',(-31.0823706790508,-6.2502,69.0233532153495));
#6629=CARTESIAN_POINT('Origin',(-31.0212085995401,-6.2502,71.022417796605));
#6630=CARTESIAN_POINT('',(-17.8131558226092,-6.2502,50.4360350305174));
#6631=CARTESIAN_POINT('Origin',(-31.5212085995401,-6.2502,54.6800648448419));
#6632=CARTESIAN_POINT('',(-17.3987175564978,-6.2502,46.5131136925085));
#6633=CARTESIAN_POINT('Origin',(-13.0368308132256,-6.2502,48.9572789976517));
#6634=CARTESIAN_POINT('',(-16.8030067750939,-6.2502,44.7187381867038));
#6635=CARTESIAN_POINT('Origin',(-21.7606042997701,-6.2502,44.0689483873653));
#6636=CARTESIAN_POINT('',(-20.3985326128749,-6.2502,45.2224711289086));
#6637=CARTESIAN_POINT('Origin',(-18.7606042997701,-6.2502,43.8297432871787));
#6638=CARTESIAN_POINT('',(-29.7771653226219,-6.2502,40.1846064854716));
#6639=CARTESIAN_POINT('Origin',(-31.5212085995401,-6.2502,54.6800648448419));
#6640=CARTESIAN_POINT('',(-31.5464153516015,-6.2502,38.7693806612456));
#6641=CARTESIAN_POINT('Origin',(-29.5203370318429,-6.2502,38.0500013161123));
#6642=CARTESIAN_POINT('',(-33.2765602814973,-6.2502,40.4378304529829));
#6643=CARTESIAN_POINT('Origin',(-33.5212085995401,-6.2502,38.4528500499364));
#6644=CARTESIAN_POINT('',(-45.5388861554767,-6.2502,57.7504420102391));
#6645=CARTESIAN_POINT('Origin',(-31.5212085995401,-6.2502,54.6800648448419));
#6646=CARTESIAN_POINT('Origin',(-50.4230943631201,-6.2502,58.8202598379036));
#6647=CARTESIAN_POINT('',(-31.521,-6.2502,48.9300648448419));
#6648=CARTESIAN_POINT('Origin',(-31.521,-6.2502,54.6800648448419));
#6649=CARTESIAN_POINT('Origin',(-31.0212085995401,-0.000199999999998131,
71.022417796605));
#6650=CARTESIAN_POINT('',(-32.2098742736734,-0.000199999999997976,69.4139794499043));
#6651=CARTESIAN_POINT('',(-33.0212085995401,-12.0002,71.022417796605));
#6652=CARTESIAN_POINT('',(-33.0212085995401,-0.000199999999997886,71.022417796605));
#6653=CARTESIAN_POINT('',(-31.0823706790508,-12.0002,69.0233532153495));
#6654=CARTESIAN_POINT('Origin',(-31.0212085995401,-12.0002,71.022417796605));
#6655=CARTESIAN_POINT('',(-31.0823706790508,-0.000199999999998124,69.0233532153495));
#6656=CARTESIAN_POINT('Origin',(-33.0212085995401,-0.000199999999997886,
69.1800648448419));
#6657=CARTESIAN_POINT('',(-33.0212085995401,-12.0002,73.4878209426206));
#6658=CARTESIAN_POINT('Ctrl Pts',(-33.0212085995401,-12.0002,73.4878209426205));
#6659=CARTESIAN_POINT('Ctrl Pts',(-33.0212085995401,-8.0002,73.4878209426205));
#6660=CARTESIAN_POINT('Ctrl Pts',(-33.0212085995401,-4.0002,73.4878209426205));
#6661=CARTESIAN_POINT('Ctrl Pts',(-33.0212085995401,-0.000199999999995805,
73.4878209426205));
#6662=CARTESIAN_POINT('',(-33.0212085995401,-12.0002,79.5849353434068));
#6663=CARTESIAN_POINT('Origin',(-31.5212085995401,-0.00019999999999807,
54.6800648448419));
#6664=CARTESIAN_POINT('',(-17.8131558226092,-12.0002,50.4360350305174));
#6665=CARTESIAN_POINT('Origin',(-31.5212085995401,-12.0002,54.6800648448419));
#6666=CARTESIAN_POINT('',(-17.8131558226092,-0.000199999999999749,50.4360350305174));
#6667=CARTESIAN_POINT('Origin',(-50.4230943631201,-0.000199999999995755,
58.8202598379036));
#6668=CARTESIAN_POINT('',(-45.5388861554767,-12.0002,57.7504420102391));
#6669=CARTESIAN_POINT('',(-45.5388861554767,-0.000199999999996353,57.7504420102391));
#6670=CARTESIAN_POINT('',(-46.9024206125805,-12.0002,62.3705917015836));
#6671=CARTESIAN_POINT('Origin',(-50.4230943631201,-12.0002,58.8202598379036));
#6672=CARTESIAN_POINT('',(-46.9024206125805,-0.000199999999996186,62.3705917015836));
#6673=CARTESIAN_POINT('Origin',(-39.469244081626,-10.5002,74.8098701258088));
#6674=CARTESIAN_POINT('',(-39.469244081626,-12.0002,69.5598701258088));
#6675=CARTESIAN_POINT('Origin',(-39.469244081626,-12.0002,74.8098701258088));
#6676=CARTESIAN_POINT('',(-39.469244081626,-10.5002,71.0598701258088));
#6677=CARTESIAN_POINT('Origin',(-39.469244081626,-10.5002,69.5598701258088));
#6678=CARTESIAN_POINT('',(-35.719244081626,-10.5002,74.8098701258088));
#6679=CARTESIAN_POINT('Origin',(-39.469244081626,-10.5002,74.8098701258088));
#6680=CARTESIAN_POINT('Origin',(-39.469244081626,-10.5002,74.8098701258088));
#6681=CARTESIAN_POINT('Origin',(-39.469244081626,-0.000199999999995914,
74.8098701258088));
#6682=CARTESIAN_POINT('',(-35.719244081626,-1.5002,74.8098701258088));
#6683=CARTESIAN_POINT('',(-39.469244081626,-1.5002,78.5598701258088));
#6684=CARTESIAN_POINT('Origin',(-39.469244081626,-1.5002,74.8098701258088));
#6685=CARTESIAN_POINT('',(-35.719244081626,-0.000199999999995914,74.8098701258088));
#6686=CARTESIAN_POINT('Origin',(-39.469244081626,-1.5002,74.8098701258088));
#6687=CARTESIAN_POINT('Origin',(-40.6027287000427,-12.0002,89.9898058419717));
#6688=CARTESIAN_POINT('',(-48.381746862041,-12.0002,66.7855489919928));
#6689=CARTESIAN_POINT('Ctrl Pts',(-48.381746862041,-12.0002,66.7855489919927));
#6690=CARTESIAN_POINT('Ctrl Pts',(-48.381746862041,-12.0002,67.7162976494999));
#6691=CARTESIAN_POINT('Ctrl Pts',(-48.3166695539115,-12.0002,68.6470404189399));
#6692=CARTESIAN_POINT('Ctrl Pts',(-48.1871473189951,-12.0002,69.5687329132749));
#6693=CARTESIAN_POINT('',(-48.381746862041,-12.0002,65.9209235652637));
#6694=CARTESIAN_POINT('',(-48.381746862041,-12.0002,68.318088312505));
#6695=CARTESIAN_POINT('Origin',(-43.381746862041,-12.0002,65.9209235652637));
#6696=CARTESIAN_POINT('',(-33.2765602814973,-12.0002,40.4378304529829));
#6697=CARTESIAN_POINT('Origin',(-31.5212085995401,-12.0002,54.6800648448419));
#6698=CARTESIAN_POINT('',(-31.5212085995401,-12.0002,38.4528500499364));
#6699=CARTESIAN_POINT('Origin',(-33.5212085995401,-12.0002,38.4528500499364));
#6700=CARTESIAN_POINT('',(-31.5212085995401,-12.0002,38.1223106969234));
#6701=CARTESIAN_POINT('',(-31.5212085995401,-12.0002,36.5));
#6702=CARTESIAN_POINT('',(-30.6863261214361,-12.0002,35.3561227009992));
#6703=CARTESIAN_POINT('Origin',(-26.5212085995401,-12.0002,38.1223106969234));
#6704=CARTESIAN_POINT('',(-31.3790375061833,-12.0002,16.6803508185733));
#6705=CARTESIAN_POINT('Origin',(-44.0212085995401,-12.0002,26.5));
#6706=CARTESIAN_POINT('',(-31.3210874727362,-12.0002,16.3844600135692));
#6707=CARTESIAN_POINT('Origin',(-31.2210874727362,-12.0002,16.5576650943261));
#6708=CARTESIAN_POINT('',(-30.2221704938635,-12.0002,15.75));
#6709=CARTESIAN_POINT('',(-30.2221704938635,-12.0002,15.75));
#6710=CARTESIAN_POINT('',(-31.2212085995401,-12.0002,15.1732050807569));
#6711=CARTESIAN_POINT('',(-31.5212085995401,-12.0002,15.));
#6712=CARTESIAN_POINT('',(-31.2212085995401,-12.0002,14.8267949192431));
#6713=CARTESIAN_POINT('Origin',(-31.1212085995401,-12.0002,15.));
#6714=CARTESIAN_POINT('',(-30.2221704938635,-12.0002,14.25));
#6715=CARTESIAN_POINT('',(-30.2221704938635,-12.0002,14.25));
#6716=CARTESIAN_POINT('',(-31.2212085995401,-12.0002,13.6732050807569));
#6717=CARTESIAN_POINT('',(-31.5212085995401,-12.0002,13.5));
#6718=CARTESIAN_POINT('',(-31.2212085995401,-12.0002,13.3267949192431));
#6719=CARTESIAN_POINT('Origin',(-31.1212085995401,-12.0002,13.5));
#6720=CARTESIAN_POINT('',(-30.2221704938635,-12.0002,12.75));
#6721=CARTESIAN_POINT('',(-30.2221704938635,-12.0002,12.75));
#6722=CARTESIAN_POINT('',(-31.2212085995401,-12.0002,12.1732050807569));
#6723=CARTESIAN_POINT('',(-31.5212085995401,-12.0002,12.));
#6724=CARTESIAN_POINT('',(-31.2212085995401,-12.0002,11.8267949192431));
#6725=CARTESIAN_POINT('Origin',(-31.1212085995401,-12.0002,12.));
#6726=CARTESIAN_POINT('',(-30.2221704938635,-12.0002,11.25));
#6727=CARTESIAN_POINT('',(-30.2221704938635,-12.0002,11.25));
#6728=CARTESIAN_POINT('',(-31.2212085995401,-12.0002,10.6732050807569));
#6729=CARTESIAN_POINT('',(-31.5212085995401,-12.0002,10.5));
#6730=CARTESIAN_POINT('',(-31.2212085995401,-12.0002,10.3267949192431));
#6731=CARTESIAN_POINT('Origin',(-31.1212085995401,-12.0002,10.5));
#6732=CARTESIAN_POINT('',(-30.2221704938635,-12.0002,9.74999999999999));
#6733=CARTESIAN_POINT('',(-30.2221704938635,-12.0002,9.74999999999999));
#6734=CARTESIAN_POINT('',(-31.2212085995401,-12.0002,9.17320508075688));
#6735=CARTESIAN_POINT('',(-31.5212085995401,-12.0002,9.));
#6736=CARTESIAN_POINT('',(-31.2212085995401,-12.0002,8.82679491924311));
#6737=CARTESIAN_POINT('Origin',(-31.1212085995401,-12.0002,8.99999999999999));
#6738=CARTESIAN_POINT('',(-30.2221704938635,-12.0002,8.24999999999999));
#6739=CARTESIAN_POINT('',(-30.2221704938635,-12.0002,8.24999999999999));
#6740=CARTESIAN_POINT('',(-31.2212085995401,-12.0002,7.67320508075688));
#6741=CARTESIAN_POINT('',(-31.5212085995401,-12.0002,7.5));
#6742=CARTESIAN_POINT('',(-31.2212085995401,-12.0002,7.32679491924311));
#6743=CARTESIAN_POINT('Origin',(-31.1212085995401,-12.0002,7.49999999999999));
#6744=CARTESIAN_POINT('',(-30.2221704938635,-12.0002,6.74999999999999));
#6745=CARTESIAN_POINT('',(-30.2221704938635,-12.0002,6.74999999999999));
#6746=CARTESIAN_POINT('',(-31.2212085995401,-12.0002,6.17320508075688));
#6747=CARTESIAN_POINT('',(-31.5212085995401,-12.0002,6.));
#6748=CARTESIAN_POINT('',(-31.2212085995401,-12.0002,5.82679491924311));
#6749=CARTESIAN_POINT('Origin',(-31.1212085995401,-12.0002,5.99999999999999));
#6750=CARTESIAN_POINT('',(-30.2221704938635,-12.0002,5.24999999999999));
#6751=CARTESIAN_POINT('',(-30.2221704938635,-12.0002,5.24999999999999));
#6752=CARTESIAN_POINT('',(-31.2212085995401,-12.0002,4.67320508075688));
#6753=CARTESIAN_POINT('',(-31.5212085995401,-12.0002,4.5));
#6754=CARTESIAN_POINT('',(-31.2212085995401,-12.0002,4.32679491924311));
#6755=CARTESIAN_POINT('Origin',(-31.1212085995401,-12.0002,4.49999999999999));
#6756=CARTESIAN_POINT('',(-30.2221704938635,-12.0002,3.74999999999999));
#6757=CARTESIAN_POINT('',(-30.2221704938635,-12.0002,3.74999999999999));
#6758=CARTESIAN_POINT('',(-31.2212085995401,-12.0002,3.17320508075688));
#6759=CARTESIAN_POINT('',(-31.5212085995401,-12.0002,3.));
#6760=CARTESIAN_POINT('',(-31.2212085995401,-12.0002,2.82679491924311));
#6761=CARTESIAN_POINT('Origin',(-31.1212085995401,-12.0002,2.99999999999999));
#6762=CARTESIAN_POINT('',(-30.2221704938635,-12.0002,2.24999999999999));
#6763=CARTESIAN_POINT('',(-30.2221704938635,-12.0002,2.24999999999999));
#6764=CARTESIAN_POINT('',(-31.2212085995401,-12.0002,1.67320508075688));
#6765=CARTESIAN_POINT('',(-31.5212085995401,-12.0002,1.5));
#6766=CARTESIAN_POINT('',(-31.2212085995401,-12.0002,1.3267949192431));
#6767=CARTESIAN_POINT('Origin',(-31.1212085995401,-12.0002,1.49999999999999));
#6768=CARTESIAN_POINT('',(-30.2221704938635,-12.0002,0.749999999999988));
#6769=CARTESIAN_POINT('',(-30.2221704938635,-12.0002,0.749999999999988));
#6770=CARTESIAN_POINT('',(-30.8747984380264,-12.0002,0.373205080756885));
#6771=CARTESIAN_POINT('',(-31.5212085995401,-12.0002,0.));
#6772=CARTESIAN_POINT('',(-30.7747984380264,-12.0002,-3.53890374708225E-15));
#6773=CARTESIAN_POINT('Origin',(-30.7747984380264,-12.0002,0.199999999999997));
#6774=CARTESIAN_POINT('',(-29.1860089866452,-12.0002,-1.10717231441475E-14));
#6775=CARTESIAN_POINT('',(-31.5212085995401,-12.0002,0.));
#6776=CARTESIAN_POINT('',(-26.3669311242874,-12.0002,1.97393957002298));
#6777=CARTESIAN_POINT('Origin',(-29.1860089866452,-12.0002,2.99999999999999));
#6778=CARTESIAN_POINT('',(-17.9064445048378,-12.0002,25.2189355145588));
#6779=CARTESIAN_POINT('',(-13.3526750858181,-12.0002,37.7303141667186));
#6780=CARTESIAN_POINT('',(-16.7606042997701,-12.0002,31.7173182377465));
#6781=CARTESIAN_POINT('Origin',(-35.7606042997701,-12.0002,31.7173182377465));
#6782=CARTESIAN_POINT('',(-16.7606042997701,-12.0002,44.0689483873653));
#6783=CARTESIAN_POINT('',(-16.7606042997701,-12.0002,59.0902922327745));
#6784=CARTESIAN_POINT('',(-17.3987175564978,-12.0002,46.5131136925085));
#6785=CARTESIAN_POINT('Origin',(-21.7606042997701,-12.0002,44.0689483873653));
#6786=CARTESIAN_POINT('Origin',(-13.0368308132256,-12.0002,48.9572789976517));
#6787=CARTESIAN_POINT('',(-33.3243835617692,-12.0002,76.8233206869994));
#6788=CARTESIAN_POINT('Ctrl Pts',(-33.3243835617692,-12.0002,76.8233206869995));
#6789=CARTESIAN_POINT('Ctrl Pts',(-33.1228207805463,-12.0002,75.7236945604435));
#6790=CARTESIAN_POINT('Ctrl Pts',(-33.0212085995401,-12.0002,74.6057677986824));
#6791=CARTESIAN_POINT('Ctrl Pts',(-33.0212085995401,-12.0002,73.4878209426205));
#6792=CARTESIAN_POINT('Ctrl Pts',(-41.7089258124885,-12.0002,106.814654120057));
#6793=CARTESIAN_POINT('Ctrl Pts',(-40.1963002866245,-12.0002,102.052901038136));
#6794=CARTESIAN_POINT('Ctrl Pts',(-38.7473327186036,-12.0002,97.5493752537409));
#6795=CARTESIAN_POINT('Ctrl Pts',(-37.5141412752715,-12.0002,93.422259944263));
#6796=CARTESIAN_POINT('Ctrl Pts',(-35.5890927801072,-12.0002,86.9797102827014));
#6797=CARTESIAN_POINT('Ctrl Pts',(-34.1690239452355,-12.0002,81.4312578645312));
#6798=CARTESIAN_POINT('Ctrl Pts',(-33.3243835617692,-12.0002,76.8233206869994));
#6799=CARTESIAN_POINT('Ctrl Pts',(-46.4984573648266,-12.0002,122.66775324421));
#6800=CARTESIAN_POINT('Ctrl Pts',(-45.5253393330335,-12.0002,119.127762089372));
#6801=CARTESIAN_POINT('Ctrl Pts',(-44.4683936949336,-12.0002,115.60681621811));
#6802=CARTESIAN_POINT('Ctrl Pts',(-43.4013341751531,-12.0002,112.184084315119));
#6803=CARTESIAN_POINT('Ctrl Pts',(-43.1667498700129,-12.0002,111.431624709763));
#6804=CARTESIAN_POINT('Ctrl Pts',(-42.9323407835629,-12.0002,110.684152454351));
#6805=CARTESIAN_POINT('Ctrl Pts',(-42.6986457488746,-12.0002,109.942086177412));
#6806=CARTESIAN_POINT('Ctrl Pts',(-56.5704450516759,-12.0002,178.40300432874));
#6807=CARTESIAN_POINT('Ctrl Pts',(-55.9457413153251,-12.0002,178.167525947178));
#6808=CARTESIAN_POINT('Ctrl Pts',(-55.3831005116596,-12.0002,177.901593491943));
#6809=CARTESIAN_POINT('Ctrl Pts',(-54.8801705573086,-12.0002,177.608414892989));
#6810=CARTESIAN_POINT('Ctrl Pts',(-53.2914186357334,-12.0002,176.682265916527));
#6811=CARTESIAN_POINT('Ctrl Pts',(-52.2963753421637,-12.0002,175.52750753568));
#6812=CARTESIAN_POINT('Ctrl Pts',(-51.6642911544216,-12.0002,173.957831720129));
#6813=CARTESIAN_POINT('Ctrl Pts',(-51.0070785813248,-12.0002,172.325753744328));
#6814=CARTESIAN_POINT('Ctrl Pts',(-50.7876236896654,-12.0002,170.171817140439));
#6815=CARTESIAN_POINT('Ctrl Pts',(-50.836377510861,-12.0002,167.451416203267));
#6816=CARTESIAN_POINT('Ctrl Pts',(-50.9087686815493,-12.0002,163.412081362352));
#6817=CARTESIAN_POINT('Ctrl Pts',(-51.4857607453903,-12.0002,158.1649867408));
#6818=CARTESIAN_POINT('Ctrl Pts',(-51.3562900151184,-12.0002,152.044571875511));
#6819=CARTESIAN_POINT('Ctrl Pts',(-51.2545444746813,-12.0002,147.234798138542));
#6820=CARTESIAN_POINT('Ctrl Pts',(-50.7134898509071,-12.0002,141.895567876884));
#6821=CARTESIAN_POINT('Ctrl Pts',(-49.6946063836293,-12.0002,136.330384003253));
#6822=CARTESIAN_POINT('Ctrl Pts',(-49.028883804117,-12.0002,132.694179586556));
#6823=CARTESIAN_POINT('Ctrl Pts',(-48.1648903154682,-12.0002,128.965725372405));
#6824=CARTESIAN_POINT('Ctrl Pts',(-47.1884242518558,-12.0002,125.237168939827));
#6825=CARTESIAN_POINT('',(-42.5282710996532,-12.0002,85.7479652880301));
#6826=CARTESIAN_POINT('Origin',(-42.5282710996532,-12.0002,90.9979652880301));
#6827=CARTESIAN_POINT('',(-57.543286335674,-12.0002,149.770637099726));
#6828=CARTESIAN_POINT('Origin',(-57.543286335674,-12.0002,155.020637099726));
#6829=CARTESIAN_POINT('',(-56.9758517690387,-12.0002,166.229611683943));
#6830=CARTESIAN_POINT('Origin',(-56.9758517690387,-12.0002,171.479611683943));
#6831=CARTESIAN_POINT('',(-55.4511046921549,-12.0002,133.432738193932));
#6832=CARTESIAN_POINT('Origin',(-55.4511046921549,-12.0002,138.682738193932));
#6833=CARTESIAN_POINT('Origin',(-39.469244081626,-1.5002,74.8098701258088));
#6834=CARTESIAN_POINT('Origin',(-39.469244081626,-1.5002,80.0598701258088));
#6835=CARTESIAN_POINT('Origin',(-42.5282710996532,-10.5002,90.9979652880301));
#6836=CARTESIAN_POINT('',(-42.5282710996532,-10.5002,87.2479652880301));
#6837=CARTESIAN_POINT('Origin',(-42.5282710996532,-10.5002,85.7479652880301));
#6838=CARTESIAN_POINT('',(-38.7782710996532,-10.5002,90.9979652880301));
#6839=CARTESIAN_POINT('Origin',(-42.5282710996532,-10.5002,90.9979652880301));
#6840=CARTESIAN_POINT('Origin',(-42.5282710996532,-10.5002,90.9979652880301));
#6841=CARTESIAN_POINT('Origin',(-42.5282710996532,-0.000199999999995914,
90.9979652880301));
#6842=CARTESIAN_POINT('',(-38.7782710996532,-1.5002,90.9979652880301));
#6843=CARTESIAN_POINT('',(-42.5282710996532,-1.5002,94.7479652880301));
#6844=CARTESIAN_POINT('Origin',(-42.5282710996532,-1.5002,90.9979652880301));
#6845=CARTESIAN_POINT('',(-38.7782710996532,-0.000199999999995914,90.9979652880301));
#6846=CARTESIAN_POINT('Origin',(-42.5282710996532,-1.5002,90.9979652880301));
#6847=CARTESIAN_POINT('Origin',(-42.5282710996532,-1.5002,90.9979652880301));
#6848=CARTESIAN_POINT('Origin',(-42.5282710996532,-1.5002,96.2479652880301));
#6849=CARTESIAN_POINT('Origin',(-46.9541390377964,-0.000199999999995912,
106.867996666474));
#6850=CARTESIAN_POINT('',(-43.2041390377964,-0.000199999999995912,106.867996666474));
#6851=CARTESIAN_POINT('Origin',(-51.7545051957774,-0.000199999999995917,
122.63165484439));
#6852=CARTESIAN_POINT('',(-48.0045051957774,-0.000199999999995917,122.63165484439));
#6853=CARTESIAN_POINT('Origin',(-55.4511046921549,-10.5002,138.682738193932));
#6854=CARTESIAN_POINT('',(-55.4511046921549,-10.5002,134.932738193932));
#6855=CARTESIAN_POINT('Origin',(-55.4511046921549,-10.5002,133.432738193932));
#6856=CARTESIAN_POINT('',(-51.7011046921549,-10.5002,138.682738193932));
#6857=CARTESIAN_POINT('Origin',(-55.4511046921549,-10.5002,138.682738193932));
#6858=CARTESIAN_POINT('Origin',(-55.4511046921549,-10.5002,138.682738193932));
#6859=CARTESIAN_POINT('Origin',(-55.4511046921549,-0.000199999999995911,
138.682738193932));
#6860=CARTESIAN_POINT('',(-51.7011046921549,-1.5002,138.682738193932));
#6861=CARTESIAN_POINT('',(-55.4511046921549,-1.5002,142.432738193932));
#6862=CARTESIAN_POINT('Origin',(-55.4511046921549,-1.5002,138.682738193932));
#6863=CARTESIAN_POINT('',(-51.7011046921549,-0.000199999999995911,138.682738193932));
#6864=CARTESIAN_POINT('Origin',(-55.4511046921549,-1.5002,138.682738193932));
#6865=CARTESIAN_POINT('Origin',(-55.4511046921549,-1.5002,138.682738193932));
#6866=CARTESIAN_POINT('Origin',(-55.4511046921549,-1.5002,143.932738193932));
#6867=CARTESIAN_POINT('Origin',(-57.543286335674,-10.5002,155.020637099726));
#6868=CARTESIAN_POINT('',(-57.543286335674,-10.5002,151.270637099726));
#6869=CARTESIAN_POINT('Origin',(-57.543286335674,-10.5002,149.770637099726));
#6870=CARTESIAN_POINT('',(-53.793286335674,-10.5002,155.020637099726));
#6871=CARTESIAN_POINT('Origin',(-57.543286335674,-10.5002,155.020637099726));
#6872=CARTESIAN_POINT('Origin',(-57.543286335674,-10.5002,155.020637099726));
#6873=CARTESIAN_POINT('Origin',(-57.543286335674,-0.000199999999995896,
155.020637099726));
#6874=CARTESIAN_POINT('',(-53.793286335674,-1.5002,155.020637099726));
#6875=CARTESIAN_POINT('',(-57.543286335674,-1.5002,158.770637099726));
#6876=CARTESIAN_POINT('Origin',(-57.543286335674,-1.5002,155.020637099726));
#6877=CARTESIAN_POINT('',(-53.793286335674,-0.000199999999995896,155.020637099726));
#6878=CARTESIAN_POINT('Origin',(-57.543286335674,-1.5002,155.020637099726));
#6879=CARTESIAN_POINT('Origin',(-57.543286335674,-1.5002,155.020637099726));
#6880=CARTESIAN_POINT('Origin',(-57.543286335674,-1.5002,160.270637099726));
#6881=CARTESIAN_POINT('Origin',(-56.9758517690387,-10.5002,171.479611683943));
#6882=CARTESIAN_POINT('',(-56.9758517690387,-10.5002,167.729611683943));
#6883=CARTESIAN_POINT('Origin',(-56.9758517690387,-10.5002,166.229611683943));
#6884=CARTESIAN_POINT('',(-53.2258517690387,-10.5002,171.479611683943));
#6885=CARTESIAN_POINT('Origin',(-56.9758517690387,-10.5002,171.479611683943));
#6886=CARTESIAN_POINT('Origin',(-56.9758517690387,-10.5002,171.479611683943));
#6887=CARTESIAN_POINT('Origin',(-56.9758517690387,-0.000199999999995785,
171.479611683943));
#6888=CARTESIAN_POINT('',(-53.2258517690387,-1.5002,171.479611683943));
#6889=CARTESIAN_POINT('',(-56.9758517690387,-1.5002,175.229611683943));
#6890=CARTESIAN_POINT('Origin',(-56.9758517690387,-1.5002,171.479611683943));
#6891=CARTESIAN_POINT('',(-53.2258517690387,-0.000199999999995785,171.479611683943));
#6892=CARTESIAN_POINT('Origin',(-56.9758517690387,-1.5002,171.479611683943));
#6893=CARTESIAN_POINT('Origin',(-56.9758517690387,-1.5002,171.479611683943));
#6894=CARTESIAN_POINT('Origin',(-56.9758517690387,-1.5002,176.729611683943));
#6895=CARTESIAN_POINT('Origin',(-29.5203370318429,-6.1002,38.0500013161123));
#6896=CARTESIAN_POINT('',(-31.5212085995401,-6.1256671859072,38.1223106967413));
#6897=CARTESIAN_POINT('',(-31.5197559867114,-6.1002,38.0017950622383));
#6898=CARTESIAN_POINT('Ctrl Pts',(-31.5197559867114,-6.1002,38.0017950622383));
#6899=CARTESIAN_POINT('Ctrl Pts',(-31.519803889384,-6.10062159224467,38.003781889753));
#6900=CARTESIAN_POINT('Ctrl Pts',(-31.5198506074934,-6.10104318471839,38.0057687469116));
#6901=CARTESIAN_POINT('Ctrl Pts',(-31.520781746049,-6.10966430596823,38.0463996061803));
#6902=CARTESIAN_POINT('Ctrl Pts',(-31.5212085995388,-6.11775921534524,38.084587009875));
#6903=CARTESIAN_POINT('Ctrl Pts',(-31.5212085995401,-6.12566718590721,38.1223106967413));
#6904=CARTESIAN_POINT('',(-31.5212085995401,-6.20327265992347,38.4528500499088));
#6905=CARTESIAN_POINT('Ctrl Pts',(-31.5212085995401,-6.12566718590721,38.1223106967412));
#6906=CARTESIAN_POINT('Ctrl Pts',(-31.5212085995401,-6.13821979377799,38.1821908702243));
#6907=CARTESIAN_POINT('Ctrl Pts',(-31.5212085995401,-6.15509991025124,38.2449331858591));
#6908=CARTESIAN_POINT('Ctrl Pts',(-31.5212085995401,-6.18002361415634,38.3476963174641));
#6909=CARTESIAN_POINT('Ctrl Pts',(-31.5212085995401,-6.19269900303094,38.402181442294));
#6910=CARTESIAN_POINT('Ctrl Pts',(-31.5212085995401,-6.20327265992347,38.4528500499088));
#6911=CARTESIAN_POINT('Ctrl Pts',(-31.5212085995401,-6.20327265992347,38.4528500499088));
#6912=CARTESIAN_POINT('Ctrl Pts',(-31.5212085995387,-6.22507638292157,38.5573327559806));
#6913=CARTESIAN_POINT('Ctrl Pts',(-31.5300514179619,-6.25020000000002,38.6672882110799));
#6914=CARTESIAN_POINT('Ctrl Pts',(-31.5464153516015,-6.2502,38.7693806612457));
#6915=CARTESIAN_POINT('',(-29.7592470697769,-6.1002,40.0356805434233));
#6916=CARTESIAN_POINT('Origin',(-29.7771653226219,-6.1002,40.1846064854716));
#6917=CARTESIAN_POINT('Origin',(-29.5203370318429,-6.1002,38.0500013161123));
#6918=CARTESIAN_POINT('Origin',(-31.5212085995401,-6.1002,54.6800648448419));
#6919=CARTESIAN_POINT('',(-20.2842585445187,-6.1002,45.1253040701833));
#6920=CARTESIAN_POINT('Origin',(-20.3985326128749,-6.1002,45.2224711289086));
#6921=CARTESIAN_POINT('Origin',(-31.5212085995401,-6.1002,54.6800648448419));
#6922=CARTESIAN_POINT('Origin',(-18.7606042997701,-6.1002,43.8297432871787));
#6923=CARTESIAN_POINT('',(-16.7606042997701,-6.1002,43.8297432871787));
#6924=CARTESIAN_POINT('',(-16.7606042997701,-6.1640201927744,44.0689483882726));
#6925=CARTESIAN_POINT('Ctrl Pts',(-16.7606042997701,-6.16402019277437,44.0689483882724));
#6926=CARTESIAN_POINT('Ctrl Pts',(-16.7606042997701,-6.1431483211284,43.9863186870702));
#6927=CARTESIAN_POINT('Ctrl Pts',(-16.7606042997701,-6.12099596207654,43.9056794040743));
#6928=CARTESIAN_POINT('Ctrl Pts',(-16.7606042997701,-6.1002,43.8297432871787));
#6929=CARTESIAN_POINT('Origin',(-18.7606042997701,-6.1002,43.8297432871787));
#6930=CARTESIAN_POINT('Ctrl Pts',(-16.8030067750935,-6.2502,44.7187381867011));
#6931=CARTESIAN_POINT('Ctrl Pts',(-16.8026527758208,-6.25019999999999,44.7160373349488));
#6932=CARTESIAN_POINT('Ctrl Pts',(-16.8022994244368,-6.25019368856793,44.7133242981871));
#6933=CARTESIAN_POINT('Ctrl Pts',(-16.7711358936798,-6.24907444316041,44.4724934549259));
#6934=CARTESIAN_POINT('Ctrl Pts',(-16.7606042997966,-6.20105567707476,44.2155682534269));
#6935=CARTESIAN_POINT('Ctrl Pts',(-16.7606042997701,-6.16402019277411,44.0689483882714));
#6936=CARTESIAN_POINT('Origin',(-33.5212085995401,-0.000199999999997825,
38.4528500499364));
#6937=CARTESIAN_POINT('',(-31.5212085995401,-0.00019999999999807,38.4528500499364));
#6938=CARTESIAN_POINT('',(-33.2765602814973,-0.000199999999997855,40.4378304529829));
#6939=CARTESIAN_POINT('Origin',(-31.5212085995401,-0.00019999999999807,
40.1800648448419));
#6940=CARTESIAN_POINT('',(-31.5212085995401,-0.00019999999999807,38.1223106969234));
#6941=CARTESIAN_POINT('Origin',(-13.0368308132256,-0.000200000000000334,
48.9572789976517));
#6942=CARTESIAN_POINT('',(-17.3987175564978,-0.000199999999999799,46.5131136925085));
#6943=CARTESIAN_POINT('Origin',(-31.5212085995401,-0.00019999999999807,
54.6800648448419));
#6944=CARTESIAN_POINT('Origin',(-21.7606042997701,-0.000199999999999265,
44.0689483873653));
#6945=CARTESIAN_POINT('',(-16.7606042997701,-0.000199999999999877,44.0689483873653));
#6946=CARTESIAN_POINT('Origin',(-43.381746862041,-0.000199999999996617,
65.9209235652637));
#6947=CARTESIAN_POINT('',(-48.381746862041,-0.000199999999996005,65.9209235652637));
#6948=CARTESIAN_POINT('',(-46.9853191476796,-0.000199999999996177,62.4547633291843));
#6949=CARTESIAN_POINT('Origin',(-29.1860089866452,-0.000199999999998356,
2.99999999999999));
#6950=CARTESIAN_POINT('',(-29.1860089866452,-0.000199999999998356,-1.10717231441475E-14));
#6951=CARTESIAN_POINT('',(-29.1860089866452,-0.000199999999998356,-1.11022302462516E-14));
#6952=CARTESIAN_POINT('',(-26.3669311242874,-0.000199999999998701,1.97393957002298));
#6953=CARTESIAN_POINT('Origin',(-29.1860089866452,-0.000199999999998356,
2.99999999999999));
#6954=CARTESIAN_POINT('',(-26.3669311242875,-0.000199999999998701,1.97393957002298));
#6955=CARTESIAN_POINT('Origin',(-26.960901220326,-0.000199999999998628,
0.342020143325643));
#6956=CARTESIAN_POINT('',(-17.9064445048378,-0.000199999999999737,25.2189355145588));
#6957=CARTESIAN_POINT('',(-13.3526750858181,-0.000200000000000295,37.7303141667186));
#6958=CARTESIAN_POINT('',(-17.9064445048378,-0.000199999999999737,25.2189355145588));
#6959=CARTESIAN_POINT('Origin',(-40.6027287000427,-0.000199999999996958,
89.9898058419717));
#6960=CARTESIAN_POINT('',(-30.7747984380264,-0.000199999999998161,-3.53890374708225E-15));
#6961=CARTESIAN_POINT('',(-31.5212085995401,-0.00019999999999807,0.));
#6962=CARTESIAN_POINT('',(-30.8747984380264,-0.000199999999998149,0.373205080756885));
#6963=CARTESIAN_POINT('Origin',(-30.7747984380264,-0.000199999999998161,
0.199999999999997));
#6964=CARTESIAN_POINT('',(-30.2221704938635,-0.000199999999998229,0.749999999999988));
#6965=CARTESIAN_POINT('',(-31.5212085995401,-0.00019999999999807,0.));
#6966=CARTESIAN_POINT('',(-31.2212085995401,-0.000199999999998107,1.3267949192431));
#6967=CARTESIAN_POINT('',(-30.2221704938635,-0.000199999999998229,0.749999999999988));
#6968=CARTESIAN_POINT('',(-31.2212085995401,-0.000199999999998107,1.67320508075688));
#6969=CARTESIAN_POINT('Origin',(-31.1212085995401,-0.000199999999998119,
1.49999999999999));
#6970=CARTESIAN_POINT('',(-30.2221704938635,-0.000199999999998229,2.24999999999999));
#6971=CARTESIAN_POINT('',(-31.5212085995401,-0.00019999999999807,1.5));
#6972=CARTESIAN_POINT('',(-31.2212085995401,-0.000199999999998107,2.82679491924311));
#6973=CARTESIAN_POINT('',(-30.2221704938635,-0.000199999999998229,2.24999999999999));
#6974=CARTESIAN_POINT('',(-31.2212085995401,-0.000199999999998107,3.17320508075688));
#6975=CARTESIAN_POINT('Origin',(-31.1212085995401,-0.000199999999998119,
2.99999999999999));
#6976=CARTESIAN_POINT('',(-30.2221704938635,-0.000199999999998229,3.74999999999999));
#6977=CARTESIAN_POINT('',(-31.5212085995401,-0.00019999999999807,3.));
#6978=CARTESIAN_POINT('',(-31.2212085995401,-0.000199999999998107,4.32679491924311));
#6979=CARTESIAN_POINT('',(-30.2221704938635,-0.000199999999998229,3.74999999999999));
#6980=CARTESIAN_POINT('',(-31.2212085995401,-0.000199999999998107,4.67320508075688));
#6981=CARTESIAN_POINT('Origin',(-31.1212085995401,-0.000199999999998119,
4.49999999999999));
#6982=CARTESIAN_POINT('',(-30.2221704938635,-0.000199999999998229,5.24999999999999));
#6983=CARTESIAN_POINT('',(-31.5212085995401,-0.00019999999999807,4.5));
#6984=CARTESIAN_POINT('',(-31.2212085995401,-0.000199999999998107,5.82679491924311));
#6985=CARTESIAN_POINT('',(-30.2221704938635,-0.000199999999998229,5.24999999999999));
#6986=CARTESIAN_POINT('',(-31.2212085995401,-0.000199999999998107,6.17320508075688));
#6987=CARTESIAN_POINT('Origin',(-31.1212085995401,-0.000199999999998119,
5.99999999999999));
#6988=CARTESIAN_POINT('',(-30.2221704938635,-0.000199999999998229,6.74999999999999));
#6989=CARTESIAN_POINT('',(-31.5212085995401,-0.00019999999999807,6.));
#6990=CARTESIAN_POINT('',(-31.2212085995401,-0.000199999999998107,7.32679491924311));
#6991=CARTESIAN_POINT('',(-30.2221704938635,-0.000199999999998229,6.74999999999999));
#6992=CARTESIAN_POINT('',(-31.2212085995401,-0.000199999999998107,7.67320508075688));
#6993=CARTESIAN_POINT('Origin',(-31.1212085995401,-0.000199999999998119,
7.49999999999999));
#6994=CARTESIAN_POINT('',(-30.2221704938635,-0.000199999999998229,8.24999999999999));
#6995=CARTESIAN_POINT('',(-31.5212085995401,-0.00019999999999807,7.5));
#6996=CARTESIAN_POINT('',(-31.2212085995401,-0.000199999999998107,8.82679491924311));
#6997=CARTESIAN_POINT('',(-30.2221704938635,-0.000199999999998229,8.24999999999999));
#6998=CARTESIAN_POINT('',(-31.2212085995401,-0.000199999999998107,9.17320508075688));
#6999=CARTESIAN_POINT('Origin',(-31.1212085995401,-0.000199999999998119,
8.99999999999999));
#7000=CARTESIAN_POINT('',(-30.2221704938635,-0.000199999999998229,9.74999999999999));
#7001=CARTESIAN_POINT('',(-31.5212085995401,-0.00019999999999807,9.));
#7002=CARTESIAN_POINT('',(-31.2212085995401,-0.000199999999998107,10.3267949192431));
#7003=CARTESIAN_POINT('',(-30.2221704938635,-0.000199999999998229,9.74999999999999));
#7004=CARTESIAN_POINT('',(-31.2212085995401,-0.000199999999998107,10.6732050807569));
#7005=CARTESIAN_POINT('Origin',(-31.1212085995401,-0.000199999999998119,
10.5));
#7006=CARTESIAN_POINT('',(-30.2221704938635,-0.000199999999998229,11.25));
#7007=CARTESIAN_POINT('',(-31.5212085995401,-0.00019999999999807,10.5));
#7008=CARTESIAN_POINT('',(-31.2212085995401,-0.000199999999998107,11.8267949192431));
#7009=CARTESIAN_POINT('',(-30.2221704938635,-0.000199999999998229,11.25));
#7010=CARTESIAN_POINT('',(-31.2212085995401,-0.000199999999998107,12.1732050807569));
#7011=CARTESIAN_POINT('Origin',(-31.1212085995401,-0.000199999999998119,
12.));
#7012=CARTESIAN_POINT('',(-30.2221704938635,-0.000199999999998229,12.75));
#7013=CARTESIAN_POINT('',(-31.5212085995401,-0.00019999999999807,12.));
#7014=CARTESIAN_POINT('',(-31.2212085995401,-0.000199999999998107,13.3267949192431));
#7015=CARTESIAN_POINT('',(-30.2221704938635,-0.000199999999998229,12.75));
#7016=CARTESIAN_POINT('',(-31.2212085995401,-0.000199999999998107,13.6732050807569));
#7017=CARTESIAN_POINT('Origin',(-31.1212085995401,-0.000199999999998119,
13.5));
#7018=CARTESIAN_POINT('',(-30.2221704938635,-0.000199999999998229,14.25));
#7019=CARTESIAN_POINT('',(-31.5212085995401,-0.00019999999999807,13.5));
#7020=CARTESIAN_POINT('',(-31.2212085995401,-0.000199999999998107,14.8267949192431));
#7021=CARTESIAN_POINT('',(-30.2221704938635,-0.000199999999998229,14.25));
#7022=CARTESIAN_POINT('',(-31.2212085995401,-0.000199999999998107,15.1732050807569));
#7023=CARTESIAN_POINT('Origin',(-31.1212085995401,-0.000199999999998119,
15.));
#7024=CARTESIAN_POINT('',(-30.2221704938635,-0.000199999999998229,15.75));
#7025=CARTESIAN_POINT('',(-31.5212085995401,-0.00019999999999807,15.));
#7026=CARTESIAN_POINT('',(-31.3210874727362,-0.000199999999998094,16.3844600135692));
#7027=CARTESIAN_POINT('',(-30.2221704938635,-0.000199999999998229,15.75));
#7028=CARTESIAN_POINT('',(-31.3790375061833,-0.000199999999998087,16.6803508185733));
#7029=CARTESIAN_POINT('Origin',(-31.2210874727362,-0.000199999999998107,
16.5576650943261));
#7030=CARTESIAN_POINT('',(-30.6863261214361,-0.000199999999998172,35.3561227009992));
#7031=CARTESIAN_POINT('Origin',(-44.0212085995401,-0.000199999999996539,
26.5));
#7032=CARTESIAN_POINT('',(-31.5197559867114,-0.000199999999998229,38.0017950622383));
#7033=CARTESIAN_POINT('Origin',(-26.5212085995401,-0.000199999999998682,
38.1223106969234));
#7034=CARTESIAN_POINT('',(-29.7592470697769,-0.000199999999998087,40.0356805434233));
#7035=CARTESIAN_POINT('Origin',(-29.5203370318429,-0.0002000000000002,38.0500013161123));
#7036=CARTESIAN_POINT('',(-20.2842585445187,-0.000199999999999223,45.1253040701833));
#7037=CARTESIAN_POINT('Origin',(-31.5212085995401,-0.00019999999999798,
54.6800648448419));
#7038=CARTESIAN_POINT('',(-16.7606042997701,-0.000199999999999878,43.8297432871787));
#7039=CARTESIAN_POINT('Origin',(-18.7606042997701,-0.000199999999996869,
43.8297432871787));
#7040=CARTESIAN_POINT('',(-16.7606042997701,-0.000199999999999878,31.7173182377465));
#7041=CARTESIAN_POINT('',(-16.7606042997701,-0.000199999999999878,59.0902922327745));
#7042=CARTESIAN_POINT('Origin',(-35.7606042997701,-0.000199999999997551,
31.7173182377465));
#7043=CARTESIAN_POINT('Origin',(-18.7606042997701,-6.0002,43.8297432871787));
#7044=CARTESIAN_POINT('',(-16.7606042997701,-6.0002,43.8297432871787));
#7045=CARTESIAN_POINT('',(-20.2842585445187,-6.0002,45.1253040701833));
#7046=CARTESIAN_POINT('Origin',(-16.7606042997701,-0.000199999999999877,
28.1907786235772));
#7047=CARTESIAN_POINT('',(-16.7606042997701,-0.000199999999999877,31.7173182377465));
#7048=CARTESIAN_POINT('Origin',(-31.5212085995401,-0.00019999999999807,
0.));
#7049=CARTESIAN_POINT('',(-30.7747984380264,-0.000199999999998161,-3.53883589099269E-15));
#7050=CARTESIAN_POINT('Origin',(-31.5212085995401,-6.0002,54.6800648448419));
#7051=CARTESIAN_POINT('',(-29.7592470697769,-6.0002,40.0356805434233));
#7052=CARTESIAN_POINT('Origin',(-29.5203370318429,-6.0002,38.0500013161123));
#7053=CARTESIAN_POINT('',(-31.5197559867114,-6.0002,38.0017950622383));
#7054=CARTESIAN_POINT('Origin',(-45.5438902334241,-0.000199999999996353,
63.8412274236161));
#7055=CARTESIAN_POINT('',(-43.8695401875872,-0.000199999999997578,62.7473572649565));
#7056=CARTESIAN_POINT('Origin',(-31.5212085995401,-6.0002,54.6800648448419));
#7057=CARTESIAN_POINT('Origin',(-31.521,-5.5002,54.6800648448419));
#7058=CARTESIAN_POINT('',(-31.521,-4.85511936613219,48.9300648448419));
#7059=CARTESIAN_POINT('Origin',(-31.521,-4.85511936613219,54.6800648448419));
#7060=CARTESIAN_POINT('',(-31.521,-5.5002,48.9300648448419));
#7061=CARTESIAN_POINT('Origin',(-31.521,-2.78313921446888,54.6800648448419));
#7062=CARTESIAN_POINT('',(-31.521,-0.855119366132192,41.9300648448419));
#7063=CARTESIAN_POINT('Origin',(-31.521,-0.855119366132192,54.6800648448419));
#7064=CARTESIAN_POINT('',(-31.521,-2.78313921446888,45.3040995794311));
#7065=CARTESIAN_POINT('Origin',(-31.521,-0.500199999999998,54.6800648448419));
#7066=CARTESIAN_POINT('',(-31.521,-0.00019999999999798,41.9300648448419));
#7067=CARTESIAN_POINT('Origin',(-31.521,-0.00019999999999798,54.6800648448419));
#7068=CARTESIAN_POINT('',(-31.521,-0.500199999999998,41.9300648448419));
#7069=CARTESIAN_POINT('Origin',(-31.521,-0.00019999999999798,54.6800648448419));
#7070=CARTESIAN_POINT('Origin',(-48.381746862041,-0.000199999999996005,
68.318088312505));
#7071=CARTESIAN_POINT('Ctrl Pts',(-48.381746862041,-0.000199999999996314,
66.7855489919928));
#7072=CARTESIAN_POINT('Ctrl Pts',(-48.381746862041,-4.0002,66.7855489919928));
#7073=CARTESIAN_POINT('Ctrl Pts',(-48.381746862041,-8.0002,66.7855489919927));
#7074=CARTESIAN_POINT('Ctrl Pts',(-48.381746862041,-12.0002,66.7855489919927));
#7075=CARTESIAN_POINT('Ctrl Pts',(-48.381746862041,-0.000199999999996314,
66.7855489919928));
#7076=CARTESIAN_POINT('Ctrl Pts',(-48.381746862041,-4.0002,66.7855489919928));
#7077=CARTESIAN_POINT('Ctrl Pts',(-48.381746862041,-8.0002,66.7855489919927));
#7078=CARTESIAN_POINT('Ctrl Pts',(-48.381746862041,-12.0002,66.7855489919927));
#7079=CARTESIAN_POINT('Ctrl Pts',(-48.381746862041,-0.000199999999996314,
67.7162976495));
#7080=CARTESIAN_POINT('Ctrl Pts',(-48.381746862041,-4.0002,67.7162976495));
#7081=CARTESIAN_POINT('Ctrl Pts',(-48.381746862041,-8.0002,67.7162976494999));
#7082=CARTESIAN_POINT('Ctrl Pts',(-48.381746862041,-12.0002,67.7162976494999));
#7083=CARTESIAN_POINT('Ctrl Pts',(-48.3166695539115,-0.000199999999996323,
68.6470404189399));
#7084=CARTESIAN_POINT('Ctrl Pts',(-48.3166695539115,-4.0002,68.6470404189399));
#7085=CARTESIAN_POINT('Ctrl Pts',(-48.3166695539115,-8.0002,68.6470404189399));
#7086=CARTESIAN_POINT('Ctrl Pts',(-48.3166695539115,-12.0002,68.6470404189399));
#7087=CARTESIAN_POINT('Ctrl Pts',(-48.1871473189951,-0.000199999999996341,
69.568732913275));
#7088=CARTESIAN_POINT('Ctrl Pts',(-48.1871473189951,-4.0002,69.568732913275));
#7089=CARTESIAN_POINT('Ctrl Pts',(-48.1871473189951,-8.0002,69.5687329132749));
#7090=CARTESIAN_POINT('Ctrl Pts',(-48.1871473189951,-12.0002,69.5687329132749));
#7091=CARTESIAN_POINT('Ctrl Pts',(-33.3243835617692,-0.000199999999995759,
76.8233206869994));
#7092=CARTESIAN_POINT('Ctrl Pts',(-33.3243835617692,-4.0002,76.8233206869994));
#7093=CARTESIAN_POINT('Ctrl Pts',(-33.3243835617692,-8.0002,76.8233206869995));
#7094=CARTESIAN_POINT('Ctrl Pts',(-33.3243835617692,-12.0002,76.8233206869995));
#7095=CARTESIAN_POINT('Ctrl Pts',(-33.1228207805463,-0.000199999999995784,
75.7236945604435));
#7096=CARTESIAN_POINT('Ctrl Pts',(-33.1228207805463,-4.0002,75.7236945604435));
#7097=CARTESIAN_POINT('Ctrl Pts',(-33.1228207805463,-8.0002,75.7236945604435));
#7098=CARTESIAN_POINT('Ctrl Pts',(-33.1228207805463,-12.0002,75.7236945604435));
#7099=CARTESIAN_POINT('Ctrl Pts',(-33.0212085995401,-0.000199999999995799,
74.6057677986825));
#7100=CARTESIAN_POINT('Ctrl Pts',(-33.0212085995401,-4.0002,74.6057677986825));
#7101=CARTESIAN_POINT('Ctrl Pts',(-33.0212085995401,-8.0002,74.6057677986824));
#7102=CARTESIAN_POINT('Ctrl Pts',(-33.0212085995401,-12.0002,74.6057677986824));
#7103=CARTESIAN_POINT('Ctrl Pts',(-33.0212085995401,-0.000199999999995805,
73.4878209426205));
#7104=CARTESIAN_POINT('Ctrl Pts',(-33.0212085995401,-4.0002,73.4878209426205));
#7105=CARTESIAN_POINT('Ctrl Pts',(-33.0212085995401,-8.0002,73.4878209426205));
#7106=CARTESIAN_POINT('Ctrl Pts',(-33.0212085995401,-12.0002,73.4878209426205));
#7107=CARTESIAN_POINT('',(-33.3243835617692,-0.000199999999997849,76.8233206869994));
#7108=CARTESIAN_POINT('Ctrl Pts',(-33.3243835617692,-0.000199999999997849,
76.8233206869994));
#7109=CARTESIAN_POINT('Ctrl Pts',(-33.3243835617692,-12.0002,76.8233206869994));
#7110=CARTESIAN_POINT('Ctrl Pts',(-34.1690239452355,-0.000199999999997746,
81.4312578645312));
#7111=CARTESIAN_POINT('Ctrl Pts',(-34.1690239452355,-12.0002,81.4312578645312));
#7112=CARTESIAN_POINT('Ctrl Pts',(-35.5890927801072,-0.000199999999997572,
86.9797102827014));
#7113=CARTESIAN_POINT('Ctrl Pts',(-35.5890927801072,-12.0002,86.9797102827014));
#7114=CARTESIAN_POINT('Ctrl Pts',(-37.5141412752715,-0.000199999999997336,
93.422259944263));
#7115=CARTESIAN_POINT('Ctrl Pts',(-37.5141412752715,-12.0002,93.422259944263));
#7116=CARTESIAN_POINT('Ctrl Pts',(-39.2022659409809,-0.000199999999997129,
99.0718978734166));
#7117=CARTESIAN_POINT('Ctrl Pts',(-39.2022659409809,-12.0002,99.0718978734166));
#7118=CARTESIAN_POINT('Ctrl Pts',(-41.2947349899515,-0.000199999999996873,
105.426894013786));
#7119=CARTESIAN_POINT('Ctrl Pts',(-41.2947349899515,-12.0002,105.426894013786));
#7120=CARTESIAN_POINT('Ctrl Pts',(-43.4013341751531,-0.000199999999996615,
112.184084315119));
#7121=CARTESIAN_POINT('Ctrl Pts',(-43.4013341751531,-12.0002,112.184084315119));
#7122=CARTESIAN_POINT('Ctrl Pts',(-45.84878297156,-0.000199999999996315,
120.034593983149));
#7123=CARTESIAN_POINT('Ctrl Pts',(-45.84878297156,-12.0002,120.034593983149));
#7124=CARTESIAN_POINT('Ctrl Pts',(-48.2430248860869,-0.000199999999996022,
128.401785492406));
#7125=CARTESIAN_POINT('Ctrl Pts',(-48.2430248860869,-12.0002,128.401785492406));
#7126=CARTESIAN_POINT('Ctrl Pts',(-49.6946063836293,-0.000199999999995844,
136.330384003253));
#7127=CARTESIAN_POINT('Ctrl Pts',(-49.6946063836293,-12.0002,136.330384003253));
#7128=CARTESIAN_POINT('Ctrl Pts',(-50.7134898509071,-0.000199999999995719,
141.895567876884));
#7129=CARTESIAN_POINT('Ctrl Pts',(-50.7134898509071,-12.0002,141.895567876884));
#7130=CARTESIAN_POINT('Ctrl Pts',(-51.2545444746813,-0.000199999999995653,
147.234798138542));
#7131=CARTESIAN_POINT('Ctrl Pts',(-51.2545444746813,-12.0002,147.234798138542));
#7132=CARTESIAN_POINT('Ctrl Pts',(-51.3562900151184,-0.000199999999995641,
152.044571875511));
#7133=CARTESIAN_POINT('Ctrl Pts',(-51.3562900151184,-12.0002,152.044571875511));
#7134=CARTESIAN_POINT('Ctrl Pts',(-51.4857607453903,-0.000199999999995625,
158.1649867408));
#7135=CARTESIAN_POINT('Ctrl Pts',(-51.4857607453903,-12.0002,158.1649867408));
#7136=CARTESIAN_POINT('Ctrl Pts',(-50.9087686815493,-0.000199999999995696,
163.412081362352));
#7137=CARTESIAN_POINT('Ctrl Pts',(-50.9087686815493,-12.0002,163.412081362352));
#7138=CARTESIAN_POINT('Ctrl Pts',(-50.836377510861,-0.000199999999995704,
167.451416203267));
#7139=CARTESIAN_POINT('Ctrl Pts',(-50.836377510861,-12.0002,167.451416203267));
#7140=CARTESIAN_POINT('Ctrl Pts',(-50.7876236896654,-0.00019999999999571,
170.171817140439));
#7141=CARTESIAN_POINT('Ctrl Pts',(-50.7876236896654,-12.0002,170.171817140439));
#7142=CARTESIAN_POINT('Ctrl Pts',(-51.0070785813248,-0.000199999999995683,
172.325753744328));
#7143=CARTESIAN_POINT('Ctrl Pts',(-51.0070785813248,-12.0002,172.325753744328));
#7144=CARTESIAN_POINT('Ctrl Pts',(-51.6642911544216,-0.000199999999995603,
173.957831720129));
#7145=CARTESIAN_POINT('Ctrl Pts',(-51.6642911544216,-12.0002,173.957831720129));
#7146=CARTESIAN_POINT('Ctrl Pts',(-52.2963753421637,-0.000199999999995526,
175.52750753568));
#7147=CARTESIAN_POINT('Ctrl Pts',(-52.2963753421637,-12.0002,175.52750753568));
#7148=CARTESIAN_POINT('Ctrl Pts',(-53.2914186357334,-0.000199999999995404,
176.682265916527));
#7149=CARTESIAN_POINT('Ctrl Pts',(-53.2914186357334,-12.0002,176.682265916527));
#7150=CARTESIAN_POINT('Ctrl Pts',(-54.8801705573086,-0.000199999999995209,
177.608414892989));
#7151=CARTESIAN_POINT('Ctrl Pts',(-54.8801705573086,-12.0002,177.608414892989));
#7152=CARTESIAN_POINT('Ctrl Pts',(-55.4975942121101,-0.000199999999995134,
177.968336588863));
#7153=CARTESIAN_POINT('Ctrl Pts',(-55.4975942121101,-12.0002,177.968336588863));
#7154=CARTESIAN_POINT('Ctrl Pts',(-56.2050100466707,-0.000199999999995047,
178.287194727753));
#7155=CARTESIAN_POINT('Ctrl Pts',(-56.2050100466707,-12.0002,178.287194727753));
#7156=CARTESIAN_POINT('Ctrl Pts',(-57.0067699718945,-0.000199999999994949,
178.559053880026));
#7157=CARTESIAN_POINT('Ctrl Pts',(-57.0067699718945,-12.0002,178.559053880026));
#7158=CARTESIAN_POINT('Ctrl Pts',(-60.6851548252109,-0.000199999999994498,
179.806313260916));
#7159=CARTESIAN_POINT('Ctrl Pts',(-60.6851548252109,-12.0002,179.806313260916));
#7160=CARTESIAN_POINT('Ctrl Pts',(-64.3635396785274,-0.000199999999994048,
181.053572641805));
#7161=CARTESIAN_POINT('Ctrl Pts',(-64.3635396785274,-12.0002,181.053572641805));
#7162=CARTESIAN_POINT('Ctrl Pts',(-68.0419245318438,-0.000199999999993597,
182.300832022694));
#7163=CARTESIAN_POINT('Ctrl Pts',(-68.0419245318438,-12.0002,182.300832022694));
#7164=CARTESIAN_POINT('Origin',(-35.7606042997701,-0.000199999999997551,
31.7173182377465));
#7165=CARTESIAN_POINT('Origin',(-26.5212085995401,-0.000199999999998682,
38.1223106969234));
#7166=CARTESIAN_POINT('',(-30.6863261214361,-0.000199999999998172,35.3561227009992));
#7167=CARTESIAN_POINT('Origin',(-44.0212085995401,-0.000199999999996539,
26.5));
#7168=CARTESIAN_POINT('',(-31.3790375061833,-0.000199999999998087,16.6803508185733));
#7169=CARTESIAN_POINT('Origin',(-30.7747984380264,-0.000199999999998161,
0.199999999999997));
#7170=CARTESIAN_POINT('',(-30.8747984380264,-0.000199999999998149,0.373205080756885));
#7171=CARTESIAN_POINT('Origin',(-31.1212085995401,-0.000199999999998119,
1.49999999999999));
#7172=CARTESIAN_POINT('',(-31.2212085995401,-0.000199999999998107,1.67320508075688));
#7173=CARTESIAN_POINT('',(-31.2212085995401,-0.000199999999998107,1.3267949192431));
#7174=CARTESIAN_POINT('Origin',(-31.5212085995401,-0.00019999999999807,
1.49999999999999));
#7175=CARTESIAN_POINT('',(-30.2221704938635,-0.000199999999998229,0.749999999999988));
#7176=CARTESIAN_POINT('Origin',(-31.1212085995401,-0.000199999999998119,
2.99999999999999));
#7177=CARTESIAN_POINT('',(-31.2212085995401,-0.000199999999998107,3.17320508075688));
#7178=CARTESIAN_POINT('',(-31.2212085995401,-0.000199999999998107,2.82679491924311));
#7179=CARTESIAN_POINT('Origin',(-31.5212085995401,-0.00019999999999807,
2.99999999999999));
#7180=CARTESIAN_POINT('',(-30.2221704938635,-0.000199999999998229,2.24999999999999));
#7181=CARTESIAN_POINT('Origin',(-31.1212085995401,-0.000199999999998119,
4.49999999999999));
#7182=CARTESIAN_POINT('',(-31.2212085995401,-0.000199999999998107,4.67320508075688));
#7183=CARTESIAN_POINT('',(-31.2212085995401,-0.000199999999998107,4.32679491924311));
#7184=CARTESIAN_POINT('Origin',(-31.5212085995401,-0.00019999999999807,
4.49999999999999));
#7185=CARTESIAN_POINT('',(-30.2221704938635,-0.000199999999998229,3.74999999999999));
#7186=CARTESIAN_POINT('Origin',(-31.1212085995401,-0.000199999999998119,
5.99999999999999));
#7187=CARTESIAN_POINT('',(-31.2212085995401,-0.000199999999998107,6.17320508075688));
#7188=CARTESIAN_POINT('',(-31.2212085995401,-0.000199999999998107,5.82679491924311));
#7189=CARTESIAN_POINT('Origin',(-31.5212085995401,-0.00019999999999807,
5.99999999999999));
#7190=CARTESIAN_POINT('',(-30.2221704938635,-0.000199999999998229,5.24999999999999));
#7191=CARTESIAN_POINT('Origin',(-31.1212085995401,-0.000199999999998119,
7.49999999999999));
#7192=CARTESIAN_POINT('',(-31.2212085995401,-0.000199999999998107,7.67320508075688));
#7193=CARTESIAN_POINT('',(-31.2212085995401,-0.000199999999998107,7.32679491924311));
#7194=CARTESIAN_POINT('Origin',(-31.5212085995401,-0.00019999999999807,
7.49999999999999));
#7195=CARTESIAN_POINT('',(-30.2221704938635,-0.000199999999998229,6.74999999999999));
#7196=CARTESIAN_POINT('Origin',(-31.1212085995401,-0.000199999999998119,
8.99999999999999));
#7197=CARTESIAN_POINT('',(-31.2212085995401,-0.000199999999998107,9.17320508075688));
#7198=CARTESIAN_POINT('',(-31.2212085995401,-0.000199999999998107,8.82679491924311));
#7199=CARTESIAN_POINT('Origin',(-31.5212085995401,-0.00019999999999807,
8.99999999999999));
#7200=CARTESIAN_POINT('',(-30.2221704938635,-0.000199999999998229,8.24999999999999));
#7201=CARTESIAN_POINT('Origin',(-31.1212085995401,-0.000199999999998119,
10.5));
#7202=CARTESIAN_POINT('',(-31.2212085995401,-0.000199999999998107,10.6732050807569));
#7203=CARTESIAN_POINT('',(-31.2212085995401,-0.000199999999998107,10.3267949192431));
#7204=CARTESIAN_POINT('Origin',(-31.5212085995401,-0.00019999999999807,
10.5));
#7205=CARTESIAN_POINT('',(-30.2221704938635,-0.000199999999998229,9.74999999999999));
#7206=CARTESIAN_POINT('Origin',(-31.1212085995401,-0.000199999999998119,
12.));
#7207=CARTESIAN_POINT('',(-31.2212085995401,-0.000199999999998107,12.1732050807569));
#7208=CARTESIAN_POINT('',(-31.2212085995401,-0.000199999999998107,11.8267949192431));
#7209=CARTESIAN_POINT('Origin',(-31.5212085995401,-0.00019999999999807,
12.));
#7210=CARTESIAN_POINT('',(-30.2221704938635,-0.000199999999998229,11.25));
#7211=CARTESIAN_POINT('Origin',(-31.1212085995401,-0.000199999999998119,
13.5));
#7212=CARTESIAN_POINT('',(-31.2212085995401,-0.000199999999998107,13.6732050807569));
#7213=CARTESIAN_POINT('',(-31.2212085995401,-0.000199999999998107,13.3267949192431));
#7214=CARTESIAN_POINT('Origin',(-31.5212085995401,-0.00019999999999807,
13.5));
#7215=CARTESIAN_POINT('',(-30.2221704938635,-0.000199999999998229,12.75));
#7216=CARTESIAN_POINT('Origin',(-31.1212085995401,-0.000199999999998119,
15.));
#7217=CARTESIAN_POINT('',(-31.2212085995401,-0.000199999999998107,15.1732050807569));
#7218=CARTESIAN_POINT('',(-31.2212085995401,-0.000199999999998107,14.8267949192431));
#7219=CARTESIAN_POINT('Origin',(-31.5212085995401,-0.00019999999999807,
15.));
#7220=CARTESIAN_POINT('',(-30.2221704938635,-0.000199999999998229,14.25));
#7221=CARTESIAN_POINT('Origin',(-31.2210874727362,-0.000199999999998107,
16.5576650943261));
#7222=CARTESIAN_POINT('',(-31.3210874727362,-0.000199999999998094,16.3844600135692));
#7223=CARTESIAN_POINT('Origin',(-31.5212085995401,-0.00019999999999807,
16.5));
#7224=CARTESIAN_POINT('',(-30.2221704938635,-0.000199999999998229,15.75));
#7225=CARTESIAN_POINT('Origin',(-30.2221704938635,-0.000199999999998229,
0.749999999999988));
#7226=CARTESIAN_POINT('Origin',(-30.2221704938635,-0.000199999999998229,
2.24999999999999));
#7227=CARTESIAN_POINT('Origin',(-30.2221704938635,-0.000199999999998229,
3.74999999999999));
#7228=CARTESIAN_POINT('Origin',(-30.2221704938635,-0.000199999999998229,
5.24999999999999));
#7229=CARTESIAN_POINT('Origin',(-30.2221704938635,-0.000199999999998229,
6.74999999999999));
#7230=CARTESIAN_POINT('Origin',(-30.2221704938635,-0.000199999999998229,
8.24999999999999));
#7231=CARTESIAN_POINT('Origin',(-30.2221704938635,-0.000199999999998229,
9.74999999999999));
#7232=CARTESIAN_POINT('Origin',(-30.2221704938635,-0.000199999999998229,
11.25));
#7233=CARTESIAN_POINT('Origin',(-30.2221704938635,-0.000199999999998229,
12.75));
#7234=CARTESIAN_POINT('Origin',(-30.2221704938635,-0.000199999999998229,
14.25));
#7235=CARTESIAN_POINT('Origin',(-30.2221704938635,-0.000199999999998229,
15.75));
#7236=CARTESIAN_POINT('',(-0.400000000000004,-0.000199999999996869,-1.77635683940025E-14));
#7237=CARTESIAN_POINT('',(31.121,12.,0.));
#7238=UNCERTAINTY_MEASURE_WITH_UNIT(LENGTH_MEASURE(0.01),#7246,
'DISTANCE_ACCURACY_VALUE',
'Maximum model space distance between geometric entities at asserted c
onnectivities');
#7239=UNCERTAINTY_MEASURE_WITH_UNIT(LENGTH_MEASURE(0.01),#7246,
'DISTANCE_ACCURACY_VALUE',
'Maximum model space distance between geometric entities at asserted c
onnectivities');
#7240=UNCERTAINTY_MEASURE_WITH_UNIT(LENGTH_MEASURE(0.01),#7246,
'DISTANCE_ACCURACY_VALUE',
'Maximum model space distance between geometric entities at asserted c
onnectivities');
#7241=UNCERTAINTY_MEASURE_WITH_UNIT(LENGTH_MEASURE(0.01),#7246,
'DISTANCE_ACCURACY_VALUE',
'Maximum model space distance between geometric entities at asserted c
onnectivities');
#7242=(
GEOMETRIC_REPRESENTATION_CONTEXT(3)
GLOBAL_UNCERTAINTY_ASSIGNED_CONTEXT((#7238))
GLOBAL_UNIT_ASSIGNED_CONTEXT((#7246,#7248,#7249))
REPRESENTATION_CONTEXT('','3D')
);
#7243=(
GEOMETRIC_REPRESENTATION_CONTEXT(3)
GLOBAL_UNCERTAINTY_ASSIGNED_CONTEXT((#7239))
GLOBAL_UNIT_ASSIGNED_CONTEXT((#7246,#7248,#7249))
REPRESENTATION_CONTEXT('','3D')
);
#7244=(
GEOMETRIC_REPRESENTATION_CONTEXT(3)
GLOBAL_UNCERTAINTY_ASSIGNED_CONTEXT((#7240))
GLOBAL_UNIT_ASSIGNED_CONTEXT((#7246,#7248,#7249))
REPRESENTATION_CONTEXT('','3D')
);
#7245=(
GEOMETRIC_REPRESENTATION_CONTEXT(3)
GLOBAL_UNCERTAINTY_ASSIGNED_CONTEXT((#7241))
GLOBAL_UNIT_ASSIGNED_CONTEXT((#7246,#7248,#7249))
REPRESENTATION_CONTEXT('','3D')
);
#7246=(
LENGTH_UNIT()
NAMED_UNIT(*)
SI_UNIT(.MILLI.,.METRE.)
);
#7247=(
LENGTH_UNIT()
NAMED_UNIT(*)
SI_UNIT($,.METRE.)
);
#7248=(
NAMED_UNIT(*)
PLANE_ANGLE_UNIT()
SI_UNIT($,.RADIAN.)
);
#7249=(
NAMED_UNIT(*)
SI_UNIT($,.STERADIAN.)
SOLID_ANGLE_UNIT()
);
#7250=SHAPE_DEFINITION_REPRESENTATION(#7253,#7258);
#7251=SHAPE_DEFINITION_REPRESENTATION(#7254,#7259);
#7252=SHAPE_DEFINITION_REPRESENTATION(#7255,#7260);
#7253=PRODUCT_DEFINITION_SHAPE('',$,#7262);
#7254=PRODUCT_DEFINITION_SHAPE('',$,#7263);
#7255=PRODUCT_DEFINITION_SHAPE('',$,#7264);
#7256=PRODUCT_DEFINITION_SHAPE($,$,#17);
#7257=PRODUCT_DEFINITION_SHAPE($,$,#18);
#7258=SHAPE_REPRESENTATION('',(#3752,#4203,#4204),#7242);
#7259=SHAPE_REPRESENTATION('',(#3753),#7243);
#7260=SHAPE_REPRESENTATION('',(#3980),#7244);
#7261=PRODUCT_DEFINITION_CONTEXT('part definition',#7272,'design');
#7262=PRODUCT_DEFINITION('Pliers Side (Assembly)',
'Pliers Side (Assembly) v20',#7265,#7261);
#7263=PRODUCT_DEFINITION('Pliers Side','Pliers Side v34',#7266,#7261);
#7264=PRODUCT_DEFINITION('Pliers Side_1','Pliers Side v36',#7267,#7261);
#7265=PRODUCT_DEFINITION_FORMATION('',$,#7274);
#7266=PRODUCT_DEFINITION_FORMATION('',$,#7275);
#7267=PRODUCT_DEFINITION_FORMATION('',$,#7276);
#7268=PRODUCT_RELATED_PRODUCT_CATEGORY('Pliers Side (Assembly) v20',
'Pliers Side (Assembly) v20',(#7274));
#7269=PRODUCT_RELATED_PRODUCT_CATEGORY('Pliers Side v34',
'Pliers Side v34',(#7275));
#7270=PRODUCT_RELATED_PRODUCT_CATEGORY('Pliers Side v36',
'Pliers Side v36',(#7276));
#7271=APPLICATION_PROTOCOL_DEFINITION('international standard',
'automotive_design',2009,#7272);
#7272=APPLICATION_CONTEXT(
'Core Data for Automotive Mechanical Design Process');
#7273=PRODUCT_CONTEXT('part definition',#7272,'mechanical');
#7274=PRODUCT('Pliers Side (Assembly)','Pliers Side (Assembly) v20',$,(#7273));
#7275=PRODUCT('Pliers Side','Pliers Side v34',$,(#7273));
#7276=PRODUCT('Pliers Side_1','Pliers Side v36',$,(#7273));
#7277=PRESENTATION_STYLE_ASSIGNMENT((#7279));
#7278=PRESENTATION_STYLE_ASSIGNMENT((#7280));
#7279=SURFACE_STYLE_USAGE(.BOTH.,#7281);
#7280=SURFACE_STYLE_USAGE(.BOTH.,#7282);
#7281=SURFACE_SIDE_STYLE('',(#7283));
#7282=SURFACE_SIDE_STYLE('',(#7284));
#7283=SURFACE_STYLE_FILL_AREA(#7285);
#7284=SURFACE_STYLE_FILL_AREA(#7286);
#7285=FILL_AREA_STYLE('Steel - Satin',(#7287));
#7286=FILL_AREA_STYLE('PLA (White)',(#7288));
#7287=FILL_AREA_STYLE_COLOUR('Steel - Satin',#7289);
#7288=FILL_AREA_STYLE_COLOUR('PLA (White)',#7290);
#7289=COLOUR_RGB('Steel - Satin',0.627450980392157,0.627450980392157,0.627450980392157);
#7290=COLOUR_RGB('PLA (White)',0.964705882352941,0.964705882352941,0.952941176470588);
ENDSEC;
END-ISO-10303-21;
